img_id,img_hash,base_name,img_path,mask_path,raw_img,raw_mask,height,width,label,split
BrCaWisconsin_63c992dacfb94ef784b45a812aaef2e0.png,8274683946477970018,malignant (185),images/63c992dacfb94ef784b45a812aaef2e0.png,masks/BrCaWisconsin_63c992dacfb94ef784b45a812aaef2e0.png,data/raw/BrCaWisconsin/Dataset_BUSI_with_GT/malignant/malignant (185).png,data/raw/BrCaWisconsin/Dataset_BUSI_with_GT/malignant/malignant (185)_mask.png,512,512,malignant,train
BrCaWisconsin_c43af404920e4f408253d1ace2758f90.png,11164622024909018141,malignant (5),images/c43af404920e4f408253d1ace2758f90.png,masks/BrCaWisconsin_c43af404920e4f408253d1ace2758f90.png,data/raw/BrCaWisconsin/Dataset_BUSI_with_GT/malignant/malignant (5).png,data/raw/BrCaWisconsin/Dataset_BUSI_with_GT/malignant/malignant (5)_mask.png,512,512,malignant,test
BrCaWisconsin_b9cdc1c414934d209bfdb2575369aefa.png,13084458355639532163,malignant (206),images/b9cdc1c414934d209bfdb2575369aefa.png,masks/BrCaWisconsin_b9cdc1c414934d209bfdb2575369aefa.png,data/raw/BrCaWisconsin/Dataset_BUSI_with_GT/malignant/malignant (206).png,data/raw/BrCaWisconsin/Dataset_BUSI_with_GT/malignant/malignant (206)_mask.png,512,512,malignant,val
BrCaWisconsin_a13b690d732148099acded03761842d1.png,7247552314863951006,malignant (74),images/a13b690d732148099acded03761842d1.png,masks/BrCaWisconsin_a13b690d732148099acded03761842d1.png,data/raw/BrCaWisconsin/Dataset_BUSI_with_GT/malignant/malignant (74).png,data/raw/BrCaWisconsin/Dataset_BUSI_with_GT/malignant/malignant (74)_mask.png,512,512,malignant,train
BrCaWisconsin_6e56cb01fd8e4be8a3e685d7fc8b6372.png,15539626069707073102,malignant (136),images/6e56cb01fd8e4be8a3e685d7fc8b6372.png,masks/BrCaWisconsin_6e56cb01fd8e4be8a3e685d7fc8b6372.png,data/raw/BrCaWisconsin/Dataset_BUSI_with_GT/malignant/malignant (136).png,data/raw/BrCaWisconsin/Dataset_BUSI_with_GT/malignant/malignant (136)_mask.png,512,512,malignant,test
BrCaWisconsin_e98a2f7bae564bef826aa269b51f1b79.png,17498073507529389607,malignant (178),images/e98a2f7bae564bef826aa269b51f1b79.png,masks/BrCaWisconsin_e98a2f7bae564bef826aa269b51f1b79.png,data/raw/BrCaWisconsin/Dataset_BUSI_with_GT/malignant/malignant (178).png,data/raw/BrCaWisconsin/Dataset_BUSI_with_GT/malignant/malignant (178)_mask.png,512,512,malignant,val
BrCaWisconsin_ab9fdd5335874dbfabdc2f805ca6c5de.png,6043440195441170070,malignant (197),images/ab9fdd5335874dbfabdc2f805ca6c5de.png,masks/BrCaWisconsin_ab9fdd5335874dbfabdc2f805ca6c5de.png,data/raw/BrCaWisconsin/Dataset_BUSI_with_GT/malignant/malignant (197).png,data/raw/BrCaWisconsin/Dataset_BUSI_with_GT/malignant/malignant (197)_mask.png,512,512,malignant,train
BrCaWisconsin_c2adfa8cbf5d4bc1a4a1a4fd6927e143.png,5347139230722877511,malignant (51),images/c2adfa8cbf5d4bc1a4a1a4fd6927e143.png,masks/BrCaWisconsin_c2adfa8cbf5d4bc1a4a1a4fd6927e143.png,data/raw/BrCaWisconsin/Dataset_BUSI_with_GT/malignant/malignant (51).png,data/raw/BrCaWisconsin/Dataset_BUSI_with_GT/malignant/malignant (51)_mask.png,512,512,malignant,train
BrCaWisconsin_42fbd45e5e2c4612a58a4660db1f8c93.png,4967640326004106139,malignant (122),images/42fbd45e5e2c4612a58a4660db1f8c93.png,masks/BrCaWisconsin_42fbd45e5e2c4612a58a4660db1f8c93.png,data/raw/BrCaWisconsin/Dataset_BUSI_with_GT/malignant/malignant (122).png,data/raw/BrCaWisconsin/Dataset_BUSI_with_GT/malignant/malignant (122)_mask.png,512,512,malignant,test
BrCaWisconsin_8fdc4b4e41124e42af3e865e8215dd38.png,15902814213996416012,malignant (47),images/8fdc4b4e41124e42af3e865e8215dd38.png,masks/BrCaWisconsin_8fdc4b4e41124e42af3e865e8215dd38.png,data/raw/BrCaWisconsin/Dataset_BUSI_with_GT/malignant/malignant (47).png,data/raw/BrCaWisconsin/Dataset_BUSI_with_GT/malignant/malignant (47)_mask.png,512,512,malignant,train
BrCaWisconsin_03482282217c4d80bf97847ca64b1325.png,8750106081773175561,malignant (181),images/03482282217c4d80bf97847ca64b1325.png,masks/BrCaWisconsin_03482282217c4d80bf97847ca64b1325.png,data/raw/BrCaWisconsin/Dataset_BUSI_with_GT/malignant/malignant (181).png,data/raw/BrCaWisconsin/Dataset_BUSI_with_GT/malignant/malignant (181)_mask.png,512,512,malignant,train
BrCaWisconsin_787bfbd33fd84424ab417da7610c41d8.png,11229046528440961947,malignant (210),images/787bfbd33fd84424ab417da7610c41d8.png,masks/BrCaWisconsin_787bfbd33fd84424ab417da7610c41d8.png,data/raw/BrCaWisconsin/Dataset_BUSI_with_GT/malignant/malignant (210).png,data/raw/BrCaWisconsin/Dataset_BUSI_with_GT/malignant/malignant (210)_mask.png,512,512,malignant,train
BrCaWisconsin_abe7297e0e5e4ec9881c13cda1d08cc6.png,10681722874136256350,malignant (60),images/abe7297e0e5e4ec9881c13cda1d08cc6.png,masks/BrCaWisconsin_abe7297e0e5e4ec9881c13cda1d08cc6.png,data/raw/BrCaWisconsin/Dataset_BUSI_with_GT/malignant/malignant (60).png,data/raw/BrCaWisconsin/Dataset_BUSI_with_GT/malignant/malignant (60)_mask.png,512,512,malignant,val
BrCaWisconsin_6a4b97af0b134d3cb8fb8983a89d6946.png,15804585980242063955,malignant (139),images/6a4b97af0b134d3cb8fb8983a89d6946.png,masks/BrCaWisconsin_6a4b97af0b134d3cb8fb8983a89d6946.png,data/raw/BrCaWisconsin/Dataset_BUSI_with_GT/malignant/malignant (139).png,data/raw/BrCaWisconsin/Dataset_BUSI_with_GT/malignant/malignant (139)_mask.png,512,512,malignant,train
BrCaWisconsin_49b5e629e334420ab257e3048b6bd971.png,7615284794486319320,malignant (10),images/49b5e629e334420ab257e3048b6bd971.png,masks/BrCaWisconsin_49b5e629e334420ab257e3048b6bd971.png,data/raw/BrCaWisconsin/Dataset_BUSI_with_GT/malignant/malignant (10).png,data/raw/BrCaWisconsin/Dataset_BUSI_with_GT/malignant/malignant (10)_mask.png,512,512,malignant,train
BrCaWisconsin_70904c7acc9e44a3a5b27e7869c3888a.png,14459062020761769197,malignant (191),images/70904c7acc9e44a3a5b27e7869c3888a.png,masks/BrCaWisconsin_70904c7acc9e44a3a5b27e7869c3888a.png,data/raw/BrCaWisconsin/Dataset_BUSI_with_GT/malignant/malignant (191).png,data/raw/BrCaWisconsin/Dataset_BUSI_with_GT/malignant/malignant (191)_mask.png,512,512,malignant,train
BrCaWisconsin_8e862c53067e4de0ae1545cf0a30ff35.png,8839203822364088332,malignant (158),images/8e862c53067e4de0ae1545cf0a30ff35.png,masks/BrCaWisconsin_8e862c53067e4de0ae1545cf0a30ff35.png,data/raw/BrCaWisconsin/Dataset_BUSI_with_GT/malignant/malignant (158).png,data/raw/BrCaWisconsin/Dataset_BUSI_with_GT/malignant/malignant (158)_mask.png,512,512,malignant,train
BrCaWisconsin_6a323d20ad7b49e4943c448e662b446b.png,1678867985233481357,malignant (103),images/6a323d20ad7b49e4943c448e662b446b.png,masks/BrCaWisconsin_6a323d20ad7b49e4943c448e662b446b.png,data/raw/BrCaWisconsin/Dataset_BUSI_with_GT/malignant/malignant (103).png,data/raw/BrCaWisconsin/Dataset_BUSI_with_GT/malignant/malignant (103)_mask.png,512,512,malignant,train
BrCaWisconsin_6c641fb61bb9465e9dc1f8dd8de8d823.png,16598108951596911563,malignant (84),images/6c641fb61bb9465e9dc1f8dd8de8d823.png,masks/BrCaWisconsin_6c641fb61bb9465e9dc1f8dd8de8d823.png,data/raw/BrCaWisconsin/Dataset_BUSI_with_GT/malignant/malignant (84).png,data/raw/BrCaWisconsin/Dataset_BUSI_with_GT/malignant/malignant (84)_mask.png,512,512,malignant,val
BrCaWisconsin_ec67dd0f48b84d258dad2943d20d8fca.png,10561339608125116294,malignant (142),images/ec67dd0f48b84d258dad2943d20d8fca.png,masks/BrCaWisconsin_ec67dd0f48b84d258dad2943d20d8fca.png,data/raw/BrCaWisconsin/Dataset_BUSI_with_GT/malignant/malignant (142).png,data/raw/BrCaWisconsin/Dataset_BUSI_with_GT/malignant/malignant (142)_mask.png,512,512,malignant,train
BrCaWisconsin_e9a097fd4de24af7bf5da192e3e5737c.png,4300046599791850131,malignant (88),images/e9a097fd4de24af7bf5da192e3e5737c.png,masks/BrCaWisconsin_e9a097fd4de24af7bf5da192e3e5737c.png,data/raw/BrCaWisconsin/Dataset_BUSI_with_GT/malignant/malignant (88).png,data/raw/BrCaWisconsin/Dataset_BUSI_with_GT/malignant/malignant (88)_mask.png,512,512,malignant,val
BrCaWisconsin_c4b5085ef26240acb5a6922ad9b1b8ea.png,12310911963049964431,malignant (41),images/c4b5085ef26240acb5a6922ad9b1b8ea.png,masks/BrCaWisconsin_c4b5085ef26240acb5a6922ad9b1b8ea.png,data/raw/BrCaWisconsin/Dataset_BUSI_with_GT/malignant/malignant (41).png,data/raw/BrCaWisconsin/Dataset_BUSI_with_GT/malignant/malignant (41)_mask.png,512,512,malignant,train
BrCaWisconsin_cb23dc4765a24379acf8deccb1569554.png,6238219456156077900,malignant (209),images/cb23dc4765a24379acf8deccb1569554.png,masks/BrCaWisconsin_cb23dc4765a24379acf8deccb1569554.png,data/raw/BrCaWisconsin/Dataset_BUSI_with_GT/malignant/malignant (209).png,data/raw/BrCaWisconsin/Dataset_BUSI_with_GT/malignant/malignant (209)_mask.png,512,512,malignant,train
BrCaWisconsin_707ff09852a64faea729f04656354a4f.png,8261482614751975763,malignant (115),images/707ff09852a64faea729f04656354a4f.png,masks/BrCaWisconsin_707ff09852a64faea729f04656354a4f.png,data/raw/BrCaWisconsin/Dataset_BUSI_with_GT/malignant/malignant (115).png,data/raw/BrCaWisconsin/Dataset_BUSI_with_GT/malignant/malignant (115)_mask.png,512,512,malignant,train
BrCaWisconsin_6d79abe39a41498d84c1e8bcf5c2b3fe.png,11084422828874697743,malignant (179),images/6d79abe39a41498d84c1e8bcf5c2b3fe.png,masks/BrCaWisconsin_6d79abe39a41498d84c1e8bcf5c2b3fe.png,data/raw/BrCaWisconsin/Dataset_BUSI_with_GT/malignant/malignant (179).png,data/raw/BrCaWisconsin/Dataset_BUSI_with_GT/malignant/malignant (179)_mask.png,512,512,malignant,train
BrCaWisconsin_b6b7692303424a7fbbc63ed9f9d1e1d7.png,14799789523364145020,malignant (55),images/b6b7692303424a7fbbc63ed9f9d1e1d7.png,masks/BrCaWisconsin_b6b7692303424a7fbbc63ed9f9d1e1d7.png,data/raw/BrCaWisconsin/Dataset_BUSI_with_GT/malignant/malignant (55).png,data/raw/BrCaWisconsin/Dataset_BUSI_with_GT/malignant/malignant (55)_mask.png,512,512,malignant,train
BrCaWisconsin_31d8dda17e634eb0871203e7c3878eff.png,9918116406506769484,malignant (117),images/31d8dda17e634eb0871203e7c3878eff.png,masks/BrCaWisconsin_31d8dda17e634eb0871203e7c3878eff.png,data/raw/BrCaWisconsin/Dataset_BUSI_with_GT/malignant/malignant (117).png,data/raw/BrCaWisconsin/Dataset_BUSI_with_GT/malignant/malignant (117)_mask.png,512,512,malignant,train
BrCaWisconsin_a096b0b8074e451b959b71168e85fc70.png,10651768047987740298,malignant (6),images/a096b0b8074e451b959b71168e85fc70.png,masks/BrCaWisconsin_a096b0b8074e451b959b71168e85fc70.png,data/raw/BrCaWisconsin/Dataset_BUSI_with_GT/malignant/malignant (6).png,data/raw/BrCaWisconsin/Dataset_BUSI_with_GT/malignant/malignant (6)_mask.png,512,512,malignant,val
BrCaWisconsin_75cbff3e804c42e08f2552a357ac9ba9.png,12368650786426165701,malignant (154),images/75cbff3e804c42e08f2552a357ac9ba9.png,masks/BrCaWisconsin_75cbff3e804c42e08f2552a357ac9ba9.png,data/raw/BrCaWisconsin/Dataset_BUSI_with_GT/malignant/malignant (154).png,data/raw/BrCaWisconsin/Dataset_BUSI_with_GT/malignant/malignant (154)_mask.png,512,512,malignant,train
BrCaWisconsin_aa9d11a106db43968010befa20cd3dc2.png,7158974415588582742,malignant (92),images/aa9d11a106db43968010befa20cd3dc2.png,masks/BrCaWisconsin_aa9d11a106db43968010befa20cd3dc2.png,data/raw/BrCaWisconsin/Dataset_BUSI_with_GT/malignant/malignant (92).png,data/raw/BrCaWisconsin/Dataset_BUSI_with_GT/malignant/malignant (92)_mask.png,512,512,malignant,train
BrCaWisconsin_a72d6c4200164a27b95ed02362dab17d.png,15012903902816166822,malignant (123),images/a72d6c4200164a27b95ed02362dab17d.png,masks/BrCaWisconsin_a72d6c4200164a27b95ed02362dab17d.png,data/raw/BrCaWisconsin/Dataset_BUSI_with_GT/malignant/malignant (123).png,data/raw/BrCaWisconsin/Dataset_BUSI_with_GT/malignant/malignant (123)_mask.png,512,512,malignant,train
BrCaWisconsin_ab75f5f95bb343f4b78d048d05b6d3a4.png,6006980792108859151,malignant (79),images/ab75f5f95bb343f4b78d048d05b6d3a4.png,masks/BrCaWisconsin_ab75f5f95bb343f4b78d048d05b6d3a4.png,data/raw/BrCaWisconsin/Dataset_BUSI_with_GT/malignant/malignant (79).png,data/raw/BrCaWisconsin/Dataset_BUSI_with_GT/malignant/malignant (79)_mask.png,512,512,malignant,train
BrCaWisconsin_f82e8df8fa1b4f0884d5e8f6e47974c1.png,11228149601361611309,malignant (8),images/f82e8df8fa1b4f0884d5e8f6e47974c1.png,masks/BrCaWisconsin_f82e8df8fa1b4f0884d5e8f6e47974c1.png,data/raw/BrCaWisconsin/Dataset_BUSI_with_GT/malignant/malignant (8).png,data/raw/BrCaWisconsin/Dataset_BUSI_with_GT/malignant/malignant (8)_mask.png,512,512,malignant,test
BrCaWisconsin_48eaaf9974344f1981b7da66dea3560e.png,7108319144056312089,malignant (141),images/48eaaf9974344f1981b7da66dea3560e.png,masks/BrCaWisconsin_48eaaf9974344f1981b7da66dea3560e.png,data/raw/BrCaWisconsin/Dataset_BUSI_with_GT/malignant/malignant (141).png,data/raw/BrCaWisconsin/Dataset_BUSI_with_GT/malignant/malignant (141)_mask.png,512,512,malignant,val
BrCaWisconsin_e63b7f57b5944979b491b0163eb3633f.png,16927228205391599302,malignant (188),images/e63b7f57b5944979b491b0163eb3633f.png,masks/BrCaWisconsin_e63b7f57b5944979b491b0163eb3633f.png,data/raw/BrCaWisconsin/Dataset_BUSI_with_GT/malignant/malignant (188).png,data/raw/BrCaWisconsin/Dataset_BUSI_with_GT/malignant/malignant (188)_mask.png,512,512,malignant,val
BrCaWisconsin_1e16de16b115489db89d42069d80e07c.png,5881109528391902759,malignant (174),images/1e16de16b115489db89d42069d80e07c.png,masks/BrCaWisconsin_1e16de16b115489db89d42069d80e07c.png,data/raw/BrCaWisconsin/Dataset_BUSI_with_GT/malignant/malignant (174).png,data/raw/BrCaWisconsin/Dataset_BUSI_with_GT/malignant/malignant (174)_mask.png,512,512,malignant,train
BrCaWisconsin_9299b9d624ab4bb6b24c61c9ac92cca9.png,3723585847631032979,malignant (17),images/9299b9d624ab4bb6b24c61c9ac92cca9.png,masks/BrCaWisconsin_9299b9d624ab4bb6b24c61c9ac92cca9.png,data/raw/BrCaWisconsin/Dataset_BUSI_with_GT/malignant/malignant (17).png,data/raw/BrCaWisconsin/Dataset_BUSI_with_GT/malignant/malignant (17)_mask.png,512,512,malignant,test
BrCaWisconsin_8f69599a82e64d3592dfb98d379be4dd.png,10510059242096194296,malignant (162),images/8f69599a82e64d3592dfb98d379be4dd.png,masks/BrCaWisconsin_8f69599a82e64d3592dfb98d379be4dd.png,data/raw/BrCaWisconsin/Dataset_BUSI_with_GT/malignant/malignant (162).png,data/raw/BrCaWisconsin/Dataset_BUSI_with_GT/malignant/malignant (162)_mask.png,512,512,malignant,train
BrCaWisconsin_45956efb13f540d98f96087f84d46f63.png,10477296442827682097,malignant (135),images/45956efb13f540d98f96087f84d46f63.png,masks/BrCaWisconsin_45956efb13f540d98f96087f84d46f63.png,data/raw/BrCaWisconsin/Dataset_BUSI_with_GT/malignant/malignant (135).png,data/raw/BrCaWisconsin/Dataset_BUSI_with_GT/malignant/malignant (135)_mask.png,512,512,malignant,train
BrCaWisconsin_f4c685f34d0843f2beccbf809f58e612.png,7543123239950499382,malignant (155),images/f4c685f34d0843f2beccbf809f58e612.png,masks/BrCaWisconsin_f4c685f34d0843f2beccbf809f58e612.png,data/raw/BrCaWisconsin/Dataset_BUSI_with_GT/malignant/malignant (155).png,data/raw/BrCaWisconsin/Dataset_BUSI_with_GT/malignant/malignant (155)_mask.png,512,512,malignant,train
BrCaWisconsin_2bb389f1d4184e85b8b5af5c6250abcd.png,6383135937090422027,malignant (36),images/2bb389f1d4184e85b8b5af5c6250abcd.png,masks/BrCaWisconsin_2bb389f1d4184e85b8b5af5c6250abcd.png,data/raw/BrCaWisconsin/Dataset_BUSI_with_GT/malignant/malignant (36).png,data/raw/BrCaWisconsin/Dataset_BUSI_with_GT/malignant/malignant (36)_mask.png,512,512,malignant,train
BrCaWisconsin_8a82571cb50640b1928cc842443ff3f8.png,15337196043067296947,malignant (67),images/8a82571cb50640b1928cc842443ff3f8.png,masks/BrCaWisconsin_8a82571cb50640b1928cc842443ff3f8.png,data/raw/BrCaWisconsin/Dataset_BUSI_with_GT/malignant/malignant (67).png,data/raw/BrCaWisconsin/Dataset_BUSI_with_GT/malignant/malignant (67)_mask.png,512,512,malignant,test
BrCaWisconsin_7353d6da1ac44b9eb29b3e36970c856c.png,6002609514225651599,malignant (30),images/7353d6da1ac44b9eb29b3e36970c856c.png,masks/BrCaWisconsin_7353d6da1ac44b9eb29b3e36970c856c.png,data/raw/BrCaWisconsin/Dataset_BUSI_with_GT/malignant/malignant (30).png,data/raw/BrCaWisconsin/Dataset_BUSI_with_GT/malignant/malignant (30)_mask.png,512,512,malignant,val
BrCaWisconsin_c62e764b144143bbbf60bfc59d6677a8.png,14769946432667824626,malignant (85),images/c62e764b144143bbbf60bfc59d6677a8.png,masks/BrCaWisconsin_c62e764b144143bbbf60bfc59d6677a8.png,data/raw/BrCaWisconsin/Dataset_BUSI_with_GT/malignant/malignant (85).png,data/raw/BrCaWisconsin/Dataset_BUSI_with_GT/malignant/malignant (85)_mask.png,512,512,malignant,train
BrCaWisconsin_39c7c8935d4f4e5b8892f2126b194769.png,7740638193676667651,malignant (204),images/39c7c8935d4f4e5b8892f2126b194769.png,masks/BrCaWisconsin_39c7c8935d4f4e5b8892f2126b194769.png,data/raw/BrCaWisconsin/Dataset_BUSI_with_GT/malignant/malignant (204).png,data/raw/BrCaWisconsin/Dataset_BUSI_with_GT/malignant/malignant (204)_mask.png,512,512,malignant,test
BrCaWisconsin_5f72175da2f343679a0ecd249f1c586b.png,5463578452079185549,malignant (119),images/5f72175da2f343679a0ecd249f1c586b.png,masks/BrCaWisconsin_5f72175da2f343679a0ecd249f1c586b.png,data/raw/BrCaWisconsin/Dataset_BUSI_with_GT/malignant/malignant (119).png,data/raw/BrCaWisconsin/Dataset_BUSI_with_GT/malignant/malignant (119)_mask.png,512,512,malignant,train
BrCaWisconsin_1b288aa6b9fa42baa2a4d4118f574f13.png,7623984853244351378,malignant (26),images/1b288aa6b9fa42baa2a4d4118f574f13.png,masks/BrCaWisconsin_1b288aa6b9fa42baa2a4d4118f574f13.png,data/raw/BrCaWisconsin/Dataset_BUSI_with_GT/malignant/malignant (26).png,data/raw/BrCaWisconsin/Dataset_BUSI_with_GT/malignant/malignant (26)_mask.png,512,512,malignant,train
BrCaWisconsin_755de730f45b42f6a2a130995b616565.png,15050356204162658480,malignant (58),images/755de730f45b42f6a2a130995b616565.png,masks/BrCaWisconsin_755de730f45b42f6a2a130995b616565.png,data/raw/BrCaWisconsin/Dataset_BUSI_with_GT/malignant/malignant (58).png,data/raw/BrCaWisconsin/Dataset_BUSI_with_GT/malignant/malignant (58)_mask.png,512,512,malignant,train
BrCaWisconsin_0b7e3d7a68604a96bf7b1b10ecd82523.png,3083356671859656329,malignant (91),images/0b7e3d7a68604a96bf7b1b10ecd82523.png,masks/BrCaWisconsin_0b7e3d7a68604a96bf7b1b10ecd82523.png,data/raw/BrCaWisconsin/Dataset_BUSI_with_GT/malignant/malignant (91).png,data/raw/BrCaWisconsin/Dataset_BUSI_with_GT/malignant/malignant (91)_mask.png,512,512,malignant,train
BrCaWisconsin_1100cbe4d20d4c698520194bc48c3f05.png,1356379343837724672,malignant (160),images/1100cbe4d20d4c698520194bc48c3f05.png,masks/BrCaWisconsin_1100cbe4d20d4c698520194bc48c3f05.png,data/raw/BrCaWisconsin/Dataset_BUSI_with_GT/malignant/malignant (160).png,data/raw/BrCaWisconsin/Dataset_BUSI_with_GT/malignant/malignant (160)_mask.png,512,512,malignant,train
BrCaWisconsin_c805a9a39a8d472fbb8986c6f2ea7bf6.png,8065010763133906826,malignant (71),images/c805a9a39a8d472fbb8986c6f2ea7bf6.png,masks/BrCaWisconsin_c805a9a39a8d472fbb8986c6f2ea7bf6.png,data/raw/BrCaWisconsin/Dataset_BUSI_with_GT/malignant/malignant (71).png,data/raw/BrCaWisconsin/Dataset_BUSI_with_GT/malignant/malignant (71)_mask.png,512,512,malignant,train
BrCaWisconsin_df17264d86ad486bae8a9b2da6662500.png,1921042852243475532,malignant (22),images/df17264d86ad486bae8a9b2da6662500.png,masks/BrCaWisconsin_df17264d86ad486bae8a9b2da6662500.png,data/raw/BrCaWisconsin/Dataset_BUSI_with_GT/malignant/malignant (22).png,data/raw/BrCaWisconsin/Dataset_BUSI_with_GT/malignant/malignant (22)_mask.png,512,512,malignant,train
BrCaWisconsin_74ff097b69e0408682ed515aa85fcaf0.png,11721896283769673487,malignant (70),images/74ff097b69e0408682ed515aa85fcaf0.png,masks/BrCaWisconsin_74ff097b69e0408682ed515aa85fcaf0.png,data/raw/BrCaWisconsin/Dataset_BUSI_with_GT/malignant/malignant (70).png,data/raw/BrCaWisconsin/Dataset_BUSI_with_GT/malignant/malignant (70)_mask.png,512,512,malignant,test
BrCaWisconsin_846a60c8728741eebe990e71e87b7d16.png,15756593758207383127,malignant (159),images/846a60c8728741eebe990e71e87b7d16.png,masks/BrCaWisconsin_846a60c8728741eebe990e71e87b7d16.png,data/raw/BrCaWisconsin/Dataset_BUSI_with_GT/malignant/malignant (159).png,data/raw/BrCaWisconsin/Dataset_BUSI_with_GT/malignant/malignant (159)_mask.png,512,512,malignant,train
BrCaWisconsin_68c18893256d49b0bfdf155ac77a5e60.png,6032599423440315239,malignant (27),images/68c18893256d49b0bfdf155ac77a5e60.png,masks/BrCaWisconsin_68c18893256d49b0bfdf155ac77a5e60.png,data/raw/BrCaWisconsin/Dataset_BUSI_with_GT/malignant/malignant (27).png,data/raw/BrCaWisconsin/Dataset_BUSI_with_GT/malignant/malignant (27)_mask.png,512,512,malignant,train
BrCaWisconsin_7622ba270de14664b54855206359cebb.png,12369607347265493546,malignant (105),images/7622ba270de14664b54855206359cebb.png,masks/BrCaWisconsin_7622ba270de14664b54855206359cebb.png,data/raw/BrCaWisconsin/Dataset_BUSI_with_GT/malignant/malignant (105).png,data/raw/BrCaWisconsin/Dataset_BUSI_with_GT/malignant/malignant (105)_mask.png,512,512,malignant,train
BrCaWisconsin_4eddb53aac444c3fa17fe38a518541fa.png,10724366507333903869,malignant (111),images/4eddb53aac444c3fa17fe38a518541fa.png,masks/BrCaWisconsin_4eddb53aac444c3fa17fe38a518541fa.png,data/raw/BrCaWisconsin/Dataset_BUSI_with_GT/malignant/malignant (111).png,data/raw/BrCaWisconsin/Dataset_BUSI_with_GT/malignant/malignant (111)_mask.png,512,512,malignant,train
BrCaWisconsin_33c82a60afd54fd38c135abff3432e9e.png,8908438067580346677,malignant (29),images/33c82a60afd54fd38c135abff3432e9e.png,masks/BrCaWisconsin_33c82a60afd54fd38c135abff3432e9e.png,data/raw/BrCaWisconsin/Dataset_BUSI_with_GT/malignant/malignant (29).png,data/raw/BrCaWisconsin/Dataset_BUSI_with_GT/malignant/malignant (29)_mask.png,512,512,malignant,train
BrCaWisconsin_816ae757d95843a29082e45f4d4bb8d2.png,15184473515792207631,malignant (31),images/816ae757d95843a29082e45f4d4bb8d2.png,masks/BrCaWisconsin_816ae757d95843a29082e45f4d4bb8d2.png,data/raw/BrCaWisconsin/Dataset_BUSI_with_GT/malignant/malignant (31).png,data/raw/BrCaWisconsin/Dataset_BUSI_with_GT/malignant/malignant (31)_mask.png,512,512,malignant,train
BrCaWisconsin_06d000c763a04639b3fa85bf2ad423ff.png,5426986705123577485,malignant (118),images/06d000c763a04639b3fa85bf2ad423ff.png,masks/BrCaWisconsin_06d000c763a04639b3fa85bf2ad423ff.png,data/raw/BrCaWisconsin/Dataset_BUSI_with_GT/malignant/malignant (118).png,data/raw/BrCaWisconsin/Dataset_BUSI_with_GT/malignant/malignant (118)_mask.png,512,512,malignant,test
BrCaWisconsin_08034b7b6ec14a678159b9958e37cb77.png,8163573197515655947,malignant (53),images/08034b7b6ec14a678159b9958e37cb77.png,masks/BrCaWisconsin_08034b7b6ec14a678159b9958e37cb77.png,data/raw/BrCaWisconsin/Dataset_BUSI_with_GT/malignant/malignant (53).png,data/raw/BrCaWisconsin/Dataset_BUSI_with_GT/malignant/malignant (53)_mask.png,512,512,malignant,train
BrCaWisconsin_dc9bd3f1ad494bd0a31cee9e68521504.png,5091765304049167304,malignant (66),images/dc9bd3f1ad494bd0a31cee9e68521504.png,masks/BrCaWisconsin_dc9bd3f1ad494bd0a31cee9e68521504.png,data/raw/BrCaWisconsin/Dataset_BUSI_with_GT/malignant/malignant (66).png,data/raw/BrCaWisconsin/Dataset_BUSI_with_GT/malignant/malignant (66)_mask.png,512,512,malignant,train
BrCaWisconsin_f76e0637c519487b9b82de6667d9cdbf.png,15481569408699274013,malignant (89),images/f76e0637c519487b9b82de6667d9cdbf.png,masks/BrCaWisconsin_f76e0637c519487b9b82de6667d9cdbf.png,data/raw/BrCaWisconsin/Dataset_BUSI_with_GT/malignant/malignant (89).png,data/raw/BrCaWisconsin/Dataset_BUSI_with_GT/malignant/malignant (89)_mask.png,512,512,malignant,train
BrCaWisconsin_e064eb00bc744666a731b0626c59effb.png,3110499336142309432,malignant (130),images/e064eb00bc744666a731b0626c59effb.png,masks/BrCaWisconsin_e064eb00bc744666a731b0626c59effb.png,data/raw/BrCaWisconsin/Dataset_BUSI_with_GT/malignant/malignant (130).png,data/raw/BrCaWisconsin/Dataset_BUSI_with_GT/malignant/malignant (130)_mask.png,512,512,malignant,train
BrCaWisconsin_444941cd4497472183de9c87c38e9eb4.png,12254775235444032871,malignant (134),images/444941cd4497472183de9c87c38e9eb4.png,masks/BrCaWisconsin_444941cd4497472183de9c87c38e9eb4.png,data/raw/BrCaWisconsin/Dataset_BUSI_with_GT/malignant/malignant (134).png,data/raw/BrCaWisconsin/Dataset_BUSI_with_GT/malignant/malignant (134)_mask.png,512,512,malignant,train
BrCaWisconsin_0b301b999555415aaa722d4c752196d0.png,16943253762197096269,malignant (72),images/0b301b999555415aaa722d4c752196d0.png,masks/BrCaWisconsin_0b301b999555415aaa722d4c752196d0.png,data/raw/BrCaWisconsin/Dataset_BUSI_with_GT/malignant/malignant (72).png,data/raw/BrCaWisconsin/Dataset_BUSI_with_GT/malignant/malignant (72)_mask.png,512,512,malignant,test
BrCaWisconsin_ad35f460aa5f49049d8297000fb587c1.png,17702186163639258404,malignant (183),images/ad35f460aa5f49049d8297000fb587c1.png,masks/BrCaWisconsin_ad35f460aa5f49049d8297000fb587c1.png,data/raw/BrCaWisconsin/Dataset_BUSI_with_GT/malignant/malignant (183).png,data/raw/BrCaWisconsin/Dataset_BUSI_with_GT/malignant/malignant (183)_mask.png,512,512,malignant,val
BrCaWisconsin_89ead12ba9eb4b899a3f15601670a1c8.png,10615211187635003022,malignant (3),images/89ead12ba9eb4b899a3f15601670a1c8.png,masks/BrCaWisconsin_89ead12ba9eb4b899a3f15601670a1c8.png,data/raw/BrCaWisconsin/Dataset_BUSI_with_GT/malignant/malignant (3).png,data/raw/BrCaWisconsin/Dataset_BUSI_with_GT/malignant/malignant (3)_mask.png,512,512,malignant,test
BrCaWisconsin_52cbc0afc03643648a358db15a81e3c5.png,15901902853532720563,malignant (163),images/52cbc0afc03643648a358db15a81e3c5.png,masks/BrCaWisconsin_52cbc0afc03643648a358db15a81e3c5.png,data/raw/BrCaWisconsin/Dataset_BUSI_with_GT/malignant/malignant (163).png,data/raw/BrCaWisconsin/Dataset_BUSI_with_GT/malignant/malignant (163)_mask.png,512,512,malignant,train
BrCaWisconsin_0a18264f4f0e4f79b7af31ff15514b84.png,7594235609913855245,malignant (175),images/0a18264f4f0e4f79b7af31ff15514b84.png,masks/BrCaWisconsin_0a18264f4f0e4f79b7af31ff15514b84.png,data/raw/BrCaWisconsin/Dataset_BUSI_with_GT/malignant/malignant (175).png,data/raw/BrCaWisconsin/Dataset_BUSI_with_GT/malignant/malignant (175)_mask.png,512,512,malignant,train
BrCaWisconsin_a4de04dcdbc843fb915feff00bffd677.png,12883349714847109007,malignant (124),images/a4de04dcdbc843fb915feff00bffd677.png,masks/BrCaWisconsin_a4de04dcdbc843fb915feff00bffd677.png,data/raw/BrCaWisconsin/Dataset_BUSI_with_GT/malignant/malignant (124).png,data/raw/BrCaWisconsin/Dataset_BUSI_with_GT/malignant/malignant (124)_mask.png,512,512,malignant,train
BrCaWisconsin_f9fbf1a8c8894169b6a4d09f5c379fec.png,15175042310865990194,malignant (202),images/f9fbf1a8c8894169b6a4d09f5c379fec.png,masks/BrCaWisconsin_f9fbf1a8c8894169b6a4d09f5c379fec.png,data/raw/BrCaWisconsin/Dataset_BUSI_with_GT/malignant/malignant (202).png,data/raw/BrCaWisconsin/Dataset_BUSI_with_GT/malignant/malignant (202)_mask.png,512,512,malignant,train
BrCaWisconsin_352c5e6492d24196938042a8aa0bd4a7.png,16666048082916395673,malignant (83),images/352c5e6492d24196938042a8aa0bd4a7.png,masks/BrCaWisconsin_352c5e6492d24196938042a8aa0bd4a7.png,data/raw/BrCaWisconsin/Dataset_BUSI_with_GT/malignant/malignant (83).png,data/raw/BrCaWisconsin/Dataset_BUSI_with_GT/malignant/malignant (83)_mask.png,512,512,malignant,test
BrCaWisconsin_733a4eb75f534503939f3f2a84d8c4f9.png,11227549268012845577,malignant (7),images/733a4eb75f534503939f3f2a84d8c4f9.png,masks/BrCaWisconsin_733a4eb75f534503939f3f2a84d8c4f9.png,data/raw/BrCaWisconsin/Dataset_BUSI_with_GT/malignant/malignant (7).png,data/raw/BrCaWisconsin/Dataset_BUSI_with_GT/malignant/malignant (7)_mask.png,512,512,malignant,train
BrCaWisconsin_1c3af1a77f654888a4a3dab9d7e9638b.png,15446180801802001695,malignant (172),images/1c3af1a77f654888a4a3dab9d7e9638b.png,masks/BrCaWisconsin_1c3af1a77f654888a4a3dab9d7e9638b.png,data/raw/BrCaWisconsin/Dataset_BUSI_with_GT/malignant/malignant (172).png,data/raw/BrCaWisconsin/Dataset_BUSI_with_GT/malignant/malignant (172)_mask.png,512,512,malignant,train
BrCaWisconsin_b6e5f46a17fe4e2c87b7db350e3443d4.png,6110410709179593844,malignant (93),images/b6e5f46a17fe4e2c87b7db350e3443d4.png,masks/BrCaWisconsin_b6e5f46a17fe4e2c87b7db350e3443d4.png,data/raw/BrCaWisconsin/Dataset_BUSI_with_GT/malignant/malignant (93).png,data/raw/BrCaWisconsin/Dataset_BUSI_with_GT/malignant/malignant (93)_mask.png,512,512,malignant,train
BrCaWisconsin_d59aef8db5b046b59263c8c9db7da29e.png,15396657774138739591,malignant (108),images/d59aef8db5b046b59263c8c9db7da29e.png,masks/BrCaWisconsin_d59aef8db5b046b59263c8c9db7da29e.png,data/raw/BrCaWisconsin/Dataset_BUSI_with_GT/malignant/malignant (108).png,data/raw/BrCaWisconsin/Dataset_BUSI_with_GT/malignant/malignant (108)_mask.png,512,512,malignant,train
BrCaWisconsin_9569d0b97652454eb0b24d9fe775153e.png,16776562111018547609,malignant (102),images/9569d0b97652454eb0b24d9fe775153e.png,masks/BrCaWisconsin_9569d0b97652454eb0b24d9fe775153e.png,data/raw/BrCaWisconsin/Dataset_BUSI_with_GT/malignant/malignant (102).png,data/raw/BrCaWisconsin/Dataset_BUSI_with_GT/malignant/malignant (102)_mask.png,512,512,malignant,train
BrCaWisconsin_ef21b4eb6cba40a8a9689f6078aa85b2.png,12707061993120162098,malignant (114),images/ef21b4eb6cba40a8a9689f6078aa85b2.png,masks/BrCaWisconsin_ef21b4eb6cba40a8a9689f6078aa85b2.png,data/raw/BrCaWisconsin/Dataset_BUSI_with_GT/malignant/malignant (114).png,data/raw/BrCaWisconsin/Dataset_BUSI_with_GT/malignant/malignant (114)_mask.png,512,512,malignant,train
BrCaWisconsin_5203c70b478848caaeaccd1f461cc31e.png,12585965111967375939,malignant (24),images/5203c70b478848caaeaccd1f461cc31e.png,masks/BrCaWisconsin_5203c70b478848caaeaccd1f461cc31e.png,data/raw/BrCaWisconsin/Dataset_BUSI_with_GT/malignant/malignant (24).png,data/raw/BrCaWisconsin/Dataset_BUSI_with_GT/malignant/malignant (24)_mask.png,512,512,malignant,train
BrCaWisconsin_24c7e10dd978481e9e8542d29fc1fa36.png,11201750429990037218,malignant (143),images/24c7e10dd978481e9e8542d29fc1fa36.png,masks/BrCaWisconsin_24c7e10dd978481e9e8542d29fc1fa36.png,data/raw/BrCaWisconsin/Dataset_BUSI_with_GT/malignant/malignant (143).png,data/raw/BrCaWisconsin/Dataset_BUSI_with_GT/malignant/malignant (143)_mask.png,512,512,malignant,train
BrCaWisconsin_4b9e7dd51d27414982cdb9e5f8bf9bb2.png,1896668923849741364,malignant (166),images/4b9e7dd51d27414982cdb9e5f8bf9bb2.png,masks/BrCaWisconsin_4b9e7dd51d27414982cdb9e5f8bf9bb2.png,data/raw/BrCaWisconsin/Dataset_BUSI_with_GT/malignant/malignant (166).png,data/raw/BrCaWisconsin/Dataset_BUSI_with_GT/malignant/malignant (166)_mask.png,512,512,malignant,test
BrCaWisconsin_f272de7aa4f94084adb6f1a1f9b13e69.png,12441979896720199566,malignant (97),images/f272de7aa4f94084adb6f1a1f9b13e69.png,masks/BrCaWisconsin_f272de7aa4f94084adb6f1a1f9b13e69.png,data/raw/BrCaWisconsin/Dataset_BUSI_with_GT/malignant/malignant (97).png,data/raw/BrCaWisconsin/Dataset_BUSI_with_GT/malignant/malignant (97)_mask.png,512,512,malignant,val
BrCaWisconsin_862b21f624e5492a8243a1b7974bc1cf.png,6237842371351765972,malignant (138),images/862b21f624e5492a8243a1b7974bc1cf.png,masks/BrCaWisconsin_862b21f624e5492a8243a1b7974bc1cf.png,data/raw/BrCaWisconsin/Dataset_BUSI_with_GT/malignant/malignant (138).png,data/raw/BrCaWisconsin/Dataset_BUSI_with_GT/malignant/malignant (138)_mask.png,512,512,malignant,train
BrCaWisconsin_5578ea7c510c46ccb8e6a29257cd1452.png,14137197334708842105,malignant (11),images/5578ea7c510c46ccb8e6a29257cd1452.png,masks/BrCaWisconsin_5578ea7c510c46ccb8e6a29257cd1452.png,data/raw/BrCaWisconsin/Dataset_BUSI_with_GT/malignant/malignant (11).png,data/raw/BrCaWisconsin/Dataset_BUSI_with_GT/malignant/malignant (11)_mask.png,512,512,malignant,test
BrCaWisconsin_a6d02ae7290940a3948220225b37fa1b.png,6028399832500941374,malignant (46),images/a6d02ae7290940a3948220225b37fa1b.png,masks/BrCaWisconsin_a6d02ae7290940a3948220225b37fa1b.png,data/raw/BrCaWisconsin/Dataset_BUSI_with_GT/malignant/malignant (46).png,data/raw/BrCaWisconsin/Dataset_BUSI_with_GT/malignant/malignant (46)_mask.png,512,512,malignant,test
BrCaWisconsin_250891f8e4f6447fa18c04d0fd647b77.png,2137993379619376828,malignant (180),images/250891f8e4f6447fa18c04d0fd647b77.png,masks/BrCaWisconsin_250891f8e4f6447fa18c04d0fd647b77.png,data/raw/BrCaWisconsin/Dataset_BUSI_with_GT/malignant/malignant (180).png,data/raw/BrCaWisconsin/Dataset_BUSI_with_GT/malignant/malignant (180)_mask.png,512,512,malignant,val
BrCaWisconsin_aaf5783e8d3f42f5b619dfa1c97d8527.png,5956769265147119375,malignant (147),images/aaf5783e8d3f42f5b619dfa1c97d8527.png,masks/BrCaWisconsin_aaf5783e8d3f42f5b619dfa1c97d8527.png,data/raw/BrCaWisconsin/Dataset_BUSI_with_GT/malignant/malignant (147).png,data/raw/BrCaWisconsin/Dataset_BUSI_with_GT/malignant/malignant (147)_mask.png,512,512,malignant,train
BrCaWisconsin_c590ba570ddd466d9164404c451db33e.png,5068127200985961106,malignant (196),images/c590ba570ddd466d9164404c451db33e.png,masks/BrCaWisconsin_c590ba570ddd466d9164404c451db33e.png,data/raw/BrCaWisconsin/Dataset_BUSI_with_GT/malignant/malignant (196).png,data/raw/BrCaWisconsin/Dataset_BUSI_with_GT/malignant/malignant (196)_mask.png,512,512,malignant,train
BrCaWisconsin_78b7c2856f824b12af1bc4c94e327ef9.png,12163534429132273073,malignant (153),images/78b7c2856f824b12af1bc4c94e327ef9.png,masks/BrCaWisconsin_78b7c2856f824b12af1bc4c94e327ef9.png,data/raw/BrCaWisconsin/Dataset_BUSI_with_GT/malignant/malignant (153).png,data/raw/BrCaWisconsin/Dataset_BUSI_with_GT/malignant/malignant (153)_mask.png,512,512,malignant,train
BrCaWisconsin_512a0c7a06da44d682871d73c70f0bd4.png,13073361931296730159,malignant (50),images/512a0c7a06da44d682871d73c70f0bd4.png,masks/BrCaWisconsin_512a0c7a06da44d682871d73c70f0bd4.png,data/raw/BrCaWisconsin/Dataset_BUSI_with_GT/malignant/malignant (50).png,data/raw/BrCaWisconsin/Dataset_BUSI_with_GT/malignant/malignant (50)_mask.png,512,512,malignant,train
BrCaWisconsin_0f048eba308a4f868ac422801ae506cb.png,11788890122187785999,malignant (129),images/0f048eba308a4f868ac422801ae506cb.png,masks/BrCaWisconsin_0f048eba308a4f868ac422801ae506cb.png,data/raw/BrCaWisconsin/Dataset_BUSI_with_GT/malignant/malignant (129).png,data/raw/BrCaWisconsin/Dataset_BUSI_with_GT/malignant/malignant (129)_mask.png,512,512,malignant,train
BrCaWisconsin_e2c354b468c64a0da28a30fa58a2451c.png,14797873150024235577,malignant (207),images/e2c354b468c64a0da28a30fa58a2451c.png,masks/BrCaWisconsin_e2c354b468c64a0da28a30fa58a2451c.png,data/raw/BrCaWisconsin/Dataset_BUSI_with_GT/malignant/malignant (207).png,data/raw/BrCaWisconsin/Dataset_BUSI_with_GT/malignant/malignant (207)_mask.png,512,512,malignant,train
BrCaWisconsin_d5c9517a57a94280b17f815bed999903.png,12372116760267966158,malignant (125),images/d5c9517a57a94280b17f815bed999903.png,masks/BrCaWisconsin_d5c9517a57a94280b17f815bed999903.png,data/raw/BrCaWisconsin/Dataset_BUSI_with_GT/malignant/malignant (125).png,data/raw/BrCaWisconsin/Dataset_BUSI_with_GT/malignant/malignant (125)_mask.png,512,512,malignant,val
BrCaWisconsin_46eadbe07362472ba4a2428a88d5d2ab.png,16900489442182846988,malignant (190),images/46eadbe07362472ba4a2428a88d5d2ab.png,masks/BrCaWisconsin_46eadbe07362472ba4a2428a88d5d2ab.png,data/raw/BrCaWisconsin/Dataset_BUSI_with_GT/malignant/malignant (190).png,data/raw/BrCaWisconsin/Dataset_BUSI_with_GT/malignant/malignant (190)_mask.png,512,512,malignant,train
BrCaWisconsin_c3d6518d7e3d4b61beaab37546258b24.png,11127653239702211692,malignant (61),images/c3d6518d7e3d4b61beaab37546258b24.png,masks/BrCaWisconsin_c3d6518d7e3d4b61beaab37546258b24.png,data/raw/BrCaWisconsin/Dataset_BUSI_with_GT/malignant/malignant (61).png,data/raw/BrCaWisconsin/Dataset_BUSI_with_GT/malignant/malignant (61)_mask.png,512,512,malignant,train
BrCaWisconsin_88684599fabe4e19979c2a157164be0e.png,11144912417651066048,malignant (164),images/88684599fabe4e19979c2a157164be0e.png,masks/BrCaWisconsin_88684599fabe4e19979c2a157164be0e.png,data/raw/BrCaWisconsin/Dataset_BUSI_with_GT/malignant/malignant (164).png,data/raw/BrCaWisconsin/Dataset_BUSI_with_GT/malignant/malignant (164)_mask.png,512,512,malignant,train
BrCaWisconsin_5599715b207f4cbda73758a75c43d415.png,12310261129418868570,malignant (75),images/5599715b207f4cbda73758a75c43d415.png,masks/BrCaWisconsin_5599715b207f4cbda73758a75c43d415.png,data/raw/BrCaWisconsin/Dataset_BUSI_with_GT/malignant/malignant (75).png,data/raw/BrCaWisconsin/Dataset_BUSI_with_GT/malignant/malignant (75)_mask.png,512,512,malignant,val
BrCaWisconsin_44e192c2b9ee45a3bb4b943b55ff7d28.png,15391276680183683598,malignant (184),images/44e192c2b9ee45a3bb4b943b55ff7d28.png,masks/BrCaWisconsin_44e192c2b9ee45a3bb4b943b55ff7d28.png,data/raw/BrCaWisconsin/Dataset_BUSI_with_GT/malignant/malignant (184).png,data/raw/BrCaWisconsin/Dataset_BUSI_with_GT/malignant/malignant (184)_mask.png,512,512,malignant,train
BrCaWisconsin_c46b58b5a28f4ebcbaa6fa08f29f23d6.png,6077052475570046534,malignant (137),images/c46b58b5a28f4ebcbaa6fa08f29f23d6.png,masks/BrCaWisconsin_c46b58b5a28f4ebcbaa6fa08f29f23d6.png,data/raw/BrCaWisconsin/Dataset_BUSI_with_GT/malignant/malignant (137).png,data/raw/BrCaWisconsin/Dataset_BUSI_with_GT/malignant/malignant (137)_mask.png,512,512,malignant,train
BrCaWisconsin_aa9786f9348443cca499a9a461c10d6a.png,15822617099113374133,malignant (133),images/aa9786f9348443cca499a9a461c10d6a.png,masks/BrCaWisconsin_aa9786f9348443cca499a9a461c10d6a.png,data/raw/BrCaWisconsin/Dataset_BUSI_with_GT/malignant/malignant (133).png,data/raw/BrCaWisconsin/Dataset_BUSI_with_GT/malignant/malignant (133)_mask.png,512,512,malignant,train
BrCaWisconsin_f1e0309c7c404c7fb5c8c6d22e2c7bed.png,16697969087776778344,malignant (54),images/f1e0309c7c404c7fb5c8c6d22e2c7bed.png,masks/BrCaWisconsin_f1e0309c7c404c7fb5c8c6d22e2c7bed.png,data/raw/BrCaWisconsin/Dataset_BUSI_with_GT/malignant/malignant (54).png,data/raw/BrCaWisconsin/Dataset_BUSI_with_GT/malignant/malignant (54)_mask.png,512,512,malignant,train
BrCaWisconsin_0c6f0b7945734e9c8cad83b96867dd78.png,13228311026582980074,malignant (148),images/0c6f0b7945734e9c8cad83b96867dd78.png,masks/BrCaWisconsin_0c6f0b7945734e9c8cad83b96867dd78.png,data/raw/BrCaWisconsin/Dataset_BUSI_with_GT/malignant/malignant (148).png,data/raw/BrCaWisconsin/Dataset_BUSI_with_GT/malignant/malignant (148)_mask.png,512,512,malignant,test
BrCaWisconsin_72017c9bb8174a208fa77d23fc84eb9c.png,2906389056091005751,malignant (116),images/72017c9bb8174a208fa77d23fc84eb9c.png,masks/BrCaWisconsin_72017c9bb8174a208fa77d23fc84eb9c.png,data/raw/BrCaWisconsin/Dataset_BUSI_with_GT/malignant/malignant (116).png,data/raw/BrCaWisconsin/Dataset_BUSI_with_GT/malignant/malignant (116)_mask.png,512,512,malignant,train
BrCaWisconsin_cf830c7ce95045399a238356cec10f80.png,12299828267306634911,malignant (20),images/cf830c7ce95045399a238356cec10f80.png,masks/BrCaWisconsin_cf830c7ce95045399a238356cec10f80.png,data/raw/BrCaWisconsin/Dataset_BUSI_with_GT/malignant/malignant (20).png,data/raw/BrCaWisconsin/Dataset_BUSI_with_GT/malignant/malignant (20)_mask.png,512,512,malignant,train
BrCaWisconsin_9551317a2de24e9da1dafaad0851fdcc.png,6762482788857979464,malignant (109),images/9551317a2de24e9da1dafaad0851fdcc.png,masks/BrCaWisconsin_9551317a2de24e9da1dafaad0851fdcc.png,data/raw/BrCaWisconsin/Dataset_BUSI_with_GT/malignant/malignant (109).png,data/raw/BrCaWisconsin/Dataset_BUSI_with_GT/malignant/malignant (109)_mask.png,512,512,malignant,train
BrCaWisconsin_58792040a651432695d64a9d7448d115.png,11211010136949830547,malignant (77),images/58792040a651432695d64a9d7448d115.png,masks/BrCaWisconsin_58792040a651432695d64a9d7448d115.png,data/raw/BrCaWisconsin/Dataset_BUSI_with_GT/malignant/malignant (77).png,data/raw/BrCaWisconsin/Dataset_BUSI_with_GT/malignant/malignant (77)_mask.png,512,512,malignant,val
BrCaWisconsin_9966ccc3781746fd9738e4b19a1645c2.png,11857573855072368988,malignant (98),images/9966ccc3781746fd9738e4b19a1645c2.png,masks/BrCaWisconsin_9966ccc3781746fd9738e4b19a1645c2.png,data/raw/BrCaWisconsin/Dataset_BUSI_with_GT/malignant/malignant (98).png,data/raw/BrCaWisconsin/Dataset_BUSI_with_GT/malignant/malignant (98)_mask.png,512,512,malignant,train
BrCaWisconsin_2360e28f61714ed9846ea225f3829b75.png,10275687210134944793,malignant (208),images/2360e28f61714ed9846ea225f3829b75.png,masks/BrCaWisconsin_2360e28f61714ed9846ea225f3829b75.png,data/raw/BrCaWisconsin/Dataset_BUSI_with_GT/malignant/malignant (208).png,data/raw/BrCaWisconsin/Dataset_BUSI_with_GT/malignant/malignant (208)_mask.png,512,512,malignant,train
BrCaWisconsin_e5b1e9c5848f41c0925040accf080221.png,12883758839989810990,malignant (40),images/e5b1e9c5848f41c0925040accf080221.png,masks/BrCaWisconsin_e5b1e9c5848f41c0925040accf080221.png,data/raw/BrCaWisconsin/Dataset_BUSI_with_GT/malignant/malignant (40).png,data/raw/BrCaWisconsin/Dataset_BUSI_with_GT/malignant/malignant (40)_mask.png,512,512,malignant,train
BrCaWisconsin_91f947d95cb94211a34d497ce613b85a.png,15119881605169954196,malignant (16),images/91f947d95cb94211a34d497ce613b85a.png,masks/BrCaWisconsin_91f947d95cb94211a34d497ce613b85a.png,data/raw/BrCaWisconsin/Dataset_BUSI_with_GT/malignant/malignant (16).png,data/raw/BrCaWisconsin/Dataset_BUSI_with_GT/malignant/malignant (16)_mask.png,512,512,malignant,train
BrCaWisconsin_6b7d1bb61c4948709b72a192669751b5.png,4292120161800385423,malignant (200),images/6b7d1bb61c4948709b72a192669751b5.png,masks/BrCaWisconsin_6b7d1bb61c4948709b72a192669751b5.png,data/raw/BrCaWisconsin/Dataset_BUSI_with_GT/malignant/malignant (200).png,data/raw/BrCaWisconsin/Dataset_BUSI_with_GT/malignant/malignant (200)_mask.png,512,512,malignant,train
BrCaWisconsin_9c86c9ee221b46de82793725f3c1837c.png,11144459979921874124,malignant (57),images/9c86c9ee221b46de82793725f3c1837c.png,masks/BrCaWisconsin_9c86c9ee221b46de82793725f3c1837c.png,data/raw/BrCaWisconsin/Dataset_BUSI_with_GT/malignant/malignant (57).png,data/raw/BrCaWisconsin/Dataset_BUSI_with_GT/malignant/malignant (57)_mask.png,512,512,malignant,val
BrCaWisconsin_f037490e3acc4f1c80c4be05fd6e59ea.png,11230401401179495949,malignant (9),images/f037490e3acc4f1c80c4be05fd6e59ea.png,masks/BrCaWisconsin_f037490e3acc4f1c80c4be05fd6e59ea.png,data/raw/BrCaWisconsin/Dataset_BUSI_with_GT/malignant/malignant (9).png,data/raw/BrCaWisconsin/Dataset_BUSI_with_GT/malignant/malignant (9)_mask.png,512,512,malignant,train
BrCaWisconsin_750aa5b5a7d14cf184129f0986fed816.png,6155512239654126927,malignant (168),images/750aa5b5a7d14cf184129f0986fed816.png,masks/BrCaWisconsin_750aa5b5a7d14cf184129f0986fed816.png,data/raw/BrCaWisconsin/Dataset_BUSI_with_GT/malignant/malignant (168).png,data/raw/BrCaWisconsin/Dataset_BUSI_with_GT/malignant/malignant (168)_mask.png,512,512,malignant,train
BrCaWisconsin_3b7ebc4f79194fedb0dabde1482b3adc.png,15343257560682450264,malignant (140),images/3b7ebc4f79194fedb0dabde1482b3adc.png,masks/BrCaWisconsin_3b7ebc4f79194fedb0dabde1482b3adc.png,data/raw/BrCaWisconsin/Dataset_BUSI_with_GT/malignant/malignant (140).png,data/raw/BrCaWisconsin/Dataset_BUSI_with_GT/malignant/malignant (140)_mask.png,512,512,malignant,test
BrCaWisconsin_66f303cacde349fe8ba67d60af7b0774.png,6830353753416701986,malignant (189),images/66f303cacde349fe8ba67d60af7b0774.png,masks/BrCaWisconsin_66f303cacde349fe8ba67d60af7b0774.png,data/raw/BrCaWisconsin/Dataset_BUSI_with_GT/malignant/malignant (189).png,data/raw/BrCaWisconsin/Dataset_BUSI_with_GT/malignant/malignant (189)_mask.png,512,512,malignant,train
BrCaWisconsin_81e3d00f1f4a4bfe9cd4d96eb97fe6b8.png,11156984810655863763,malignant (78),images/81e3d00f1f4a4bfe9cd4d96eb97fe6b8.png,masks/BrCaWisconsin_81e3d00f1f4a4bfe9cd4d96eb97fe6b8.png,data/raw/BrCaWisconsin/Dataset_BUSI_with_GT/malignant/malignant (78).png,data/raw/BrCaWisconsin/Dataset_BUSI_with_GT/malignant/malignant (78)_mask.png,512,512,malignant,train
BrCaWisconsin_02a66fff8f0c4c89a993d05cc6cc127e.png,15247366574698928415,malignant (187),images/02a66fff8f0c4c89a993d05cc6cc127e.png,masks/BrCaWisconsin_02a66fff8f0c4c89a993d05cc6cc127e.png,data/raw/BrCaWisconsin/Dataset_BUSI_with_GT/malignant/malignant (187).png,data/raw/BrCaWisconsin/Dataset_BUSI_with_GT/malignant/malignant (187)_mask.png,512,512,malignant,train
BrCaWisconsin_d5ac54ab13a940b5ae35bb17b099f290.png,12473733575106894607,malignant (161),images/d5ac54ab13a940b5ae35bb17b099f290.png,masks/BrCaWisconsin_d5ac54ab13a940b5ae35bb17b099f290.png,data/raw/BrCaWisconsin/Dataset_BUSI_with_GT/malignant/malignant (161).png,data/raw/BrCaWisconsin/Dataset_BUSI_with_GT/malignant/malignant (161)_mask.png,512,512,malignant,train
BrCaWisconsin_f78638dec7f540d6b3ec5f0a6463e50f.png,5974249852581152399,malignant (144),images/f78638dec7f540d6b3ec5f0a6463e50f.png,masks/BrCaWisconsin_f78638dec7f540d6b3ec5f0a6463e50f.png,data/raw/BrCaWisconsin/Dataset_BUSI_with_GT/malignant/malignant (144).png,data/raw/BrCaWisconsin/Dataset_BUSI_with_GT/malignant/malignant (144)_mask.png,512,512,malignant,test
BrCaWisconsin_d0251954776f403aadee50cbb979bab7.png,6220126521017588568,malignant (59),images/d0251954776f403aadee50cbb979bab7.png,masks/BrCaWisconsin_d0251954776f403aadee50cbb979bab7.png,data/raw/BrCaWisconsin/Dataset_BUSI_with_GT/malignant/malignant (59).png,data/raw/BrCaWisconsin/Dataset_BUSI_with_GT/malignant/malignant (59)_mask.png,512,512,malignant,train
BrCaWisconsin_911d67b5ba0044c582d3f7a430cfb769.png,12331534363795459342,malignant (90),images/911d67b5ba0044c582d3f7a430cfb769.png,masks/BrCaWisconsin_911d67b5ba0044c582d3f7a430cfb769.png,data/raw/BrCaWisconsin/Dataset_BUSI_with_GT/malignant/malignant (90).png,data/raw/BrCaWisconsin/Dataset_BUSI_with_GT/malignant/malignant (90)_mask.png,512,512,malignant,train
BrCaWisconsin_b90aefb63d1240d6aef6c5365f70a35c.png,3588413550471089935,malignant (82),images/b90aefb63d1240d6aef6c5365f70a35c.png,masks/BrCaWisconsin_b90aefb63d1240d6aef6c5365f70a35c.png,data/raw/BrCaWisconsin/Dataset_BUSI_with_GT/malignant/malignant (82).png,data/raw/BrCaWisconsin/Dataset_BUSI_with_GT/malignant/malignant (82)_mask.png,512,512,malignant,train
BrCaWisconsin_b8712df0581344b5b9aa9a025d755bd6.png,10634602057720007566,malignant (23),images/b8712df0581344b5b9aa9a025d755bd6.png,masks/BrCaWisconsin_b8712df0581344b5b9aa9a025d755bd6.png,data/raw/BrCaWisconsin/Dataset_BUSI_with_GT/malignant/malignant (23).png,data/raw/BrCaWisconsin/Dataset_BUSI_with_GT/malignant/malignant (23)_mask.png,512,512,malignant,test
BrCaWisconsin_f95c4174cc6d4738b6248096d0c49ac9.png,15173441422858300465,malignant (113),images/f95c4174cc6d4738b6248096d0c49ac9.png,masks/BrCaWisconsin_f95c4174cc6d4738b6248096d0c49ac9.png,data/raw/BrCaWisconsin/Dataset_BUSI_with_GT/malignant/malignant (113).png,data/raw/BrCaWisconsin/Dataset_BUSI_with_GT/malignant/malignant (113)_mask.png,512,512,malignant,train
BrCaWisconsin_a64813fa4cfa4577a86eb48db6dc0a51.png,12264451970438674771,malignant (37),images/a64813fa4cfa4577a86eb48db6dc0a51.png,masks/BrCaWisconsin_a64813fa4cfa4577a86eb48db6dc0a51.png,data/raw/BrCaWisconsin/Dataset_BUSI_with_GT/malignant/malignant (37).png,data/raw/BrCaWisconsin/Dataset_BUSI_with_GT/malignant/malignant (37)_mask.png,512,512,malignant,train
BrCaWisconsin_3d104aa908c647f5912c62eb062c59f2.png,8418017872959688338,malignant (205),images/3d104aa908c647f5912c62eb062c59f2.png,masks/BrCaWisconsin_3d104aa908c647f5912c62eb062c59f2.png,data/raw/BrCaWisconsin/Dataset_BUSI_with_GT/malignant/malignant (205).png,data/raw/BrCaWisconsin/Dataset_BUSI_with_GT/malignant/malignant (205)_mask.png,512,512,malignant,train
BrCaWisconsin_98b1809a63e7456aa20c03d5d99ab88a.png,7335962021095093364,malignant (94),images/98b1809a63e7456aa20c03d5d99ab88a.png,masks/BrCaWisconsin_98b1809a63e7456aa20c03d5d99ab88a.png,data/raw/BrCaWisconsin/Dataset_BUSI_with_GT/malignant/malignant (94).png,data/raw/BrCaWisconsin/Dataset_BUSI_with_GT/malignant/malignant (94)_mask.png,512,512,malignant,train
BrCaWisconsin_c33f2a48fcf444268900a9c38de58985.png,5284259092654015494,malignant (152),images/c33f2a48fcf444268900a9c38de58985.png,masks/BrCaWisconsin_c33f2a48fcf444268900a9c38de58985.png,data/raw/BrCaWisconsin/Dataset_BUSI_with_GT/malignant/malignant (152).png,data/raw/BrCaWisconsin/Dataset_BUSI_with_GT/malignant/malignant (152)_mask.png,512,512,malignant,test
BrCaWisconsin_c5386b5641cb466c9f4c0e8567245718.png,4292846515157524628,malignant (1),images/c5386b5641cb466c9f4c0e8567245718.png,masks/BrCaWisconsin_c5386b5641cb466c9f4c0e8567245718.png,data/raw/BrCaWisconsin/Dataset_BUSI_with_GT/malignant/malignant (1).png,data/raw/BrCaWisconsin/Dataset_BUSI_with_GT/malignant/malignant (1)_mask.png,512,512,malignant,train
BrCaWisconsin_1d78eb8557674d5da152c4f91709c28d.png,10640925540635304803,malignant (28),images/1d78eb8557674d5da152c4f91709c28d.png,masks/BrCaWisconsin_1d78eb8557674d5da152c4f91709c28d.png,data/raw/BrCaWisconsin/Dataset_BUSI_with_GT/malignant/malignant (28).png,data/raw/BrCaWisconsin/Dataset_BUSI_with_GT/malignant/malignant (28)_mask.png,512,512,malignant,val
BrCaWisconsin_6e57ded851c7488c9097d57e5b16cab2.png,13323029159204523724,malignant (95),images/6e57ded851c7488c9097d57e5b16cab2.png,masks/BrCaWisconsin_6e57ded851c7488c9097d57e5b16cab2.png,data/raw/BrCaWisconsin/Dataset_BUSI_with_GT/malignant/malignant (95).png,data/raw/BrCaWisconsin/Dataset_BUSI_with_GT/malignant/malignant (95)_mask.png,512,512,malignant,train
BrCaWisconsin_06f4f13900434d578e4c4c26153544d4.png,10777993395923410278,malignant (110),images/06f4f13900434d578e4c4c26153544d4.png,masks/BrCaWisconsin_06f4f13900434d578e4c4c26153544d4.png,data/raw/BrCaWisconsin/Dataset_BUSI_with_GT/malignant/malignant (110).png,data/raw/BrCaWisconsin/Dataset_BUSI_with_GT/malignant/malignant (110)_mask.png,512,512,malignant,train
BrCaWisconsin_51e3657f0cd24d53b926752ef344634e.png,6171282294528822300,malignant (104),images/51e3657f0cd24d53b926752ef344634e.png,masks/BrCaWisconsin_51e3657f0cd24d53b926752ef344634e.png,data/raw/BrCaWisconsin/Dataset_BUSI_with_GT/malignant/malignant (104).png,data/raw/BrCaWisconsin/Dataset_BUSI_with_GT/malignant/malignant (104)_mask.png,512,512,malignant,train
BrCaWisconsin_85699b397acb4c8185b1ef3817891f2e.png,6220978335364315164,malignant (52),images/85699b397acb4c8185b1ef3817891f2e.png,masks/BrCaWisconsin_85699b397acb4c8185b1ef3817891f2e.png,data/raw/BrCaWisconsin/Dataset_BUSI_with_GT/malignant/malignant (52).png,data/raw/BrCaWisconsin/Dataset_BUSI_with_GT/malignant/malignant (52)_mask.png,512,512,malignant,train
BrCaWisconsin_e0f5e397d2a949e982d3a13ad7b48c77.png,3987037720156963079,malignant (145),images/e0f5e397d2a949e982d3a13ad7b48c77.png,masks/BrCaWisconsin_e0f5e397d2a949e982d3a13ad7b48c77.png,data/raw/BrCaWisconsin/Dataset_BUSI_with_GT/malignant/malignant (145).png,data/raw/BrCaWisconsin/Dataset_BUSI_with_GT/malignant/malignant (145)_mask.png,512,512,malignant,train
BrCaWisconsin_0128612dcb25456eb0dae0b599f19a83.png,15215466422262445735,malignant (169),images/0128612dcb25456eb0dae0b599f19a83.png,masks/BrCaWisconsin_0128612dcb25456eb0dae0b599f19a83.png,data/raw/BrCaWisconsin/Dataset_BUSI_with_GT/malignant/malignant (169).png,data/raw/BrCaWisconsin/Dataset_BUSI_with_GT/malignant/malignant (169)_mask.png,512,512,malignant,train
BrCaWisconsin_a5fffbdf8c1c4e8090c7a9e0acf758eb.png,5063901766790386033,malignant (186),images/a5fffbdf8c1c4e8090c7a9e0acf758eb.png,masks/BrCaWisconsin_a5fffbdf8c1c4e8090c7a9e0acf758eb.png,data/raw/BrCaWisconsin/Dataset_BUSI_with_GT/malignant/malignant (186).png,data/raw/BrCaWisconsin/Dataset_BUSI_with_GT/malignant/malignant (186)_mask.png,512,512,malignant,train
BrCaWisconsin_cd34020cf4fc4105a273b89e3fe1dc67.png,18060460272433163981,malignant (56),images/cd34020cf4fc4105a273b89e3fe1dc67.png,masks/BrCaWisconsin_cd34020cf4fc4105a273b89e3fe1dc67.png,data/raw/BrCaWisconsin/Dataset_BUSI_with_GT/malignant/malignant (56).png,data/raw/BrCaWisconsin/Dataset_BUSI_with_GT/malignant/malignant (56)_mask.png,512,512,malignant,train
BrCaWisconsin_f579f9d01e2f4a57bf35b3d56c778ec3.png,15430948303640356386,malignant (131),images/f579f9d01e2f4a57bf35b3d56c778ec3.png,masks/BrCaWisconsin_f579f9d01e2f4a57bf35b3d56c778ec3.png,data/raw/BrCaWisconsin/Dataset_BUSI_with_GT/malignant/malignant (131).png,data/raw/BrCaWisconsin/Dataset_BUSI_with_GT/malignant/malignant (131)_mask.png,512,512,malignant,train
BrCaWisconsin_6baf645fc09c4f70a6db81101d6b771e.png,15660855991016836940,malignant (182),images/6baf645fc09c4f70a6db81101d6b771e.png,masks/BrCaWisconsin_6baf645fc09c4f70a6db81101d6b771e.png,data/raw/BrCaWisconsin/Dataset_BUSI_with_GT/malignant/malignant (182).png,data/raw/BrCaWisconsin/Dataset_BUSI_with_GT/malignant/malignant (182)_mask.png,512,512,malignant,train
BrCaWisconsin_62c2afbac3e8448ea5df14207353b785.png,5806786805892555426,malignant (2),images/62c2afbac3e8448ea5df14207353b785.png,masks/BrCaWisconsin_62c2afbac3e8448ea5df14207353b785.png,data/raw/BrCaWisconsin/Dataset_BUSI_with_GT/malignant/malignant (2).png,data/raw/BrCaWisconsin/Dataset_BUSI_with_GT/malignant/malignant (2)_mask.png,512,512,malignant,test
BrCaWisconsin_37d3541e89f74228b25bc2fc2ed2776e.png,11946445665247528839,malignant (128),images/37d3541e89f74228b25bc2fc2ed2776e.png,masks/BrCaWisconsin_37d3541e89f74228b25bc2fc2ed2776e.png,data/raw/BrCaWisconsin/Dataset_BUSI_with_GT/malignant/malignant (128).png,data/raw/BrCaWisconsin/Dataset_BUSI_with_GT/malignant/malignant (128)_mask.png,512,512,malignant,test
BrCaWisconsin_2af7724d7632468c8c5e73bd05942c2a.png,14639322747527936817,malignant (73),images/2af7724d7632468c8c5e73bd05942c2a.png,masks/BrCaWisconsin_2af7724d7632468c8c5e73bd05942c2a.png,data/raw/BrCaWisconsin/Dataset_BUSI_with_GT/malignant/malignant (73).png,data/raw/BrCaWisconsin/Dataset_BUSI_with_GT/malignant/malignant (73)_mask.png,512,512,malignant,test
BrCaWisconsin_ff6791f4fb6442b390a561011939e792.png,2582202590886743823,malignant (201),images/ff6791f4fb6442b390a561011939e792.png,masks/BrCaWisconsin_ff6791f4fb6442b390a561011939e792.png,data/raw/BrCaWisconsin/Dataset_BUSI_with_GT/malignant/malignant (201).png,data/raw/BrCaWisconsin/Dataset_BUSI_with_GT/malignant/malignant (201)_mask.png,512,512,malignant,train
BrCaWisconsin_08b3813629dd493bbf11b390737e391e.png,16754677275835267129,malignant (76),images/08b3813629dd493bbf11b390737e391e.png,masks/BrCaWisconsin_08b3813629dd493bbf11b390737e391e.png,data/raw/BrCaWisconsin/Dataset_BUSI_with_GT/malignant/malignant (76).png,data/raw/BrCaWisconsin/Dataset_BUSI_with_GT/malignant/malignant (76)_mask.png,512,512,malignant,val
BrCaWisconsin_edd20366b6a541b7b8ab35267681ec79.png,12153752551204769483,malignant (25),images/edd20366b6a541b7b8ab35267681ec79.png,masks/BrCaWisconsin_edd20366b6a541b7b8ab35267681ec79.png,data/raw/BrCaWisconsin/Dataset_BUSI_with_GT/malignant/malignant (25).png,data/raw/BrCaWisconsin/Dataset_BUSI_with_GT/malignant/malignant (25)_mask.png,512,512,malignant,test
BrCaWisconsin_cc4e4f2e378b4e319151e1e8016612ed.png,2419341927927151836,malignant (99),images/cc4e4f2e378b4e319151e1e8016612ed.png,masks/BrCaWisconsin_cc4e4f2e378b4e319151e1e8016612ed.png,data/raw/BrCaWisconsin/Dataset_BUSI_with_GT/malignant/malignant (99).png,data/raw/BrCaWisconsin/Dataset_BUSI_with_GT/malignant/malignant (99)_mask.png,512,512,malignant,train
BrCaWisconsin_6dc2cc98e72e48199a52c668e8eb63df.png,3218607859806703502,malignant (96),images/6dc2cc98e72e48199a52c668e8eb63df.png,masks/BrCaWisconsin_6dc2cc98e72e48199a52c668e8eb63df.png,data/raw/BrCaWisconsin/Dataset_BUSI_with_GT/malignant/malignant (96).png,data/raw/BrCaWisconsin/Dataset_BUSI_with_GT/malignant/malignant (96)_mask.png,512,512,malignant,train
BrCaWisconsin_d446d1dbc2db462ea6793b9912330d07.png,2844706470148403739,malignant (21),images/d446d1dbc2db462ea6793b9912330d07.png,masks/BrCaWisconsin_d446d1dbc2db462ea6793b9912330d07.png,data/raw/BrCaWisconsin/Dataset_BUSI_with_GT/malignant/malignant (21).png,data/raw/BrCaWisconsin/Dataset_BUSI_with_GT/malignant/malignant (21)_mask.png,512,512,malignant,train
BrCaWisconsin_440bd08cdcec4ee385359d2510bd86c2.png,5099575943764223397,malignant (167),images/440bd08cdcec4ee385359d2510bd86c2.png,masks/BrCaWisconsin_440bd08cdcec4ee385359d2510bd86c2.png,data/raw/BrCaWisconsin/Dataset_BUSI_with_GT/malignant/malignant (167).png,data/raw/BrCaWisconsin/Dataset_BUSI_with_GT/malignant/malignant (167)_mask.png,512,512,malignant,val
BrCaWisconsin_6ec66ff7abf244dcb7ca99c58a769821.png,7314746790731051809,malignant (173),images/6ec66ff7abf244dcb7ca99c58a769821.png,masks/BrCaWisconsin_6ec66ff7abf244dcb7ca99c58a769821.png,data/raw/BrCaWisconsin/Dataset_BUSI_with_GT/malignant/malignant (173).png,data/raw/BrCaWisconsin/Dataset_BUSI_with_GT/malignant/malignant (173)_mask.png,512,512,malignant,train
BrCaWisconsin_234d738187aa470abae7c3f3962302ba.png,3716182645968037703,malignant (203),images/234d738187aa470abae7c3f3962302ba.png,masks/BrCaWisconsin_234d738187aa470abae7c3f3962302ba.png,data/raw/BrCaWisconsin/Dataset_BUSI_with_GT/malignant/malignant (203).png,data/raw/BrCaWisconsin/Dataset_BUSI_with_GT/malignant/malignant (203)_mask.png,512,512,malignant,train
BrCaWisconsin_93c8f8df5f64457391169f2dff8559da.png,7460936758049223975,malignant (149),images/93c8f8df5f64457391169f2dff8559da.png,masks/BrCaWisconsin_93c8f8df5f64457391169f2dff8559da.png,data/raw/BrCaWisconsin/Dataset_BUSI_with_GT/malignant/malignant (149).png,data/raw/BrCaWisconsin/Dataset_BUSI_with_GT/malignant/malignant (149)_mask.png,512,512,malignant,train
BrCaWisconsin_c9d3d0ccb3a44d9ba8bfed45979f86e9.png,6029233192947175613,malignant (132),images/c9d3d0ccb3a44d9ba8bfed45979f86e9.png,masks/BrCaWisconsin_c9d3d0ccb3a44d9ba8bfed45979f86e9.png,data/raw/BrCaWisconsin/Dataset_BUSI_with_GT/malignant/malignant (132).png,data/raw/BrCaWisconsin/Dataset_BUSI_with_GT/malignant/malignant (132)_mask.png,512,512,malignant,val
BrCaWisconsin_9233b16c71e7498da4fd86f4fe9d7d50.png,5949416267933753127,malignant (165),images/9233b16c71e7498da4fd86f4fe9d7d50.png,masks/BrCaWisconsin_9233b16c71e7498da4fd86f4fe9d7d50.png,data/raw/BrCaWisconsin/Dataset_BUSI_with_GT/malignant/malignant (165).png,data/raw/BrCaWisconsin/Dataset_BUSI_with_GT/malignant/malignant (165)_mask.png,512,512,malignant,train
BrCaWisconsin_e988506821c841d59e11771fc89f36b2.png,13462548688782390098,malignant (146),images/e988506821c841d59e11771fc89f36b2.png,masks/BrCaWisconsin_e988506821c841d59e11771fc89f36b2.png,data/raw/BrCaWisconsin/Dataset_BUSI_with_GT/malignant/malignant (146).png,data/raw/BrCaWisconsin/Dataset_BUSI_with_GT/malignant/malignant (146)_mask.png,512,512,malignant,val
BrCaWisconsin_c6ab667e36134cbeb0cc6c45dc40370f.png,15046764802176884378,malignant (101),images/c6ab667e36134cbeb0cc6c45dc40370f.png,masks/BrCaWisconsin_c6ab667e36134cbeb0cc6c45dc40370f.png,data/raw/BrCaWisconsin/Dataset_BUSI_with_GT/malignant/malignant (101).png,data/raw/BrCaWisconsin/Dataset_BUSI_with_GT/malignant/malignant (101)_mask.png,512,512,malignant,train
BrCaWisconsin_f03ecc8a8f3a44c0b7e55b57e959118f.png,13018902013435517967,malignant (39),images/f03ecc8a8f3a44c0b7e55b57e959118f.png,masks/BrCaWisconsin_f03ecc8a8f3a44c0b7e55b57e959118f.png,data/raw/BrCaWisconsin/Dataset_BUSI_with_GT/malignant/malignant (39).png,data/raw/BrCaWisconsin/Dataset_BUSI_with_GT/malignant/malignant (39)_mask.png,512,512,malignant,train
BrCaWisconsin_4855170284bc4dcfb0adad7eed98f32f.png,6037265020572869419,malignant (43),images/4855170284bc4dcfb0adad7eed98f32f.png,masks/BrCaWisconsin_4855170284bc4dcfb0adad7eed98f32f.png,data/raw/BrCaWisconsin/Dataset_BUSI_with_GT/malignant/malignant (43).png,data/raw/BrCaWisconsin/Dataset_BUSI_with_GT/malignant/malignant (43)_mask.png,512,512,malignant,train
BrCaWisconsin_9ac90ff1d7954b4cb0fd9bb1d4836faa.png,8240120351410120534,malignant (34),images/9ac90ff1d7954b4cb0fd9bb1d4836faa.png,masks/BrCaWisconsin_9ac90ff1d7954b4cb0fd9bb1d4836faa.png,data/raw/BrCaWisconsin/Dataset_BUSI_with_GT/malignant/malignant (34).png,data/raw/BrCaWisconsin/Dataset_BUSI_with_GT/malignant/malignant (34)_mask.png,512,512,malignant,train
BrCaWisconsin_88911d58623b4d98a5019d09bf7af4db.png,10760311016153583247,malignant (63),images/88911d58623b4d98a5019d09bf7af4db.png,masks/BrCaWisconsin_88911d58623b4d98a5019d09bf7af4db.png,data/raw/BrCaWisconsin/Dataset_BUSI_with_GT/malignant/malignant (63).png,data/raw/BrCaWisconsin/Dataset_BUSI_with_GT/malignant/malignant (63)_mask.png,512,512,malignant,test
BrCaWisconsin_b28cfc0ee42945bca6924d77b4142bcf.png,3050504244166862631,malignant (18),images/b28cfc0ee42945bca6924d77b4142bcf.png,masks/BrCaWisconsin_b28cfc0ee42945bca6924d77b4142bcf.png,data/raw/BrCaWisconsin/Dataset_BUSI_with_GT/malignant/malignant (18).png,data/raw/BrCaWisconsin/Dataset_BUSI_with_GT/malignant/malignant (18)_mask.png,512,512,malignant,train
BrCaWisconsin_454e78b93e9848a4b2955a7f672681a9.png,8514281349397664343,malignant (120),images/454e78b93e9848a4b2955a7f672681a9.png,masks/BrCaWisconsin_454e78b93e9848a4b2955a7f672681a9.png,data/raw/BrCaWisconsin/Dataset_BUSI_with_GT/malignant/malignant (120).png,data/raw/BrCaWisconsin/Dataset_BUSI_with_GT/malignant/malignant (120)_mask.png,512,512,malignant,test
BrCaWisconsin_acfd50405ed94161b6a63e321f51ad70.png,15171102215310456944,malignant (170),images/acfd50405ed94161b6a63e321f51ad70.png,masks/BrCaWisconsin_acfd50405ed94161b6a63e321f51ad70.png,data/raw/BrCaWisconsin/Dataset_BUSI_with_GT/malignant/malignant (170).png,data/raw/BrCaWisconsin/Dataset_BUSI_with_GT/malignant/malignant (170)_mask.png,512,512,malignant,train
BrCaWisconsin_5157311ed6a546a7b2b9705b84f48e69.png,8343719903252164969,malignant (62),images/5157311ed6a546a7b2b9705b84f48e69.png,masks/BrCaWisconsin_5157311ed6a546a7b2b9705b84f48e69.png,data/raw/BrCaWisconsin/Dataset_BUSI_with_GT/malignant/malignant (62).png,data/raw/BrCaWisconsin/Dataset_BUSI_with_GT/malignant/malignant (62)_mask.png,512,512,malignant,val
BrCaWisconsin_9e1e73044b644069ac369c345ee5e1c5.png,4294774412116275754,malignant (193),images/9e1e73044b644069ac369c345ee5e1c5.png,masks/BrCaWisconsin_9e1e73044b644069ac369c345ee5e1c5.png,data/raw/BrCaWisconsin/Dataset_BUSI_with_GT/malignant/malignant (193).png,data/raw/BrCaWisconsin/Dataset_BUSI_with_GT/malignant/malignant (193)_mask.png,512,512,malignant,train
BrCaWisconsin_462c0738a30d45cc9f20e0b3fe124e3c.png,10495133390709896115,malignant (127),images/462c0738a30d45cc9f20e0b3fe124e3c.png,masks/BrCaWisconsin_462c0738a30d45cc9f20e0b3fe124e3c.png,data/raw/BrCaWisconsin/Dataset_BUSI_with_GT/malignant/malignant (127).png,data/raw/BrCaWisconsin/Dataset_BUSI_with_GT/malignant/malignant (127)_mask.png,512,512,malignant,train
BrCaWisconsin_578db9d4970546d3bdeb7030372bd004.png,1480184198573967044,malignant (150),images/578db9d4970546d3bdeb7030372bd004.png,masks/BrCaWisconsin_578db9d4970546d3bdeb7030372bd004.png,data/raw/BrCaWisconsin/Dataset_BUSI_with_GT/malignant/malignant (150).png,data/raw/BrCaWisconsin/Dataset_BUSI_with_GT/malignant/malignant (150)_mask.png,512,512,malignant,test
BrCaWisconsin_bb3099f762f74c889667ffc874d065fd.png,6240119456842692792,malignant (107),images/bb3099f762f74c889667ffc874d065fd.png,masks/BrCaWisconsin_bb3099f762f74c889667ffc874d065fd.png,data/raw/BrCaWisconsin/Dataset_BUSI_with_GT/malignant/malignant (107).png,data/raw/BrCaWisconsin/Dataset_BUSI_with_GT/malignant/malignant (107)_mask.png,512,512,malignant,train
BrCaWisconsin_66aa262b394947308ec9780470e90afe.png,15039254371457134897,malignant (176),images/66aa262b394947308ec9780470e90afe.png,masks/BrCaWisconsin_66aa262b394947308ec9780470e90afe.png,data/raw/BrCaWisconsin/Dataset_BUSI_with_GT/malignant/malignant (176).png,data/raw/BrCaWisconsin/Dataset_BUSI_with_GT/malignant/malignant (176)_mask.png,512,512,malignant,test
BrCaWisconsin_3a6183bd928b40f2ad1631e81b96049c.png,5932282677543842900,malignant (87),images/3a6183bd928b40f2ad1631e81b96049c.png,masks/BrCaWisconsin_3a6183bd928b40f2ad1631e81b96049c.png,data/raw/BrCaWisconsin/Dataset_BUSI_with_GT/malignant/malignant (87).png,data/raw/BrCaWisconsin/Dataset_BUSI_with_GT/malignant/malignant (87)_mask.png,512,512,malignant,train
BrCaWisconsin_847ee406ce124b9988542dd50be3ce03.png,11343382934435845971,malignant (38),images/847ee406ce124b9988542dd50be3ce03.png,masks/BrCaWisconsin_847ee406ce124b9988542dd50be3ce03.png,data/raw/BrCaWisconsin/Dataset_BUSI_with_GT/malignant/malignant (38).png,data/raw/BrCaWisconsin/Dataset_BUSI_with_GT/malignant/malignant (38)_mask.png,512,512,malignant,train
BrCaWisconsin_78e68601c0b8467eacaf881cd32afade.png,12316874760706249945,malignant (80),images/78e68601c0b8467eacaf881cd32afade.png,masks/BrCaWisconsin_78e68601c0b8467eacaf881cd32afade.png,data/raw/BrCaWisconsin/Dataset_BUSI_with_GT/malignant/malignant (80).png,data/raw/BrCaWisconsin/Dataset_BUSI_with_GT/malignant/malignant (80)_mask.png,512,512,malignant,train
BrCaWisconsin_31e3124526294e4c91cfc9167cbac8f6.png,15301134277894127910,malignant (14),images/31e3124526294e4c91cfc9167cbac8f6.png,masks/BrCaWisconsin_31e3124526294e4c91cfc9167cbac8f6.png,data/raw/BrCaWisconsin/Dataset_BUSI_with_GT/malignant/malignant (14).png,data/raw/BrCaWisconsin/Dataset_BUSI_with_GT/malignant/malignant (14)_mask.png,512,512,malignant,val
BrCaWisconsin_0fac5c92622643e69a274ba7013dfc6e.png,10688337710312711677,malignant (15),images/0fac5c92622643e69a274ba7013dfc6e.png,masks/BrCaWisconsin_0fac5c92622643e69a274ba7013dfc6e.png,data/raw/BrCaWisconsin/Dataset_BUSI_with_GT/malignant/malignant (15).png,data/raw/BrCaWisconsin/Dataset_BUSI_with_GT/malignant/malignant (15)_mask.png,512,512,malignant,train
BrCaWisconsin_ad706a663bc54e95b6ccbb32b12f2478.png,7302214722103319708,malignant (157),images/ad706a663bc54e95b6ccbb32b12f2478.png,masks/BrCaWisconsin_ad706a663bc54e95b6ccbb32b12f2478.png,data/raw/BrCaWisconsin/Dataset_BUSI_with_GT/malignant/malignant (157).png,data/raw/BrCaWisconsin/Dataset_BUSI_with_GT/malignant/malignant (157)_mask.png,512,512,malignant,train
BrCaWisconsin_920a1c263aff4d6fa225218e61df05e5.png,6139227128452845455,malignant (192),images/920a1c263aff4d6fa225218e61df05e5.png,masks/BrCaWisconsin_920a1c263aff4d6fa225218e61df05e5.png,data/raw/BrCaWisconsin/Dataset_BUSI_with_GT/malignant/malignant (192).png,data/raw/BrCaWisconsin/Dataset_BUSI_with_GT/malignant/malignant (192)_mask.png,512,512,malignant,train
BrCaWisconsin_7e8f19fad3b64e71a7d73ea6cb5a39b8.png,12450927451491421742,malignant (195),images/7e8f19fad3b64e71a7d73ea6cb5a39b8.png,masks/BrCaWisconsin_7e8f19fad3b64e71a7d73ea6cb5a39b8.png,data/raw/BrCaWisconsin/Dataset_BUSI_with_GT/malignant/malignant (195).png,data/raw/BrCaWisconsin/Dataset_BUSI_with_GT/malignant/malignant (195)_mask.png,512,512,malignant,train
BrCaWisconsin_60012064fa274acf8ef4e09c675b13ca.png,14457850726934538119,malignant (64),images/60012064fa274acf8ef4e09c675b13ca.png,masks/BrCaWisconsin_60012064fa274acf8ef4e09c675b13ca.png,data/raw/BrCaWisconsin/Dataset_BUSI_with_GT/malignant/malignant (64).png,data/raw/BrCaWisconsin/Dataset_BUSI_with_GT/malignant/malignant (64)_mask.png,512,512,malignant,train
BrCaWisconsin_84c688a014f544108841d64f376ea381.png,13018902013435518238,malignant (42),images/84c688a014f544108841d64f376ea381.png,masks/BrCaWisconsin_84c688a014f544108841d64f376ea381.png,data/raw/BrCaWisconsin/Dataset_BUSI_with_GT/malignant/malignant (42).png,data/raw/BrCaWisconsin/Dataset_BUSI_with_GT/malignant/malignant (42)_mask.png,512,512,malignant,train
BrCaWisconsin_0a278827bd55499bbafddfb2a1def2d8.png,10463142641424568587,malignant (126),images/0a278827bd55499bbafddfb2a1def2d8.png,masks/BrCaWisconsin_0a278827bd55499bbafddfb2a1def2d8.png,data/raw/BrCaWisconsin/Dataset_BUSI_with_GT/malignant/malignant (126).png,data/raw/BrCaWisconsin/Dataset_BUSI_with_GT/malignant/malignant (126)_mask.png,512,512,malignant,train
BrCaWisconsin_73e1b19d4d154a469bff7df4a83b1b1d.png,5927091437342725011,malignant (45),images/73e1b19d4d154a469bff7df4a83b1b1d.png,masks/BrCaWisconsin_73e1b19d4d154a469bff7df4a83b1b1d.png,data/raw/BrCaWisconsin/Dataset_BUSI_with_GT/malignant/malignant (45).png,data/raw/BrCaWisconsin/Dataset_BUSI_with_GT/malignant/malignant (45)_mask.png,512,512,malignant,test
BrCaWisconsin_80a79d96dfdb4142bd38d88b3878246c.png,13028008091433883858,malignant (81),images/80a79d96dfdb4142bd38d88b3878246c.png,masks/BrCaWisconsin_80a79d96dfdb4142bd38d88b3878246c.png,data/raw/BrCaWisconsin/Dataset_BUSI_with_GT/malignant/malignant (81).png,data/raw/BrCaWisconsin/Dataset_BUSI_with_GT/malignant/malignant (81)_mask.png,512,512,malignant,train
BrCaWisconsin_c1ec4c88650346dfaaaf6ce96aefae1e.png,14616900766923249752,malignant (106),images/c1ec4c88650346dfaaaf6ce96aefae1e.png,masks/BrCaWisconsin_c1ec4c88650346dfaaaf6ce96aefae1e.png,data/raw/BrCaWisconsin/Dataset_BUSI_with_GT/malignant/malignant (106).png,data/raw/BrCaWisconsin/Dataset_BUSI_with_GT/malignant/malignant (106)_mask.png,512,512,malignant,train
BrCaWisconsin_9ea6f6370f804ac1a8f8b0b29ff99b9a.png,10658519117021497103,malignant (151),images/9ea6f6370f804ac1a8f8b0b29ff99b9a.png,masks/BrCaWisconsin_9ea6f6370f804ac1a8f8b0b29ff99b9a.png,data/raw/BrCaWisconsin/Dataset_BUSI_with_GT/malignant/malignant (151).png,data/raw/BrCaWisconsin/Dataset_BUSI_with_GT/malignant/malignant (151)_mask.png,512,512,malignant,train
BrCaWisconsin_606e5a57e0de4f67ac8c6f454f528ca7.png,1195378826433697676,malignant (171),images/606e5a57e0de4f67ac8c6f454f528ca7.png,masks/BrCaWisconsin_606e5a57e0de4f67ac8c6f454f528ca7.png,data/raw/BrCaWisconsin/Dataset_BUSI_with_GT/malignant/malignant (171).png,data/raw/BrCaWisconsin/Dataset_BUSI_with_GT/malignant/malignant (171)_mask.png,512,512,malignant,train
BrCaWisconsin_e10ce7ee15594f948a179aeb069d843f.png,13534942829449350543,malignant (69),images/e10ce7ee15594f948a179aeb069d843f.png,masks/BrCaWisconsin_e10ce7ee15594f948a179aeb069d843f.png,data/raw/BrCaWisconsin/Dataset_BUSI_with_GT/malignant/malignant (69).png,data/raw/BrCaWisconsin/Dataset_BUSI_with_GT/malignant/malignant (69)_mask.png,512,512,malignant,test
BrCaWisconsin_f1d5f130e6554d559a6626e20d5eb166.png,7668197376686089444,malignant (198),images/f1d5f130e6554d559a6626e20d5eb166.png,masks/BrCaWisconsin_f1d5f130e6554d559a6626e20d5eb166.png,data/raw/BrCaWisconsin/Dataset_BUSI_with_GT/malignant/malignant (198).png,data/raw/BrCaWisconsin/Dataset_BUSI_with_GT/malignant/malignant (198)_mask.png,512,512,malignant,train
BrCaWisconsin_5a5c6a35c74f4394ab0b934040c906ea.png,15197832918469123591,malignant (19),images/5a5c6a35c74f4394ab0b934040c906ea.png,masks/BrCaWisconsin_5a5c6a35c74f4394ab0b934040c906ea.png,data/raw/BrCaWisconsin/Dataset_BUSI_with_GT/malignant/malignant (19).png,data/raw/BrCaWisconsin/Dataset_BUSI_with_GT/malignant/malignant (19)_mask.png,512,512,malignant,train
BrCaWisconsin_e2adc394a9054ee9b5596e0c1aeea20a.png,6739965340342723176,malignant (13),images/e2adc394a9054ee9b5596e0c1aeea20a.png,masks/BrCaWisconsin_e2adc394a9054ee9b5596e0c1aeea20a.png,data/raw/BrCaWisconsin/Dataset_BUSI_with_GT/malignant/malignant (13).png,data/raw/BrCaWisconsin/Dataset_BUSI_with_GT/malignant/malignant (13)_mask.png,512,512,malignant,train
BrCaWisconsin_36725fee8b6b4b3d8bdd6a82cd02e853.png,13305364111651535131,malignant (48),images/36725fee8b6b4b3d8bdd6a82cd02e853.png,masks/BrCaWisconsin_36725fee8b6b4b3d8bdd6a82cd02e853.png,data/raw/BrCaWisconsin/Dataset_BUSI_with_GT/malignant/malignant (48).png,data/raw/BrCaWisconsin/Dataset_BUSI_with_GT/malignant/malignant (48)_mask.png,512,512,malignant,train
BrCaWisconsin_6bf31609fcca490dbab0a819e29e906c.png,12280318267463458262,malignant (35),images/6bf31609fcca490dbab0a819e29e906c.png,masks/BrCaWisconsin_6bf31609fcca490dbab0a819e29e906c.png,data/raw/BrCaWisconsin/Dataset_BUSI_with_GT/malignant/malignant (35).png,data/raw/BrCaWisconsin/Dataset_BUSI_with_GT/malignant/malignant (35)_mask.png,512,512,malignant,train
BrCaWisconsin_d69ec0f3054d43b38c0d65c1421458ba.png,12228624068245359375,malignant (32),images/d69ec0f3054d43b38c0d65c1421458ba.png,masks/BrCaWisconsin_d69ec0f3054d43b38c0d65c1421458ba.png,data/raw/BrCaWisconsin/Dataset_BUSI_with_GT/malignant/malignant (32).png,data/raw/BrCaWisconsin/Dataset_BUSI_with_GT/malignant/malignant (32)_mask.png,512,512,malignant,train
BrCaWisconsin_396eadfa26c946798a67dcd5c3a4c962.png,11143511234402636954,malignant (156),images/396eadfa26c946798a67dcd5c3a4c962.png,masks/BrCaWisconsin_396eadfa26c946798a67dcd5c3a4c962.png,data/raw/BrCaWisconsin/Dataset_BUSI_with_GT/malignant/malignant (156).png,data/raw/BrCaWisconsin/Dataset_BUSI_with_GT/malignant/malignant (156)_mask.png,512,512,malignant,val
BrCaWisconsin_7e872f15adf2431280a0e61b51f6d173.png,2404164219215812632,malignant (100),images/7e872f15adf2431280a0e61b51f6d173.png,masks/BrCaWisconsin_7e872f15adf2431280a0e61b51f6d173.png,data/raw/BrCaWisconsin/Dataset_BUSI_with_GT/malignant/malignant (100).png,data/raw/BrCaWisconsin/Dataset_BUSI_with_GT/malignant/malignant (100)_mask.png,512,512,malignant,train
BrCaWisconsin_b988770e846c4610aad2ad0899a70215.png,10140537007944053746,malignant (86),images/b988770e846c4610aad2ad0899a70215.png,masks/BrCaWisconsin_b988770e846c4610aad2ad0899a70215.png,data/raw/BrCaWisconsin/Dataset_BUSI_with_GT/malignant/malignant (86).png,data/raw/BrCaWisconsin/Dataset_BUSI_with_GT/malignant/malignant (86)_mask.png,512,512,malignant,train
BrCaWisconsin_c0332bb9af0c4148bac477a261fc8cb2.png,15389742086514122086,malignant (12),images/c0332bb9af0c4148bac477a261fc8cb2.png,masks/BrCaWisconsin_c0332bb9af0c4148bac477a261fc8cb2.png,data/raw/BrCaWisconsin/Dataset_BUSI_with_GT/malignant/malignant (12).png,data/raw/BrCaWisconsin/Dataset_BUSI_with_GT/malignant/malignant (12)_mask.png,512,512,malignant,train
BrCaWisconsin_6deb840b2a4647a8b9220217c5fe7344.png,5957604411111138446,malignant (121),images/6deb840b2a4647a8b9220217c5fe7344.png,masks/BrCaWisconsin_6deb840b2a4647a8b9220217c5fe7344.png,data/raw/BrCaWisconsin/Dataset_BUSI_with_GT/malignant/malignant (121).png,data/raw/BrCaWisconsin/Dataset_BUSI_with_GT/malignant/malignant (121)_mask.png,512,512,malignant,train
BrCaWisconsin_368a9a1e391042ad956ce39d0357b925.png,11918114126238780941,malignant (177),images/368a9a1e391042ad956ce39d0357b925.png,masks/BrCaWisconsin_368a9a1e391042ad956ce39d0357b925.png,data/raw/BrCaWisconsin/Dataset_BUSI_with_GT/malignant/malignant (177).png,data/raw/BrCaWisconsin/Dataset_BUSI_with_GT/malignant/malignant (177)_mask.png,512,512,malignant,train
BrCaWisconsin_f3c2294b5f5845b085235395a84d83cf.png,17053111808133685899,malignant (65),images/f3c2294b5f5845b085235395a84d83cf.png,masks/BrCaWisconsin_f3c2294b5f5845b085235395a84d83cf.png,data/raw/BrCaWisconsin/Dataset_BUSI_with_GT/malignant/malignant (65).png,data/raw/BrCaWisconsin/Dataset_BUSI_with_GT/malignant/malignant (65)_mask.png,512,512,malignant,train
BrCaWisconsin_dd74e82378244b8ba2e230170398a313.png,5966932732052583861,malignant (49),images/dd74e82378244b8ba2e230170398a313.png,masks/BrCaWisconsin_dd74e82378244b8ba2e230170398a313.png,data/raw/BrCaWisconsin/Dataset_BUSI_with_GT/malignant/malignant (49).png,data/raw/BrCaWisconsin/Dataset_BUSI_with_GT/malignant/malignant (49)_mask.png,512,512,malignant,train
BrCaWisconsin_405c5d9f1de84f3d88fd848d1c02925e.png,6604612592942795853,malignant (199),images/405c5d9f1de84f3d88fd848d1c02925e.png,masks/BrCaWisconsin_405c5d9f1de84f3d88fd848d1c02925e.png,data/raw/BrCaWisconsin/Dataset_BUSI_with_GT/malignant/malignant (199).png,data/raw/BrCaWisconsin/Dataset_BUSI_with_GT/malignant/malignant (199)_mask.png,512,512,malignant,train
BrCaWisconsin_bd42bdd1eebe42d68b69724f5fbf5445.png,2620702118467166561,malignant (194),images/bd42bdd1eebe42d68b69724f5fbf5445.png,masks/BrCaWisconsin_bd42bdd1eebe42d68b69724f5fbf5445.png,data/raw/BrCaWisconsin/Dataset_BUSI_with_GT/malignant/malignant (194).png,data/raw/BrCaWisconsin/Dataset_BUSI_with_GT/malignant/malignant (194)_mask.png,512,512,malignant,train
BrCaWisconsin_52051d161de24e129f253c968bf7f3f6.png,12869411752610865050,malignant (33),images/52051d161de24e129f253c968bf7f3f6.png,masks/BrCaWisconsin_52051d161de24e129f253c968bf7f3f6.png,data/raw/BrCaWisconsin/Dataset_BUSI_with_GT/malignant/malignant (33).png,data/raw/BrCaWisconsin/Dataset_BUSI_with_GT/malignant/malignant (33)_mask.png,512,512,malignant,train
BrCaWisconsin_6e124df3f01140b481c0dc475ff98222.png,7609863515379805753,malignant (44),images/6e124df3f01140b481c0dc475ff98222.png,masks/BrCaWisconsin_6e124df3f01140b481c0dc475ff98222.png,data/raw/BrCaWisconsin/Dataset_BUSI_with_GT/malignant/malignant (44).png,data/raw/BrCaWisconsin/Dataset_BUSI_with_GT/malignant/malignant (44)_mask.png,512,512,malignant,train
BrCaWisconsin_de9010387e6f4528a41b9e41c60733e8.png,10589465566200238359,malignant (68),images/de9010387e6f4528a41b9e41c60733e8.png,masks/BrCaWisconsin_de9010387e6f4528a41b9e41c60733e8.png,data/raw/BrCaWisconsin/Dataset_BUSI_with_GT/malignant/malignant (68).png,data/raw/BrCaWisconsin/Dataset_BUSI_with_GT/malignant/malignant (68)_mask.png,512,512,malignant,test
BrCaWisconsin_fc8f0f61703e4af4b6d7905471be2428.png,2898675682616452205,benign (246),images/fc8f0f61703e4af4b6d7905471be2428.png,masks/BrCaWisconsin_fc8f0f61703e4af4b6d7905471be2428.png,data/raw/BrCaWisconsin/Dataset_BUSI_with_GT/benign/benign (246).png,data/raw/BrCaWisconsin/Dataset_BUSI_with_GT/benign/benign (246)_mask.png,512,512,benign,test
BrCaWisconsin_fe6a5b516fe6446f9b6c581760c9ab06.png,1418329088246975416,benign (328),images/fe6a5b516fe6446f9b6c581760c9ab06.png,masks/BrCaWisconsin_fe6a5b516fe6446f9b6c581760c9ab06.png,data/raw/BrCaWisconsin/Dataset_BUSI_with_GT/benign/benign (328).png,data/raw/BrCaWisconsin/Dataset_BUSI_with_GT/benign/benign (328)_mask.png,512,512,benign,train
BrCaWisconsin_3a2a2b38833a4d5bbd67c5bb7d2467a4.png,11045822140432527667,benign (282),images/3a2a2b38833a4d5bbd67c5bb7d2467a4.png,masks/BrCaWisconsin_3a2a2b38833a4d5bbd67c5bb7d2467a4.png,data/raw/BrCaWisconsin/Dataset_BUSI_with_GT/benign/benign (282).png,data/raw/BrCaWisconsin/Dataset_BUSI_with_GT/benign/benign (282)_mask.png,512,512,benign,train
BrCaWisconsin_890b90d71c5a4d89b9018418b7c713bf.png,10756049723478167246,benign (136),images/890b90d71c5a4d89b9018418b7c713bf.png,masks/BrCaWisconsin_890b90d71c5a4d89b9018418b7c713bf.png,data/raw/BrCaWisconsin/Dataset_BUSI_with_GT/benign/benign (136).png,data/raw/BrCaWisconsin/Dataset_BUSI_with_GT/benign/benign (136)_mask.png,512,512,benign,train
BrCaWisconsin_846e9fedcc904755be85c09659c64e51.png,10900977800863721444,benign (300),images/846e9fedcc904755be85c09659c64e51.png,masks/BrCaWisconsin_846e9fedcc904755be85c09659c64e51.png,data/raw/BrCaWisconsin/Dataset_BUSI_with_GT/benign/benign (300).png,data/raw/BrCaWisconsin/Dataset_BUSI_with_GT/benign/benign (300)_mask.png,512,512,benign,train
BrCaWisconsin_aee3a6184636452ebdf366f6f9a53cd6.png,6317589122254674122,benign (144),images/aee3a6184636452ebdf366f6f9a53cd6.png,masks/BrCaWisconsin_aee3a6184636452ebdf366f6f9a53cd6.png,data/raw/BrCaWisconsin/Dataset_BUSI_with_GT/benign/benign (144).png,data/raw/BrCaWisconsin/Dataset_BUSI_with_GT/benign/benign (144)_mask.png,512,512,benign,train
BrCaWisconsin_a9d1ca72bac74e288609b134487cc57c.png,1500572628019876510,benign (87),images/a9d1ca72bac74e288609b134487cc57c.png,masks/BrCaWisconsin_a9d1ca72bac74e288609b134487cc57c.png,data/raw/BrCaWisconsin/Dataset_BUSI_with_GT/benign/benign (87).png,data/raw/BrCaWisconsin/Dataset_BUSI_with_GT/benign/benign (87)_mask.png,512,512,benign,train
BrCaWisconsin_30851b830f11466fae957864e85b8b3b.png,2623356424715594185,benign (82),images/30851b830f11466fae957864e85b8b3b.png,masks/BrCaWisconsin_30851b830f11466fae957864e85b8b3b.png,data/raw/BrCaWisconsin/Dataset_BUSI_with_GT/benign/benign (82).png,data/raw/BrCaWisconsin/Dataset_BUSI_with_GT/benign/benign (82)_mask.png,512,512,benign,test
BrCaWisconsin_f871559aa90749a59c60d8bcc8c0cd35.png,7697944566939346241,benign (185),images/f871559aa90749a59c60d8bcc8c0cd35.png,masks/BrCaWisconsin_f871559aa90749a59c60d8bcc8c0cd35.png,data/raw/BrCaWisconsin/Dataset_BUSI_with_GT/benign/benign (185).png,data/raw/BrCaWisconsin/Dataset_BUSI_with_GT/benign/benign (185)_mask.png,512,512,benign,train
BrCaWisconsin_5bcc108691a8419b943807b1e123f37f.png,8839923049266140372,benign (390),images/5bcc108691a8419b943807b1e123f37f.png,masks/BrCaWisconsin_5bcc108691a8419b943807b1e123f37f.png,data/raw/BrCaWisconsin/Dataset_BUSI_with_GT/benign/benign (390).png,data/raw/BrCaWisconsin/Dataset_BUSI_with_GT/benign/benign (390)_mask.png,512,512,benign,train
BrCaWisconsin_700730488c9147fb85d3e2482ef26c16.png,14022400442857607010,benign (34),images/700730488c9147fb85d3e2482ef26c16.png,masks/BrCaWisconsin_700730488c9147fb85d3e2482ef26c16.png,data/raw/BrCaWisconsin/Dataset_BUSI_with_GT/benign/benign (34).png,data/raw/BrCaWisconsin/Dataset_BUSI_with_GT/benign/benign (34)_mask.png,512,512,benign,test
BrCaWisconsin_e9e685934af849d397c710a583988c0d.png,1563213862049208472,benign (113),images/e9e685934af849d397c710a583988c0d.png,masks/BrCaWisconsin_e9e685934af849d397c710a583988c0d.png,data/raw/BrCaWisconsin/Dataset_BUSI_with_GT/benign/benign (113).png,data/raw/BrCaWisconsin/Dataset_BUSI_with_GT/benign/benign (113)_mask.png,512,512,benign,train
BrCaWisconsin_f2661c89cce24838be7a7d73beae5b2f.png,7335962012505437300,benign (406),images/f2661c89cce24838be7a7d73beae5b2f.png,masks/BrCaWisconsin_f2661c89cce24838be7a7d73beae5b2f.png,data/raw/BrCaWisconsin/Dataset_BUSI_with_GT/benign/benign (406).png,data/raw/BrCaWisconsin/Dataset_BUSI_with_GT/benign/benign (406)_mask.png,512,512,benign,train
BrCaWisconsin_6bfbb66c48704c82a72e1cfccae57b48.png,3082882937178392737,benign (369),images/6bfbb66c48704c82a72e1cfccae57b48.png,masks/BrCaWisconsin_6bfbb66c48704c82a72e1cfccae57b48.png,data/raw/BrCaWisconsin/Dataset_BUSI_with_GT/benign/benign (369).png,data/raw/BrCaWisconsin/Dataset_BUSI_with_GT/benign/benign (369)_mask.png,512,512,benign,train
BrCaWisconsin_1e8e492b363f4f27a37d0e34fe35827f.png,3703539795231937426,benign (386),images/1e8e492b363f4f27a37d0e34fe35827f.png,masks/BrCaWisconsin_1e8e492b363f4f27a37d0e34fe35827f.png,data/raw/BrCaWisconsin/Dataset_BUSI_with_GT/benign/benign (386).png,data/raw/BrCaWisconsin/Dataset_BUSI_with_GT/benign/benign (386)_mask.png,512,512,benign,train
BrCaWisconsin_bb47456aca894d9eb59033bf8f054688.png,8401056293501546774,benign (20),images/bb47456aca894d9eb59033bf8f054688.png,masks/BrCaWisconsin_bb47456aca894d9eb59033bf8f054688.png,data/raw/BrCaWisconsin/Dataset_BUSI_with_GT/benign/benign (20).png,data/raw/BrCaWisconsin/Dataset_BUSI_with_GT/benign/benign (20)_mask.png,512,512,benign,train
BrCaWisconsin_8ef24865257f458faaa2419683bd44d2.png,7755632086306847802,benign (105),images/8ef24865257f458faaa2419683bd44d2.png,masks/BrCaWisconsin_8ef24865257f458faaa2419683bd44d2.png,data/raw/BrCaWisconsin/Dataset_BUSI_with_GT/benign/benign (105).png,data/raw/BrCaWisconsin/Dataset_BUSI_with_GT/benign/benign (105)_mask.png,512,512,benign,train
BrCaWisconsin_e76c17992d304ecbb6a987bc113eac48.png,386906918269653907,benign (228),images/e76c17992d304ecbb6a987bc113eac48.png,masks/BrCaWisconsin_e76c17992d304ecbb6a987bc113eac48.png,data/raw/BrCaWisconsin/Dataset_BUSI_with_GT/benign/benign (228).png,data/raw/BrCaWisconsin/Dataset_BUSI_with_GT/benign/benign (228)_mask.png,512,512,benign,train
BrCaWisconsin_f716bda9a2d649869696eeac364e0349.png,10048484815170407307,benign (191),images/f716bda9a2d649869696eeac364e0349.png,masks/BrCaWisconsin_f716bda9a2d649869696eeac364e0349.png,data/raw/BrCaWisconsin/Dataset_BUSI_with_GT/benign/benign (191).png,data/raw/BrCaWisconsin/Dataset_BUSI_with_GT/benign/benign (191)_mask.png,512,512,benign,train
BrCaWisconsin_69f62151a44a447cb5d43a1ab2d923ba.png,12909308103722477865,benign (158),images/69f62151a44a447cb5d43a1ab2d923ba.png,masks/BrCaWisconsin_69f62151a44a447cb5d43a1ab2d923ba.png,data/raw/BrCaWisconsin/Dataset_BUSI_with_GT/benign/benign (158).png,data/raw/BrCaWisconsin/Dataset_BUSI_with_GT/benign/benign (158)_mask.png,512,512,benign,train
BrCaWisconsin_bc5c0c8040eb430bbff1a5e734fdde11.png,6022537333533818489,benign (410),images/bc5c0c8040eb430bbff1a5e734fdde11.png,masks/BrCaWisconsin_bc5c0c8040eb430bbff1a5e734fdde11.png,data/raw/BrCaWisconsin/Dataset_BUSI_with_GT/benign/benign (410).png,data/raw/BrCaWisconsin/Dataset_BUSI_with_GT/benign/benign (410)_mask.png,512,512,benign,train
BrCaWisconsin_cb94aaed0a814aef8ffe58c8b129f8ba.png,6004904632643146569,benign (294),images/cb94aaed0a814aef8ffe58c8b129f8ba.png,masks/BrCaWisconsin_cb94aaed0a814aef8ffe58c8b129f8ba.png,data/raw/BrCaWisconsin/Dataset_BUSI_with_GT/benign/benign (294).png,data/raw/BrCaWisconsin/Dataset_BUSI_with_GT/benign/benign (294)_mask.png,512,512,benign,test
BrCaWisconsin_cd7a3922c9b04644aa078a7ce6cdc038.png,1401935281012327239,benign (93),images/cd7a3922c9b04644aa078a7ce6cdc038.png,masks/BrCaWisconsin_cd7a3922c9b04644aa078a7ce6cdc038.png,data/raw/BrCaWisconsin/Dataset_BUSI_with_GT/benign/benign (93).png,data/raw/BrCaWisconsin/Dataset_BUSI_with_GT/benign/benign (93)_mask.png,512,512,benign,test
BrCaWisconsin_32535c506a3f4c4087c69e99b5ef13b9.png,16435515805073126493,benign (314),images/32535c506a3f4c4087c69e99b5ef13b9.png,masks/BrCaWisconsin_32535c506a3f4c4087c69e99b5ef13b9.png,data/raw/BrCaWisconsin/Dataset_BUSI_with_GT/benign/benign (314).png,data/raw/BrCaWisconsin/Dataset_BUSI_with_GT/benign/benign (314)_mask.png,512,512,benign,val
BrCaWisconsin_eb2bd86197974b16aaf656cbdd664b9e.png,7397221939496051505,benign (408),images/eb2bd86197974b16aaf656cbdd664b9e.png,masks/BrCaWisconsin_eb2bd86197974b16aaf656cbdd664b9e.png,data/raw/BrCaWisconsin/Dataset_BUSI_with_GT/benign/benign (408).png,data/raw/BrCaWisconsin/Dataset_BUSI_with_GT/benign/benign (408)_mask.png,512,512,benign,train
BrCaWisconsin_f56d30892c014bb09c473d29abb4ccec.png,12367925495162515958,benign (122),images/f56d30892c014bb09c473d29abb4ccec.png,masks/BrCaWisconsin_f56d30892c014bb09c473d29abb4ccec.png,data/raw/BrCaWisconsin/Dataset_BUSI_with_GT/benign/benign (122).png,data/raw/BrCaWisconsin/Dataset_BUSI_with_GT/benign/benign (122)_mask.png,512,512,benign,train
BrCaWisconsin_8bb95dbf71f845829bd4d3b7ceec4153.png,11846173266449852664,benign (152),images/8bb95dbf71f845829bd4d3b7ceec4153.png,masks/BrCaWisconsin_8bb95dbf71f845829bd4d3b7ceec4153.png,data/raw/BrCaWisconsin/Dataset_BUSI_with_GT/benign/benign (152).png,data/raw/BrCaWisconsin/Dataset_BUSI_with_GT/benign/benign (152)_mask.png,512,512,benign,train
BrCaWisconsin_ea5b06e4f36a4146a1bc1bff1f63b931.png,4853848522930552994,benign (252),images/ea5b06e4f36a4146a1bc1bff1f63b931.png,masks/BrCaWisconsin_ea5b06e4f36a4146a1bc1bff1f63b931.png,data/raw/BrCaWisconsin/Dataset_BUSI_with_GT/benign/benign (252).png,data/raw/BrCaWisconsin/Dataset_BUSI_with_GT/benign/benign (252)_mask.png,512,512,benign,train
BrCaWisconsin_94497facfe8742cbb4f797f721d91f07.png,14521816087042519160,benign (94),images/94497facfe8742cbb4f797f721d91f07.png,masks/BrCaWisconsin_94497facfe8742cbb4f797f721d91f07.png,data/raw/BrCaWisconsin/Dataset_BUSI_with_GT/benign/benign (94).png,data/raw/BrCaWisconsin/Dataset_BUSI_with_GT/benign/benign (94)_mask.png,512,512,benign,train
BrCaWisconsin_17701f77dba945d4b74b87d7204fc6c2.png,17570255668385002617,benign (200),images/17701f77dba945d4b74b87d7204fc6c2.png,masks/BrCaWisconsin_17701f77dba945d4b74b87d7204fc6c2.png,data/raw/BrCaWisconsin/Dataset_BUSI_with_GT/benign/benign (200).png,data/raw/BrCaWisconsin/Dataset_BUSI_with_GT/benign/benign (200)_mask.png,512,512,benign,train
BrCaWisconsin_a5a063cbbc9646a1addfba3d037ecbfd.png,6598436007071329838,benign (345),images/a5a063cbbc9646a1addfba3d037ecbfd.png,masks/BrCaWisconsin_a5a063cbbc9646a1addfba3d037ecbfd.png,data/raw/BrCaWisconsin/Dataset_BUSI_with_GT/benign/benign (345).png,data/raw/BrCaWisconsin/Dataset_BUSI_with_GT/benign/benign (345)_mask.png,512,512,benign,train
BrCaWisconsin_0421a75db14441c197d0c3c0794b8fa7.png,6721099508604233323,benign (209),images/0421a75db14441c197d0c3c0794b8fa7.png,masks/BrCaWisconsin_0421a75db14441c197d0c3c0794b8fa7.png,data/raw/BrCaWisconsin/Dataset_BUSI_with_GT/benign/benign (209).png,data/raw/BrCaWisconsin/Dataset_BUSI_with_GT/benign/benign (209)_mask.png,512,512,benign,train
BrCaWisconsin_008735d7b92f4c0186bdc04d9e280abd.png,5301397951103977739,benign (179),images/008735d7b92f4c0186bdc04d9e280abd.png,masks/BrCaWisconsin_008735d7b92f4c0186bdc04d9e280abd.png,data/raw/BrCaWisconsin/Dataset_BUSI_with_GT/benign/benign (179).png,data/raw/BrCaWisconsin/Dataset_BUSI_with_GT/benign/benign (179)_mask.png,512,512,benign,train
BrCaWisconsin_95e2c59e9149405fb32e05ae884767a0.png,2797740684567987282,benign (129),images/95e2c59e9149405fb32e05ae884767a0.png,masks/BrCaWisconsin_95e2c59e9149405fb32e05ae884767a0.png,data/raw/BrCaWisconsin/Dataset_BUSI_with_GT/benign/benign (129).png,data/raw/BrCaWisconsin/Dataset_BUSI_with_GT/benign/benign (129)_mask.png,512,512,benign,train
BrCaWisconsin_d4a710712e6e4383b7300cec10fd317b.png,11939646747407707867,benign (257),images/d4a710712e6e4383b7300cec10fd317b.png,masks/BrCaWisconsin_d4a710712e6e4383b7300cec10fd317b.png,data/raw/BrCaWisconsin/Dataset_BUSI_with_GT/benign/benign (257).png,data/raw/BrCaWisconsin/Dataset_BUSI_with_GT/benign/benign (257)_mask.png,512,512,benign,val
BrCaWisconsin_41c47175a65b4c8e84004029fee04ec7.png,9883337161398086798,benign (312),images/41c47175a65b4c8e84004029fee04ec7.png,masks/BrCaWisconsin_41c47175a65b4c8e84004029fee04ec7.png,data/raw/BrCaWisconsin/Dataset_BUSI_with_GT/benign/benign (312).png,data/raw/BrCaWisconsin/Dataset_BUSI_with_GT/benign/benign (312)_mask.png,512,512,benign,train
BrCaWisconsin_57463900203841689ddb0094d9623d0e.png,12199469750197258635,benign (103),images/57463900203841689ddb0094d9623d0e.png,masks/BrCaWisconsin_57463900203841689ddb0094d9623d0e.png,data/raw/BrCaWisconsin/Dataset_BUSI_with_GT/benign/benign (103).png,data/raw/BrCaWisconsin/Dataset_BUSI_with_GT/benign/benign (103)_mask.png,512,512,benign,train
BrCaWisconsin_12b743122ddf4cce9d3dd6e05752c536.png,6240821083095153178,benign (429),images/12b743122ddf4cce9d3dd6e05752c536.png,masks/BrCaWisconsin_12b743122ddf4cce9d3dd6e05752c536.png,data/raw/BrCaWisconsin/Dataset_BUSI_with_GT/benign/benign (429).png,data/raw/BrCaWisconsin/Dataset_BUSI_with_GT/benign/benign (429)_mask.png,512,512,benign,train
BrCaWisconsin_a2a08972be88464ebdc41bed45bf16d4.png,16737005493048635569,benign (335),images/a2a08972be88464ebdc41bed45bf16d4.png,masks/BrCaWisconsin_a2a08972be88464ebdc41bed45bf16d4.png,data/raw/BrCaWisconsin/Dataset_BUSI_with_GT/benign/benign (335).png,data/raw/BrCaWisconsin/Dataset_BUSI_with_GT/benign/benign (335)_mask.png,512,512,benign,test
BrCaWisconsin_ee375321378348b7ab41c17ab4eda024.png,5812920856115295794,benign (273),images/ee375321378348b7ab41c17ab4eda024.png,masks/BrCaWisconsin_ee375321378348b7ab41c17ab4eda024.png,data/raw/BrCaWisconsin/Dataset_BUSI_with_GT/benign/benign (273).png,data/raw/BrCaWisconsin/Dataset_BUSI_with_GT/benign/benign (273)_mask.png,512,512,benign,train
BrCaWisconsin_ead3be99073c4d32adb83c1ca9ca4e8f.png,1372916282849211185,benign (57),images/ead3be99073c4d32adb83c1ca9ca4e8f.png,masks/BrCaWisconsin_ead3be99073c4d32adb83c1ca9ca4e8f.png,data/raw/BrCaWisconsin/Dataset_BUSI_with_GT/benign/benign (57).png,data/raw/BrCaWisconsin/Dataset_BUSI_with_GT/benign/benign (57)_mask.png,512,512,benign,train
BrCaWisconsin_0637cd9c7a734f96aeb407c7e4a0fdd7.png,3050804582385296469,benign (267),images/0637cd9c7a734f96aeb407c7e4a0fdd7.png,masks/BrCaWisconsin_0637cd9c7a734f96aeb407c7e4a0fdd7.png,data/raw/BrCaWisconsin/Dataset_BUSI_with_GT/benign/benign (267).png,data/raw/BrCaWisconsin/Dataset_BUSI_with_GT/benign/benign (267)_mask.png,512,512,benign,train
BrCaWisconsin_622dc4465d154860a81b29cb62d000ba.png,12946258390975687751,benign (241),images/622dc4465d154860a81b29cb62d000ba.png,masks/BrCaWisconsin_622dc4465d154860a81b29cb62d000ba.png,data/raw/BrCaWisconsin/Dataset_BUSI_with_GT/benign/benign (241).png,data/raw/BrCaWisconsin/Dataset_BUSI_with_GT/benign/benign (241)_mask.png,512,512,benign,train
BrCaWisconsin_7fad91ddf72746418a818a13d3270249.png,3141517659458478501,benign (321),images/7fad91ddf72746418a818a13d3270249.png,masks/BrCaWisconsin_7fad91ddf72746418a818a13d3270249.png,data/raw/BrCaWisconsin/Dataset_BUSI_with_GT/benign/benign (321).png,data/raw/BrCaWisconsin/Dataset_BUSI_with_GT/benign/benign (321)_mask.png,512,512,benign,train
BrCaWisconsin_183a28bd569b46ec929d272e66fbaecf.png,1483331421982516856,benign (304),images/183a28bd569b46ec929d272e66fbaecf.png,masks/BrCaWisconsin_183a28bd569b46ec929d272e66fbaecf.png,data/raw/BrCaWisconsin/Dataset_BUSI_with_GT/benign/benign (304).png,data/raw/BrCaWisconsin/Dataset_BUSI_with_GT/benign/benign (304)_mask.png,512,512,benign,train
BrCaWisconsin_cbbb286dc0d240ceb45f9ad1b9bcbe04.png,12369617047475905228,benign (117),images/cbbb286dc0d240ceb45f9ad1b9bcbe04.png,masks/BrCaWisconsin_cbbb286dc0d240ceb45f9ad1b9bcbe04.png,data/raw/BrCaWisconsin/Dataset_BUSI_with_GT/benign/benign (117).png,data/raw/BrCaWisconsin/Dataset_BUSI_with_GT/benign/benign (117)_mask.png,512,512,benign,val
BrCaWisconsin_a2e17cb1cb1d437a860783db21ff7c52.png,1993471428164708712,benign (187),images/a2e17cb1cb1d437a860783db21ff7c52.png,masks/BrCaWisconsin_a2e17cb1cb1d437a860783db21ff7c52.png,data/raw/BrCaWisconsin/Dataset_BUSI_with_GT/benign/benign (187).png,data/raw/BrCaWisconsin/Dataset_BUSI_with_GT/benign/benign (187)_mask.png,512,512,benign,test
BrCaWisconsin_e4701f9103cc4f36a44c95b3839f98fd.png,6509274126448388203,benign (41),images/e4701f9103cc4f36a44c95b3839f98fd.png,masks/BrCaWisconsin_e4701f9103cc4f36a44c95b3839f98fd.png,data/raw/BrCaWisconsin/Dataset_BUSI_with_GT/benign/benign (41).png,data/raw/BrCaWisconsin/Dataset_BUSI_with_GT/benign/benign (41)_mask.png,512,512,benign,train
BrCaWisconsin_deac5100aebe4ebc9dd5edae087c2a75.png,7680421660070245107,benign (168),images/deac5100aebe4ebc9dd5edae087c2a75.png,masks/BrCaWisconsin_deac5100aebe4ebc9dd5edae087c2a75.png,data/raw/BrCaWisconsin/Dataset_BUSI_with_GT/benign/benign (168).png,data/raw/BrCaWisconsin/Dataset_BUSI_with_GT/benign/benign (168)_mask.png,512,512,benign,train
BrCaWisconsin_0cc3fa18117c4944b7a77cf35bfd7370.png,15885247148197180726,benign (392),images/0cc3fa18117c4944b7a77cf35bfd7370.png,masks/BrCaWisconsin_0cc3fa18117c4944b7a77cf35bfd7370.png,data/raw/BrCaWisconsin/Dataset_BUSI_with_GT/benign/benign (392).png,data/raw/BrCaWisconsin/Dataset_BUSI_with_GT/benign/benign (392)_mask.png,512,512,benign,train
BrCaWisconsin_28de8a6ad51d438196569d1944c302bc.png,10842937867645466801,benign (216),images/28de8a6ad51d438196569d1944c302bc.png,masks/BrCaWisconsin_28de8a6ad51d438196569d1944c302bc.png,data/raw/BrCaWisconsin/Dataset_BUSI_with_GT/benign/benign (216).png,data/raw/BrCaWisconsin/Dataset_BUSI_with_GT/benign/benign (216)_mask.png,512,512,benign,train
BrCaWisconsin_dfc1b18d35614106b70a9c08e334f583.png,1995413087044866370,benign (353),images/dfc1b18d35614106b70a9c08e334f583.png,masks/BrCaWisconsin_dfc1b18d35614106b70a9c08e334f583.png,data/raw/BrCaWisconsin/Dataset_BUSI_with_GT/benign/benign (353).png,data/raw/BrCaWisconsin/Dataset_BUSI_with_GT/benign/benign (353)_mask.png,512,512,benign,val
BrCaWisconsin_64af2c9a4c0e4eae98dcc8857c70efa1.png,7666628382358364645,benign (15),images/64af2c9a4c0e4eae98dcc8857c70efa1.png,masks/BrCaWisconsin_64af2c9a4c0e4eae98dcc8857c70efa1.png,data/raw/BrCaWisconsin/Dataset_BUSI_with_GT/benign/benign (15).png,data/raw/BrCaWisconsin/Dataset_BUSI_with_GT/benign/benign (15)_mask.png,512,512,benign,test
BrCaWisconsin_45473a0d1a1c4a1b8cfffd3433f12bd3.png,10676863061040956974,benign (16),images/45473a0d1a1c4a1b8cfffd3433f12bd3.png,masks/BrCaWisconsin_45473a0d1a1c4a1b8cfffd3433f12bd3.png,data/raw/BrCaWisconsin/Dataset_BUSI_with_GT/benign/benign (16).png,data/raw/BrCaWisconsin/Dataset_BUSI_with_GT/benign/benign (16)_mask.png,512,512,benign,test
BrCaWisconsin_9018b6f3b54d479494947a54935ed3a9.png,14525123422183420540,benign (61),images/9018b6f3b54d479494947a54935ed3a9.png,masks/BrCaWisconsin_9018b6f3b54d479494947a54935ed3a9.png,data/raw/BrCaWisconsin/Dataset_BUSI_with_GT/benign/benign (61).png,data/raw/BrCaWisconsin/Dataset_BUSI_with_GT/benign/benign (61)_mask.png,512,512,benign,train
BrCaWisconsin_ec518c41797a490ca9375993a282db1c.png,11784401427343156070,benign (148),images/ec518c41797a490ca9375993a282db1c.png,masks/BrCaWisconsin_ec518c41797a490ca9375993a282db1c.png,data/raw/BrCaWisconsin/Dataset_BUSI_with_GT/benign/benign (148).png,data/raw/BrCaWisconsin/Dataset_BUSI_with_GT/benign/benign (148)_mask.png,512,512,benign,val
BrCaWisconsin_f176273eed1e48aeb09a108cc70c7c08.png,3652540848165850599,benign (43),images/f176273eed1e48aeb09a108cc70c7c08.png,masks/BrCaWisconsin_f176273eed1e48aeb09a108cc70c7c08.png,data/raw/BrCaWisconsin/Dataset_BUSI_with_GT/benign/benign (43).png,data/raw/BrCaWisconsin/Dataset_BUSI_with_GT/benign/benign (43)_mask.png,512,512,benign,train
BrCaWisconsin_5aa812b4285f42dbbbb3d52995622505.png,6239934275833328876,benign (324),images/5aa812b4285f42dbbbb3d52995622505.png,masks/BrCaWisconsin_5aa812b4285f42dbbbb3d52995622505.png,data/raw/BrCaWisconsin/Dataset_BUSI_with_GT/benign/benign (324).png,data/raw/BrCaWisconsin/Dataset_BUSI_with_GT/benign/benign (324)_mask.png,512,512,benign,train
BrCaWisconsin_e67c671093304787a8f8272a01da612c.png,5965903516091376483,benign (411),images/e67c671093304787a8f8272a01da612c.png,masks/BrCaWisconsin_e67c671093304787a8f8272a01da612c.png,data/raw/BrCaWisconsin/Dataset_BUSI_with_GT/benign/benign (411).png,data/raw/BrCaWisconsin/Dataset_BUSI_with_GT/benign/benign (411)_mask.png,512,512,benign,train
BrCaWisconsin_60a165a2eac345a4875adc193030b4f2.png,10695016419795611407,benign (261),images/60a165a2eac345a4875adc193030b4f2.png,masks/BrCaWisconsin_60a165a2eac345a4875adc193030b4f2.png,data/raw/BrCaWisconsin/Dataset_BUSI_with_GT/benign/benign (261).png,data/raw/BrCaWisconsin/Dataset_BUSI_with_GT/benign/benign (261)_mask.png,512,512,benign,val
BrCaWisconsin_1f9c36a581f74e6d9f8cb3b7cc13be17.png,7686292782245851955,benign (36),images/1f9c36a581f74e6d9f8cb3b7cc13be17.png,masks/BrCaWisconsin_1f9c36a581f74e6d9f8cb3b7cc13be17.png,data/raw/BrCaWisconsin/Dataset_BUSI_with_GT/benign/benign (36).png,data/raw/BrCaWisconsin/Dataset_BUSI_with_GT/benign/benign (36)_mask.png,512,512,benign,train
BrCaWisconsin_9c9401efb68c434b8a31c2ccbc32230a.png,1425049072020603366,benign (39),images/9c9401efb68c434b8a31c2ccbc32230a.png,masks/BrCaWisconsin_9c9401efb68c434b8a31c2ccbc32230a.png,data/raw/BrCaWisconsin/Dataset_BUSI_with_GT/benign/benign (39).png,data/raw/BrCaWisconsin/Dataset_BUSI_with_GT/benign/benign (39)_mask.png,512,512,benign,train
BrCaWisconsin_c86a301ab1d94bf28549b842af62074a.png,2787087831550550840,benign (231),images/c86a301ab1d94bf28549b842af62074a.png,masks/BrCaWisconsin_c86a301ab1d94bf28549b842af62074a.png,data/raw/BrCaWisconsin/Dataset_BUSI_with_GT/benign/benign (231).png,data/raw/BrCaWisconsin/Dataset_BUSI_with_GT/benign/benign (231)_mask.png,512,512,benign,test
BrCaWisconsin_b618fedced7a40e1a2cc8d9270baecbc.png,8330003763570494799,benign (373),images/b618fedced7a40e1a2cc8d9270baecbc.png,masks/BrCaWisconsin_b618fedced7a40e1a2cc8d9270baecbc.png,data/raw/BrCaWisconsin/Dataset_BUSI_with_GT/benign/benign (373).png,data/raw/BrCaWisconsin/Dataset_BUSI_with_GT/benign/benign (373)_mask.png,512,512,benign,train
BrCaWisconsin_e8d16ade8b1c436da867cf54999f4a71.png,10703286593681283931,benign (236),images/e8d16ade8b1c436da867cf54999f4a71.png,masks/BrCaWisconsin_e8d16ade8b1c436da867cf54999f4a71.png,data/raw/BrCaWisconsin/Dataset_BUSI_with_GT/benign/benign (236).png,data/raw/BrCaWisconsin/Dataset_BUSI_with_GT/benign/benign (236)_mask.png,512,512,benign,train
BrCaWisconsin_851171a2c51c4076805160155fe813f7.png,3865964737042423577,benign (377),images/851171a2c51c4076805160155fe813f7.png,masks/BrCaWisconsin_851171a2c51c4076805160155fe813f7.png,data/raw/BrCaWisconsin/Dataset_BUSI_with_GT/benign/benign (377).png,data/raw/BrCaWisconsin/Dataset_BUSI_with_GT/benign/benign (377)_mask.png,512,512,benign,train
BrCaWisconsin_5dfebdaa68f044daac5ac384f974a0dd.png,6514058367799056923,benign (141),images/5dfebdaa68f044daac5ac384f974a0dd.png,masks/BrCaWisconsin_5dfebdaa68f044daac5ac384f974a0dd.png,data/raw/BrCaWisconsin/Dataset_BUSI_with_GT/benign/benign (141).png,data/raw/BrCaWisconsin/Dataset_BUSI_with_GT/benign/benign (141)_mask.png,512,512,benign,train
BrCaWisconsin_21825290b640498499075d0f6e58b6a1.png,17139717768133717974,benign (188),images/21825290b640498499075d0f6e58b6a1.png,masks/BrCaWisconsin_21825290b640498499075d0f6e58b6a1.png,data/raw/BrCaWisconsin/Dataset_BUSI_with_GT/benign/benign (188).png,data/raw/BrCaWisconsin/Dataset_BUSI_with_GT/benign/benign (188)_mask.png,512,512,benign,val
BrCaWisconsin_c4cd37a8323e430f968dc11671bd4433.png,3838673531884061895,benign (155),images/c4cd37a8323e430f968dc11671bd4433.png,masks/BrCaWisconsin_c4cd37a8323e430f968dc11671bd4433.png,data/raw/BrCaWisconsin/Dataset_BUSI_with_GT/benign/benign (155).png,data/raw/BrCaWisconsin/Dataset_BUSI_with_GT/benign/benign (155)_mask.png,512,512,benign,train
BrCaWisconsin_a227c19dadd84e5cac7e01b6e75dbe68.png,16044772101479516555,benign (109),images/a227c19dadd84e5cac7e01b6e75dbe68.png,masks/BrCaWisconsin_a227c19dadd84e5cac7e01b6e75dbe68.png,data/raw/BrCaWisconsin/Dataset_BUSI_with_GT/benign/benign (109).png,data/raw/BrCaWisconsin/Dataset_BUSI_with_GT/benign/benign (109)_mask.png,512,512,benign,train
BrCaWisconsin_a2b5f448e2a84398a0f27645c13292d8.png,2797074760480379245,benign (363),images/a2b5f448e2a84398a0f27645c13292d8.png,masks/BrCaWisconsin_a2b5f448e2a84398a0f27645c13292d8.png,data/raw/BrCaWisconsin/Dataset_BUSI_with_GT/benign/benign (363).png,data/raw/BrCaWisconsin/Dataset_BUSI_with_GT/benign/benign (363)_mask.png,512,512,benign,test
BrCaWisconsin_480d0ec3afc54308ab7b9f6ebfd139fb.png,1348162490133368560,benign (225),images/480d0ec3afc54308ab7b9f6ebfd139fb.png,masks/BrCaWisconsin_480d0ec3afc54308ab7b9f6ebfd139fb.png,data/raw/BrCaWisconsin/Dataset_BUSI_with_GT/benign/benign (225).png,data/raw/BrCaWisconsin/Dataset_BUSI_with_GT/benign/benign (225)_mask.png,512,512,benign,train
BrCaWisconsin_4f535193030749e8b563fd2f9335e43c.png,14584224161783440948,benign (365),images/4f535193030749e8b563fd2f9335e43c.png,masks/BrCaWisconsin_4f535193030749e8b563fd2f9335e43c.png,data/raw/BrCaWisconsin/Dataset_BUSI_with_GT/benign/benign (365).png,data/raw/BrCaWisconsin/Dataset_BUSI_with_GT/benign/benign (365)_mask.png,512,512,benign,train
BrCaWisconsin_0ac658366d0f47699eab3cc490b6a63d.png,3860805721198940723,benign (220),images/0ac658366d0f47699eab3cc490b6a63d.png,masks/BrCaWisconsin_0ac658366d0f47699eab3cc490b6a63d.png,data/raw/BrCaWisconsin/Dataset_BUSI_with_GT/benign/benign (220).png,data/raw/BrCaWisconsin/Dataset_BUSI_with_GT/benign/benign (220)_mask.png,512,512,benign,train
BrCaWisconsin_3feb4d1b73ea4bdbb9feaae08e4bf72c.png,8256952281501149224,benign (296),images/3feb4d1b73ea4bdbb9feaae08e4bf72c.png,masks/BrCaWisconsin_3feb4d1b73ea4bdbb9feaae08e4bf72c.png,data/raw/BrCaWisconsin/Dataset_BUSI_with_GT/benign/benign (296).png,data/raw/BrCaWisconsin/Dataset_BUSI_with_GT/benign/benign (296)_mask.png,512,512,benign,train
BrCaWisconsin_353bca8a64ff48c5a8cd65b0c8221857.png,1925204426702470156,benign (77),images/353bca8a64ff48c5a8cd65b0c8221857.png,masks/BrCaWisconsin_353bca8a64ff48c5a8cd65b0c8221857.png,data/raw/BrCaWisconsin/Dataset_BUSI_with_GT/benign/benign (77).png,data/raw/BrCaWisconsin/Dataset_BUSI_with_GT/benign/benign (77)_mask.png,512,512,benign,train
BrCaWisconsin_1109f32d0077400c81e15d7acc186ced.png,12300405176020930665,benign (98),images/1109f32d0077400c81e15d7acc186ced.png,masks/BrCaWisconsin_1109f32d0077400c81e15d7acc186ced.png,data/raw/BrCaWisconsin/Dataset_BUSI_with_GT/benign/benign (98).png,data/raw/BrCaWisconsin/Dataset_BUSI_with_GT/benign/benign (98)_mask.png,512,512,benign,train
BrCaWisconsin_34c8c46548c3473398f29ca395ab7fc1.png,5504742171171548810,benign (405),images/34c8c46548c3473398f29ca395ab7fc1.png,masks/BrCaWisconsin_34c8c46548c3473398f29ca395ab7fc1.png,data/raw/BrCaWisconsin/Dataset_BUSI_with_GT/benign/benign (405).png,data/raw/BrCaWisconsin/Dataset_BUSI_with_GT/benign/benign (405)_mask.png,512,512,benign,train
BrCaWisconsin_fe825d6703234e81acfcf94a4a556d5e.png,11201779203798854088,benign (319),images/fe825d6703234e81acfcf94a4a556d5e.png,masks/BrCaWisconsin_fe825d6703234e81acfcf94a4a556d5e.png,data/raw/BrCaWisconsin/Dataset_BUSI_with_GT/benign/benign (319).png,data/raw/BrCaWisconsin/Dataset_BUSI_with_GT/benign/benign (319)_mask.png,512,512,benign,train
BrCaWisconsin_7539e23bf48e48fb91de6b11210f029c.png,7666628399538233797,benign (332),images/7539e23bf48e48fb91de6b11210f029c.png,masks/BrCaWisconsin_7539e23bf48e48fb91de6b11210f029c.png,data/raw/BrCaWisconsin/Dataset_BUSI_with_GT/benign/benign (332).png,data/raw/BrCaWisconsin/Dataset_BUSI_with_GT/benign/benign (332)_mask.png,512,512,benign,train
BrCaWisconsin_b1d618b7f55f4cde9afff84f8667377f.png,6130053112564920949,benign (298),images/b1d618b7f55f4cde9afff84f8667377f.png,masks/BrCaWisconsin_b1d618b7f55f4cde9afff84f8667377f.png,data/raw/BrCaWisconsin/Dataset_BUSI_with_GT/benign/benign (298).png,data/raw/BrCaWisconsin/Dataset_BUSI_with_GT/benign/benign (298)_mask.png,512,512,benign,train
BrCaWisconsin_1dbcbdf2a26941abac89353433971eac.png,10911142422770197440,benign (277),images/1dbcbdf2a26941abac89353433971eac.png,masks/BrCaWisconsin_1dbcbdf2a26941abac89353433971eac.png,data/raw/BrCaWisconsin/Dataset_BUSI_with_GT/benign/benign (277).png,data/raw/BrCaWisconsin/Dataset_BUSI_with_GT/benign/benign (277)_mask.png,512,512,benign,val
BrCaWisconsin_782f91716c494eef91e0c1041a879459.png,6103948443109119188,benign (342),images/782f91716c494eef91e0c1041a879459.png,masks/BrCaWisconsin_782f91716c494eef91e0c1041a879459.png,data/raw/BrCaWisconsin/Dataset_BUSI_with_GT/benign/benign (342).png,data/raw/BrCaWisconsin/Dataset_BUSI_with_GT/benign/benign (342)_mask.png,512,512,benign,train
BrCaWisconsin_cb7bc3898b2d4479ad48c72c01caa2be.png,4122683541740382408,benign (2),images/cb7bc3898b2d4479ad48c72c01caa2be.png,masks/BrCaWisconsin_cb7bc3898b2d4479ad48c72c01caa2be.png,data/raw/BrCaWisconsin/Dataset_BUSI_with_GT/benign/benign (2).png,data/raw/BrCaWisconsin/Dataset_BUSI_with_GT/benign/benign (2)_mask.png,512,512,benign,train
BrCaWisconsin_c97bef110ff14c7898c7eabccda13cb3.png,15737839729247507425,benign (174),images/c97bef110ff14c7898c7eabccda13cb3.png,masks/BrCaWisconsin_c97bef110ff14c7898c7eabccda13cb3.png,data/raw/BrCaWisconsin/Dataset_BUSI_with_GT/benign/benign (174).png,data/raw/BrCaWisconsin/Dataset_BUSI_with_GT/benign/benign (174)_mask.png,512,512,benign,train
BrCaWisconsin_25bc7c848dbc40e5aa594a471e950485.png,7320442086831482919,benign (430),images/25bc7c848dbc40e5aa594a471e950485.png,masks/BrCaWisconsin_25bc7c848dbc40e5aa594a471e950485.png,data/raw/BrCaWisconsin/Dataset_BUSI_with_GT/benign/benign (430).png,data/raw/BrCaWisconsin/Dataset_BUSI_with_GT/benign/benign (430)_mask.png,512,512,benign,train
BrCaWisconsin_da8c65ae2eea4c3baa107844fc23b3eb.png,15805467871593163288,benign (125),images/da8c65ae2eea4c3baa107844fc23b3eb.png,masks/BrCaWisconsin_da8c65ae2eea4c3baa107844fc23b3eb.png,data/raw/BrCaWisconsin/Dataset_BUSI_with_GT/benign/benign (125).png,data/raw/BrCaWisconsin/Dataset_BUSI_with_GT/benign/benign (125)_mask.png,512,512,benign,train
BrCaWisconsin_a4964acff83b4b01beb1267bbd63083c.png,11045822140436722483,benign (204),images/a4964acff83b4b01beb1267bbd63083c.png,masks/BrCaWisconsin_a4964acff83b4b01beb1267bbd63083c.png,data/raw/BrCaWisconsin/Dataset_BUSI_with_GT/benign/benign (204).png,data/raw/BrCaWisconsin/Dataset_BUSI_with_GT/benign/benign (204)_mask.png,512,512,benign,train
BrCaWisconsin_cca5a6510bdc4d9a834c28dbbd05628c.png,3915269427412211471,benign (349),images/cca5a6510bdc4d9a834c28dbbd05628c.png,masks/BrCaWisconsin_cca5a6510bdc4d9a834c28dbbd05628c.png,data/raw/BrCaWisconsin/Dataset_BUSI_with_GT/benign/benign (349).png,data/raw/BrCaWisconsin/Dataset_BUSI_with_GT/benign/benign (349)_mask.png,512,512,benign,val
BrCaWisconsin_90b545c8ccbd41c29c0998d305990b4d.png,1345717319362715700,benign (338),images/90b545c8ccbd41c29c0998d305990b4d.png,masks/BrCaWisconsin_90b545c8ccbd41c29c0998d305990b4d.png,data/raw/BrCaWisconsin/Dataset_BUSI_with_GT/benign/benign (338).png,data/raw/BrCaWisconsin/Dataset_BUSI_with_GT/benign/benign (338)_mask.png,512,512,benign,train
BrCaWisconsin_1bb32b255041479a91b5a13db80c5f04.png,10062785748795829616,benign (172),images/1bb32b255041479a91b5a13db80c5f04.png,masks/BrCaWisconsin_1bb32b255041479a91b5a13db80c5f04.png,data/raw/BrCaWisconsin/Dataset_BUSI_with_GT/benign/benign (172).png,data/raw/BrCaWisconsin/Dataset_BUSI_with_GT/benign/benign (172)_mask.png,512,512,benign,train
BrCaWisconsin_2d3ffe88f13343008ee73ab9f7f5861f.png,8235775144499999155,benign (424),images/2d3ffe88f13343008ee73ab9f7f5861f.png,masks/BrCaWisconsin_2d3ffe88f13343008ee73ab9f7f5861f.png,data/raw/BrCaWisconsin/Dataset_BUSI_with_GT/benign/benign (424).png,data/raw/BrCaWisconsin/Dataset_BUSI_with_GT/benign/benign (424)_mask.png,512,512,benign,val
BrCaWisconsin_ae01c38df4d04e2c81e0f2be668270d2.png,5501065122860004305,benign (76),images/ae01c38df4d04e2c81e0f2be668270d2.png,masks/BrCaWisconsin_ae01c38df4d04e2c81e0f2be668270d2.png,data/raw/BrCaWisconsin/Dataset_BUSI_with_GT/benign/benign (76).png,data/raw/BrCaWisconsin/Dataset_BUSI_with_GT/benign/benign (76)_mask.png,512,512,benign,val
BrCaWisconsin_56302e8e82474d3db334ba26b216566b.png,10656152313647384304,benign (62),images/56302e8e82474d3db334ba26b216566b.png,masks/BrCaWisconsin_56302e8e82474d3db334ba26b216566b.png,data/raw/BrCaWisconsin/Dataset_BUSI_with_GT/benign/benign (62).png,data/raw/BrCaWisconsin/Dataset_BUSI_with_GT/benign/benign (62)_mask.png,512,512,benign,train
BrCaWisconsin_112dbb09a7be4914950e3722c3ad1ecb.png,6220978472806283288,benign (164),images/112dbb09a7be4914950e3722c3ad1ecb.png,masks/BrCaWisconsin_112dbb09a7be4914950e3722c3ad1ecb.png,data/raw/BrCaWisconsin/Dataset_BUSI_with_GT/benign/benign (164).png,data/raw/BrCaWisconsin/Dataset_BUSI_with_GT/benign/benign (164)_mask.png,512,512,benign,train
BrCaWisconsin_e0584d0856eb4fe398cf12696bb4bdbd.png,8812235887945036211,benign (308),images/e0584d0856eb4fe398cf12696bb4bdbd.png,masks/BrCaWisconsin_e0584d0856eb4fe398cf12696bb4bdbd.png,data/raw/BrCaWisconsin/Dataset_BUSI_with_GT/benign/benign (308).png,data/raw/BrCaWisconsin/Dataset_BUSI_with_GT/benign/benign (308)_mask.png,512,512,benign,train
BrCaWisconsin_9ba655b8591549aba21f58285852d486.png,1604097875209674252,benign (426),images/9ba655b8591549aba21f58285852d486.png,masks/BrCaWisconsin_9ba655b8591549aba21f58285852d486.png,data/raw/BrCaWisconsin/Dataset_BUSI_with_GT/benign/benign (426).png,data/raw/BrCaWisconsin/Dataset_BUSI_with_GT/benign/benign (426)_mask.png,512,512,benign,train
BrCaWisconsin_310260f6d8f24102936c1d42b3494d97.png,12509430611226890802,benign (133),images/310260f6d8f24102936c1d42b3494d97.png,masks/BrCaWisconsin_310260f6d8f24102936c1d42b3494d97.png,data/raw/BrCaWisconsin/Dataset_BUSI_with_GT/benign/benign (133).png,data/raw/BrCaWisconsin/Dataset_BUSI_with_GT/benign/benign (133)_mask.png,512,512,benign,train
BrCaWisconsin_695df30159454cc099f19973e23ccbe4.png,6437427676888972309,benign (6),images/695df30159454cc099f19973e23ccbe4.png,masks/BrCaWisconsin_695df30159454cc099f19973e23ccbe4.png,data/raw/BrCaWisconsin/Dataset_BUSI_with_GT/benign/benign (6).png,data/raw/BrCaWisconsin/Dataset_BUSI_with_GT/benign/benign (6)_mask.png,512,512,benign,train
BrCaWisconsin_071ec1a4447844d3a4b0a91e6e0e2113.png,3735659318555053417,benign (160),images/071ec1a4447844d3a4b0a91e6e0e2113.png,masks/BrCaWisconsin_071ec1a4447844d3a4b0a91e6e0e2113.png,data/raw/BrCaWisconsin/Dataset_BUSI_with_GT/benign/benign (160).png,data/raw/BrCaWisconsin/Dataset_BUSI_with_GT/benign/benign (160)_mask.png,512,512,benign,train
BrCaWisconsin_d99fed9799b24df0ba7f94e1c47cf7d9.png,1546698929989163089,benign (356),images/d99fed9799b24df0ba7f94e1c47cf7d9.png,masks/BrCaWisconsin_d99fed9799b24df0ba7f94e1c47cf7d9.png,data/raw/BrCaWisconsin/Dataset_BUSI_with_GT/benign/benign (356).png,data/raw/BrCaWisconsin/Dataset_BUSI_with_GT/benign/benign (356)_mask.png,512,512,benign,train
BrCaWisconsin_de4beaae039c4fdbbad3288759205fb5.png,11138690872610411604,benign (427),images/de4beaae039c4fdbbad3288759205fb5.png,masks/BrCaWisconsin_de4beaae039c4fdbbad3288759205fb5.png,data/raw/BrCaWisconsin/Dataset_BUSI_with_GT/benign/benign (427).png,data/raw/BrCaWisconsin/Dataset_BUSI_with_GT/benign/benign (427)_mask.png,512,512,benign,train
BrCaWisconsin_18a582cf880642fcaf525aac980bcc4b.png,6144639306056623722,benign (275),images/18a582cf880642fcaf525aac980bcc4b.png,masks/BrCaWisconsin_18a582cf880642fcaf525aac980bcc4b.png,data/raw/BrCaWisconsin/Dataset_BUSI_with_GT/benign/benign (275).png,data/raw/BrCaWisconsin/Dataset_BUSI_with_GT/benign/benign (275)_mask.png,512,512,benign,train
BrCaWisconsin_b9aba1fb748c447ab1ffc93982343f78.png,11211045321338696627,benign (333),images/b9aba1fb748c447ab1ffc93982343f78.png,masks/BrCaWisconsin_b9aba1fb748c447ab1ffc93982343f78.png,data/raw/BrCaWisconsin/Dataset_BUSI_with_GT/benign/benign (333).png,data/raw/BrCaWisconsin/Dataset_BUSI_with_GT/benign/benign (333)_mask.png,512,512,benign,train
BrCaWisconsin_64875e5347784308a02d97f7da91bad4.png,6491879054777618441,benign (132),images/64875e5347784308a02d97f7da91bad4.png,masks/BrCaWisconsin_64875e5347784308a02d97f7da91bad4.png,data/raw/BrCaWisconsin/Dataset_BUSI_with_GT/benign/benign (132).png,data/raw/BrCaWisconsin/Dataset_BUSI_with_GT/benign/benign (132)_mask.png,512,512,benign,train
BrCaWisconsin_f9e44614e172430fb6fe9b47eedc2144.png,14791889724189774107,benign (309),images/f9e44614e172430fb6fe9b47eedc2144.png,masks/BrCaWisconsin_f9e44614e172430fb6fe9b47eedc2144.png,data/raw/BrCaWisconsin/Dataset_BUSI_with_GT/benign/benign (309).png,data/raw/BrCaWisconsin/Dataset_BUSI_with_GT/benign/benign (309)_mask.png,512,512,benign,train
BrCaWisconsin_a6882afbcd494c8b8f13955df65386c0.png,6140106867572402222,benign (380),images/a6882afbcd494c8b8f13955df65386c0.png,masks/BrCaWisconsin_a6882afbcd494c8b8f13955df65386c0.png,data/raw/BrCaWisconsin/Dataset_BUSI_with_GT/benign/benign (380).png,data/raw/BrCaWisconsin/Dataset_BUSI_with_GT/benign/benign (380)_mask.png,512,512,benign,test
BrCaWisconsin_11b6fc0599eb4315a89b34c77437b42c.png,13500192541016632627,benign (165),images/11b6fc0599eb4315a89b34c77437b42c.png,masks/BrCaWisconsin_11b6fc0599eb4315a89b34c77437b42c.png,data/raw/BrCaWisconsin/Dataset_BUSI_with_GT/benign/benign (165).png,data/raw/BrCaWisconsin/Dataset_BUSI_with_GT/benign/benign (165)_mask.png,512,512,benign,train
BrCaWisconsin_4298524763244895a93449701f17af6e.png,5312884349054887459,benign (394),images/4298524763244895a93449701f17af6e.png,masks/BrCaWisconsin_4298524763244895a93449701f17af6e.png,data/raw/BrCaWisconsin/Dataset_BUSI_with_GT/benign/benign (394).png,data/raw/BrCaWisconsin/Dataset_BUSI_with_GT/benign/benign (394)_mask.png,512,512,benign,train
BrCaWisconsin_864ba432790045949ec81231ec97d92e.png,16783400746084823392,benign (13),images/864ba432790045949ec81231ec97d92e.png,masks/BrCaWisconsin_864ba432790045949ec81231ec97d92e.png,data/raw/BrCaWisconsin/Dataset_BUSI_with_GT/benign/benign (13).png,data/raw/BrCaWisconsin/Dataset_BUSI_with_GT/benign/benign (13)_mask.png,512,512,benign,train
BrCaWisconsin_d303c46c797e4e8c8450daf3c668202f.png,12052711862504309964,benign (173),images/d303c46c797e4e8c8450daf3c668202f.png,masks/BrCaWisconsin_d303c46c797e4e8c8450daf3c668202f.png,data/raw/BrCaWisconsin/Dataset_BUSI_with_GT/benign/benign (173).png,data/raw/BrCaWisconsin/Dataset_BUSI_with_GT/benign/benign (173)_mask.png,512,512,benign,val
BrCaWisconsin_1c2c2a90668e4de09799c6736ef0b1d2.png,5143510097076138890,benign (327),images/1c2c2a90668e4de09799c6736ef0b1d2.png,masks/BrCaWisconsin_1c2c2a90668e4de09799c6736ef0b1d2.png,data/raw/BrCaWisconsin/Dataset_BUSI_with_GT/benign/benign (327).png,data/raw/BrCaWisconsin/Dataset_BUSI_with_GT/benign/benign (327)_mask.png,512,512,benign,train
BrCaWisconsin_07f04568830a43daaa7da3f7157b347f.png,10496509578523004188,benign (111),images/07f04568830a43daaa7da3f7157b347f.png,masks/BrCaWisconsin_07f04568830a43daaa7da3f7157b347f.png,data/raw/BrCaWisconsin/Dataset_BUSI_with_GT/benign/benign (111).png,data/raw/BrCaWisconsin/Dataset_BUSI_with_GT/benign/benign (111)_mask.png,512,512,benign,train
BrCaWisconsin_90eb3b95a74f4fbc8e82a11e90154510.png,12047354208395505323,benign (348),images/90eb3b95a74f4fbc8e82a11e90154510.png,masks/BrCaWisconsin_90eb3b95a74f4fbc8e82a11e90154510.png,data/raw/BrCaWisconsin/Dataset_BUSI_with_GT/benign/benign (348).png,data/raw/BrCaWisconsin/Dataset_BUSI_with_GT/benign/benign (348)_mask.png,512,512,benign,train
BrCaWisconsin_b10dc23430af467e9f2174c300a4132b.png,12345652285474665586,benign (3),images/b10dc23430af467e9f2174c300a4132b.png,masks/BrCaWisconsin_b10dc23430af467e9f2174c300a4132b.png,data/raw/BrCaWisconsin/Dataset_BUSI_with_GT/benign/benign (3).png,data/raw/BrCaWisconsin/Dataset_BUSI_with_GT/benign/benign (3)_mask.png,512,512,benign,train
BrCaWisconsin_ca296b302e5d48f3881cf05a8aa1229d.png,3560469771914246765,benign (69),images/ca296b302e5d48f3881cf05a8aa1229d.png,masks/BrCaWisconsin_ca296b302e5d48f3881cf05a8aa1229d.png,data/raw/BrCaWisconsin/Dataset_BUSI_with_GT/benign/benign (69).png,data/raw/BrCaWisconsin/Dataset_BUSI_with_GT/benign/benign (69)_mask.png,512,512,benign,train
BrCaWisconsin_faa2b759732e47a6953389b71ac9742d.png,7686603933280455788,benign (431),images/faa2b759732e47a6953389b71ac9742d.png,masks/BrCaWisconsin_faa2b759732e47a6953389b71ac9742d.png,data/raw/BrCaWisconsin/Dataset_BUSI_with_GT/benign/benign (431).png,data/raw/BrCaWisconsin/Dataset_BUSI_with_GT/benign/benign (431)_mask.png,512,512,benign,train
BrCaWisconsin_d6572cb48e23466abd9bae7a25cf027b.png,11639768291083675800,benign (124),images/d6572cb48e23466abd9bae7a25cf027b.png,masks/BrCaWisconsin_d6572cb48e23466abd9bae7a25cf027b.png,data/raw/BrCaWisconsin/Dataset_BUSI_with_GT/benign/benign (124).png,data/raw/BrCaWisconsin/Dataset_BUSI_with_GT/benign/benign (124)_mask.png,512,512,benign,train
BrCaWisconsin_d3959e105007433fade45d55efbbc08d.png,5424925312436000199,benign (299),images/d3959e105007433fade45d55efbbc08d.png,masks/BrCaWisconsin_d3959e105007433fade45d55efbbc08d.png,data/raw/BrCaWisconsin/Dataset_BUSI_with_GT/benign/benign (299).png,data/raw/BrCaWisconsin/Dataset_BUSI_with_GT/benign/benign (299)_mask.png,512,512,benign,test
BrCaWisconsin_8078ea2b235944cab19a2d1d59275d0b.png,5877656774327235377,benign (276),images/8078ea2b235944cab19a2d1d59275d0b.png,masks/BrCaWisconsin_8078ea2b235944cab19a2d1d59275d0b.png,data/raw/BrCaWisconsin/Dataset_BUSI_with_GT/benign/benign (276).png,data/raw/BrCaWisconsin/Dataset_BUSI_with_GT/benign/benign (276)_mask.png,512,512,benign,train
BrCaWisconsin_fd38db1c5fae47919063a6097d835174.png,6171506666816506269,benign (183),images/fd38db1c5fae47919063a6097d835174.png,masks/BrCaWisconsin_fd38db1c5fae47919063a6097d835174.png,data/raw/BrCaWisconsin/Dataset_BUSI_with_GT/benign/benign (183).png,data/raw/BrCaWisconsin/Dataset_BUSI_with_GT/benign/benign (183)_mask.png,512,512,benign,test
BrCaWisconsin_b88666d61070463fbcd205d3eb9d5b32.png,12188617100002617512,benign (99),images/b88666d61070463fbcd205d3eb9d5b32.png,masks/BrCaWisconsin_b88666d61070463fbcd205d3eb9d5b32.png,data/raw/BrCaWisconsin/Dataset_BUSI_with_GT/benign/benign (99).png,data/raw/BrCaWisconsin/Dataset_BUSI_with_GT/benign/benign (99)_mask.png,512,512,benign,train
BrCaWisconsin_11f88f1e6ffd4517a81c6d1bc416ae3e.png,2937997086322866345,benign (32),images/11f88f1e6ffd4517a81c6d1bc416ae3e.png,masks/BrCaWisconsin_11f88f1e6ffd4517a81c6d1bc416ae3e.png,data/raw/BrCaWisconsin/Dataset_BUSI_with_GT/benign/benign (32).png,data/raw/BrCaWisconsin/Dataset_BUSI_with_GT/benign/benign (32)_mask.png,512,512,benign,train
BrCaWisconsin_534f12186cc343aeb333c93d4c31ddb9.png,6213054930636082700,benign (130),images/534f12186cc343aeb333c93d4c31ddb9.png,masks/BrCaWisconsin_534f12186cc343aeb333c93d4c31ddb9.png,data/raw/BrCaWisconsin/Dataset_BUSI_with_GT/benign/benign (130).png,data/raw/BrCaWisconsin/Dataset_BUSI_with_GT/benign/benign (130)_mask.png,512,512,benign,train
BrCaWisconsin_11f619b5f94d43dea915f5e456a4352d.png,7329229022949684758,benign (364),images/11f619b5f94d43dea915f5e456a4352d.png,masks/BrCaWisconsin_11f619b5f94d43dea915f5e456a4352d.png,data/raw/BrCaWisconsin/Dataset_BUSI_with_GT/benign/benign (364).png,data/raw/BrCaWisconsin/Dataset_BUSI_with_GT/benign/benign (364)_mask.png,512,512,benign,train
BrCaWisconsin_ee9bfd4dddd64a9196da6d5bc732329d.png,9322048570449888147,benign (306),images/ee9bfd4dddd64a9196da6d5bc732329d.png,masks/BrCaWisconsin_ee9bfd4dddd64a9196da6d5bc732329d.png,data/raw/BrCaWisconsin/Dataset_BUSI_with_GT/benign/benign (306).png,data/raw/BrCaWisconsin/Dataset_BUSI_with_GT/benign/benign (306)_mask.png,512,512,benign,train
BrCaWisconsin_a876dc3f6bc84458aa2c5d0e3a097abf.png,5812920873295181490,benign (289),images/a876dc3f6bc84458aa2c5d0e3a097abf.png,masks/BrCaWisconsin_a876dc3f6bc84458aa2c5d0e3a097abf.png,data/raw/BrCaWisconsin/Dataset_BUSI_with_GT/benign/benign (289).png,data/raw/BrCaWisconsin/Dataset_BUSI_with_GT/benign/benign (289)_mask.png,512,512,benign,train
BrCaWisconsin_60fde46e78f44f8b8b97419048c4c724.png,13216985440573925320,benign (240),images/60fde46e78f44f8b8b97419048c4c724.png,masks/BrCaWisconsin_60fde46e78f44f8b8b97419048c4c724.png,data/raw/BrCaWisconsin/Dataset_BUSI_with_GT/benign/benign (240).png,data/raw/BrCaWisconsin/Dataset_BUSI_with_GT/benign/benign (240)_mask.png,512,512,benign,train
BrCaWisconsin_5cebb21b1f2447f193a4a448fde8d629.png,2966229676888532077,benign (221),images/5cebb21b1f2447f193a4a448fde8d629.png,masks/BrCaWisconsin_5cebb21b1f2447f193a4a448fde8d629.png,data/raw/BrCaWisconsin/Dataset_BUSI_with_GT/benign/benign (221).png,data/raw/BrCaWisconsin/Dataset_BUSI_with_GT/benign/benign (221)_mask.png,512,512,benign,train
BrCaWisconsin_d1469b447a4f418a802f85ed36468a46.png,15719091443250154224,benign (21),images/d1469b447a4f418a802f85ed36468a46.png,masks/BrCaWisconsin_d1469b447a4f418a802f85ed36468a46.png,data/raw/BrCaWisconsin/Dataset_BUSI_with_GT/benign/benign (21).png,data/raw/BrCaWisconsin/Dataset_BUSI_with_GT/benign/benign (21)_mask.png,512,512,benign,train
BrCaWisconsin_7465795ff5d24b8b88a78c632db3bbb6.png,5961387227864327015,benign (48),images/7465795ff5d24b8b88a78c632db3bbb6.png,masks/BrCaWisconsin_7465795ff5d24b8b88a78c632db3bbb6.png,data/raw/BrCaWisconsin/Dataset_BUSI_with_GT/benign/benign (48).png,data/raw/BrCaWisconsin/Dataset_BUSI_with_GT/benign/benign (48)_mask.png,512,512,benign,train
BrCaWisconsin_df88ecb6293c4a6e8dbc8848676b6feb.png,7757776992863525428,benign (81),images/df88ecb6293c4a6e8dbc8848676b6feb.png,masks/BrCaWisconsin_df88ecb6293c4a6e8dbc8848676b6feb.png,data/raw/BrCaWisconsin/Dataset_BUSI_with_GT/benign/benign (81).png,data/raw/BrCaWisconsin/Dataset_BUSI_with_GT/benign/benign (81)_mask.png,512,512,benign,train
BrCaWisconsin_66d03584d12b4c9bac0faca7095b3858.png,13242073604160598268,benign (108),images/66d03584d12b4c9bac0faca7095b3858.png,masks/BrCaWisconsin_66d03584d12b4c9bac0faca7095b3858.png,data/raw/BrCaWisconsin/Dataset_BUSI_with_GT/benign/benign (108).png,data/raw/BrCaWisconsin/Dataset_BUSI_with_GT/benign/benign (108)_mask.png,512,512,benign,val
BrCaWisconsin_cf0b17c51a454673b9f8e1584a9b3f63.png,4274933330150323783,benign (372),images/cf0b17c51a454673b9f8e1584a9b3f63.png,masks/BrCaWisconsin_cf0b17c51a454673b9f8e1584a9b3f63.png,data/raw/BrCaWisconsin/Dataset_BUSI_with_GT/benign/benign (372).png,data/raw/BrCaWisconsin/Dataset_BUSI_with_GT/benign/benign (372)_mask.png,512,512,benign,train
BrCaWisconsin_8194129777514b86b228767e0b9d75ff.png,8131765994616170916,benign (237),images/8194129777514b86b228767e0b9d75ff.png,masks/BrCaWisconsin_8194129777514b86b228767e0b9d75ff.png,data/raw/BrCaWisconsin/Dataset_BUSI_with_GT/benign/benign (237).png,data/raw/BrCaWisconsin/Dataset_BUSI_with_GT/benign/benign (237)_mask.png,512,512,benign,train
BrCaWisconsin_f6f999ff632b4529bf9f02d3537946d9.png,10509777218116408179,benign (95),images/f6f999ff632b4529bf9f02d3537946d9.png,masks/BrCaWisconsin_f6f999ff632b4529bf9f02d3537946d9.png,data/raw/BrCaWisconsin/Dataset_BUSI_with_GT/benign/benign (95).png,data/raw/BrCaWisconsin/Dataset_BUSI_with_GT/benign/benign (95)_mask.png,512,512,benign,train
BrCaWisconsin_36c0ea616f8a4e5591e7f122a06d5a48.png,5881325920348936763,benign (254),images/36c0ea616f8a4e5591e7f122a06d5a48.png,masks/BrCaWisconsin_36c0ea616f8a4e5591e7f122a06d5a48.png,data/raw/BrCaWisconsin/Dataset_BUSI_with_GT/benign/benign (254).png,data/raw/BrCaWisconsin/Dataset_BUSI_with_GT/benign/benign (254)_mask.png,512,512,benign,train
BrCaWisconsin_b8b490a94c44479cb69cdf6ed823f378.png,16074379662484514567,benign (37),images/b8b490a94c44479cb69cdf6ed823f378.png,masks/BrCaWisconsin_b8b490a94c44479cb69cdf6ed823f378.png,data/raw/BrCaWisconsin/Dataset_BUSI_with_GT/benign/benign (37).png,data/raw/BrCaWisconsin/Dataset_BUSI_with_GT/benign/benign (37)_mask.png,512,512,benign,val
BrCaWisconsin_c1e0dc39ecfc402d962035761219e6fb.png,13065616599398462385,benign (325),images/c1e0dc39ecfc402d962035761219e6fb.png,masks/BrCaWisconsin_c1e0dc39ecfc402d962035761219e6fb.png,data/raw/BrCaWisconsin/Dataset_BUSI_with_GT/benign/benign (325).png,data/raw/BrCaWisconsin/Dataset_BUSI_with_GT/benign/benign (325)_mask.png,512,512,benign,train
BrCaWisconsin_74233d9d344d4e7fbb73d354158f7e5e.png,15427956957093770066,benign (26),images/74233d9d344d4e7fbb73d354158f7e5e.png,masks/BrCaWisconsin_74233d9d344d4e7fbb73d354158f7e5e.png,data/raw/BrCaWisconsin/Dataset_BUSI_with_GT/benign/benign (26).png,data/raw/BrCaWisconsin/Dataset_BUSI_with_GT/benign/benign (26)_mask.png,512,512,benign,train
BrCaWisconsin_e94c4ca707144d59a7248b8c552828f9.png,10766897118248587926,benign (260),images/e94c4ca707144d59a7248b8c552828f9.png,masks/BrCaWisconsin_e94c4ca707144d59a7248b8c552828f9.png,data/raw/BrCaWisconsin/Dataset_BUSI_with_GT/benign/benign (260).png,data/raw/BrCaWisconsin/Dataset_BUSI_with_GT/benign/benign (260)_mask.png,512,512,benign,train
BrCaWisconsin_0ca35f87743341a9bf2b2ab6bd2e38e0.png,6680204578421193151,benign (60),images/0ca35f87743341a9bf2b2ab6bd2e38e0.png,masks/BrCaWisconsin_0ca35f87743341a9bf2b2ab6bd2e38e0.png,data/raw/BrCaWisconsin/Dataset_BUSI_with_GT/benign/benign (60).png,data/raw/BrCaWisconsin/Dataset_BUSI_with_GT/benign/benign (60)_mask.png,512,512,benign,train
BrCaWisconsin_ad80f478b082413f82e28aaa3c605ee8.png,16983261700636643416,benign (368),images/ad80f478b082413f82e28aaa3c605ee8.png,masks/BrCaWisconsin_ad80f478b082413f82e28aaa3c605ee8.png,data/raw/BrCaWisconsin/Dataset_BUSI_with_GT/benign/benign (368).png,data/raw/BrCaWisconsin/Dataset_BUSI_with_GT/benign/benign (368)_mask.png,512,512,benign,train
BrCaWisconsin_c5ae7bca0870410b9492151a9753b481.png,7756946152286963021,benign (149),images/c5ae7bca0870410b9492151a9753b481.png,masks/BrCaWisconsin_c5ae7bca0870410b9492151a9753b481.png,data/raw/BrCaWisconsin/Dataset_BUSI_with_GT/benign/benign (149).png,data/raw/BrCaWisconsin/Dataset_BUSI_with_GT/benign/benign (149)_mask.png,512,512,benign,train
BrCaWisconsin_623d40f96fb84290ac1298258a601b92.png,12513368192645873189,benign (197),images/623d40f96fb84290ac1298258a601b92.png,masks/BrCaWisconsin_623d40f96fb84290ac1298258a601b92.png,data/raw/BrCaWisconsin/Dataset_BUSI_with_GT/benign/benign (197).png,data/raw/BrCaWisconsin/Dataset_BUSI_with_GT/benign/benign (197)_mask.png,512,512,benign,train
BrCaWisconsin_742eb474233745359713f6f3abfce0a3.png,5573021286962370843,benign (422),images/742eb474233745359713f6f3abfce0a3.png,masks/BrCaWisconsin_742eb474233745359713f6f3abfce0a3.png,data/raw/BrCaWisconsin/Dataset_BUSI_with_GT/benign/benign (422).png,data/raw/BrCaWisconsin/Dataset_BUSI_with_GT/benign/benign (422)_mask.png,512,512,benign,train
BrCaWisconsin_40d6de69dce74240a27e240e714774ba.png,2895570802108311208,benign (278),images/40d6de69dce74240a27e240e714774ba.png,masks/BrCaWisconsin_40d6de69dce74240a27e240e714774ba.png,data/raw/BrCaWisconsin/Dataset_BUSI_with_GT/benign/benign (278).png,data/raw/BrCaWisconsin/Dataset_BUSI_with_GT/benign/benign (278)_mask.png,512,512,benign,train
BrCaWisconsin_fdeeac3330fc4754a41a091d763c94da.png,3212709792199633512,benign (17),images/fdeeac3330fc4754a41a091d763c94da.png,masks/BrCaWisconsin_fdeeac3330fc4754a41a091d763c94da.png,data/raw/BrCaWisconsin/Dataset_BUSI_with_GT/benign/benign (17).png,data/raw/BrCaWisconsin/Dataset_BUSI_with_GT/benign/benign (17)_mask.png,512,512,benign,train
BrCaWisconsin_39acf2d9464b42d2a6efc3f5f4e6016f.png,7733757882057119380,benign (217),images/39acf2d9464b42d2a6efc3f5f4e6016f.png,masks/BrCaWisconsin_39acf2d9464b42d2a6efc3f5f4e6016f.png,data/raw/BrCaWisconsin/Dataset_BUSI_with_GT/benign/benign (217).png,data/raw/BrCaWisconsin/Dataset_BUSI_with_GT/benign/benign (217)_mask.png,512,512,benign,train
BrCaWisconsin_2c1bdfdaeb164d83a2e3aee89a65962d.png,14583882523359823527,benign (70),images/2c1bdfdaeb164d83a2e3aee89a65962d.png,masks/BrCaWisconsin_2c1bdfdaeb164d83a2e3aee89a65962d.png,data/raw/BrCaWisconsin/Dataset_BUSI_with_GT/benign/benign (70).png,data/raw/BrCaWisconsin/Dataset_BUSI_with_GT/benign/benign (70)_mask.png,512,512,benign,train
BrCaWisconsin_e8a04e402d7741e384e41995311d3fe7.png,15179263598516145550,benign (352),images/e8a04e402d7741e384e41995311d3fe7.png,masks/BrCaWisconsin_e8a04e402d7741e384e41995311d3fe7.png,data/raw/BrCaWisconsin/Dataset_BUSI_with_GT/benign/benign (352).png,data/raw/BrCaWisconsin/Dataset_BUSI_with_GT/benign/benign (352)_mask.png,512,512,benign,train
BrCaWisconsin_58b0f6c20b2940e18dadfa13b5f3cbf9.png,12334278740603063629,benign (202),images/58b0f6c20b2940e18dadfa13b5f3cbf9.png,masks/BrCaWisconsin_58b0f6c20b2940e18dadfa13b5f3cbf9.png,data/raw/BrCaWisconsin/Dataset_BUSI_with_GT/benign/benign (202).png,data/raw/BrCaWisconsin/Dataset_BUSI_with_GT/benign/benign (202)_mask.png,512,512,benign,train
BrCaWisconsin_921da32912cb4d5796aa40a2d67fbc13.png,7438024113252831665,benign (186),images/921da32912cb4d5796aa40a2d67fbc13.png,masks/BrCaWisconsin_921da32912cb4d5796aa40a2d67fbc13.png,data/raw/BrCaWisconsin/Dataset_BUSI_with_GT/benign/benign (186).png,data/raw/BrCaWisconsin/Dataset_BUSI_with_GT/benign/benign (186)_mask.png,512,512,benign,train
BrCaWisconsin_cfa5116c46b44ab4998f43a24f422330.png,16534082660033016884,benign (40),images/cfa5116c46b44ab4998f43a24f422330.png,masks/BrCaWisconsin_cfa5116c46b44ab4998f43a24f422330.png,data/raw/BrCaWisconsin/Dataset_BUSI_with_GT/benign/benign (40).png,data/raw/BrCaWisconsin/Dataset_BUSI_with_GT/benign/benign (40)_mask.png,512,512,benign,train
BrCaWisconsin_b32ba300f1224e54bfb47e99df7b65d1.png,15819552733023268068,benign (344),images/b32ba300f1224e54bfb47e99df7b65d1.png,masks/BrCaWisconsin_b32ba300f1224e54bfb47e99df7b65d1.png,data/raw/BrCaWisconsin/Dataset_BUSI_with_GT/benign/benign (344).png,data/raw/BrCaWisconsin/Dataset_BUSI_with_GT/benign/benign (344)_mask.png,512,512,benign,train
BrCaWisconsin_971b10f24b6d4ef88aa68f7c4a7a3ae7.png,10192308183531417122,benign (169),images/971b10f24b6d4ef88aa68f7c4a7a3ae7.png,masks/BrCaWisconsin_971b10f24b6d4ef88aa68f7c4a7a3ae7.png,data/raw/BrCaWisconsin/Dataset_BUSI_with_GT/benign/benign (169).png,data/raw/BrCaWisconsin/Dataset_BUSI_with_GT/benign/benign (169)_mask.png,512,512,benign,train
BrCaWisconsin_e892172242c647e8ae19b66f9d8b957b.png,13170113027596727475,benign (305),images/e892172242c647e8ae19b66f9d8b957b.png,masks/BrCaWisconsin_e892172242c647e8ae19b66f9d8b957b.png,data/raw/BrCaWisconsin/Dataset_BUSI_with_GT/benign/benign (305).png,data/raw/BrCaWisconsin/Dataset_BUSI_with_GT/benign/benign (305)_mask.png,512,512,benign,train
BrCaWisconsin_45102f013249402cbd3819025a6c5d7a.png,12561583571306334440,benign (190),images/45102f013249402cbd3819025a6c5d7a.png,masks/BrCaWisconsin_45102f013249402cbd3819025a6c5d7a.png,data/raw/BrCaWisconsin/Dataset_BUSI_with_GT/benign/benign (190).png,data/raw/BrCaWisconsin/Dataset_BUSI_with_GT/benign/benign (190)_mask.png,512,512,benign,train
BrCaWisconsin_0f06900b75974a5eac9dc48670ded0e3.png,14511192725500964916,benign (56),images/0f06900b75974a5eac9dc48670ded0e3.png,masks/BrCaWisconsin_0f06900b75974a5eac9dc48670ded0e3.png,data/raw/BrCaWisconsin/Dataset_BUSI_with_GT/benign/benign (56).png,data/raw/BrCaWisconsin/Dataset_BUSI_with_GT/benign/benign (56)_mask.png,512,512,benign,train
BrCaWisconsin_74db97a0d3724cb48db50a7f00d410e0.png,6182499636259559833,benign (166),images/74db97a0d3724cb48db50a7f00d410e0.png,masks/BrCaWisconsin_74db97a0d3724cb48db50a7f00d410e0.png,data/raw/BrCaWisconsin/Dataset_BUSI_with_GT/benign/benign (166).png,data/raw/BrCaWisconsin/Dataset_BUSI_with_GT/benign/benign (166)_mask.png,512,512,benign,train
BrCaWisconsin_b1d42bcd594e46de9bece9f4533f72e9.png,3827554622800013286,benign (256),images/b1d42bcd594e46de9bece9f4533f72e9.png,masks/BrCaWisconsin_b1d42bcd594e46de9bece9f4533f72e9.png,data/raw/BrCaWisconsin/Dataset_BUSI_with_GT/benign/benign (256).png,data/raw/BrCaWisconsin/Dataset_BUSI_with_GT/benign/benign (256)_mask.png,512,512,benign,train
BrCaWisconsin_86528732bbc847feb7bb56ac0a7247d4.png,15333783020912800884,benign (399),images/86528732bbc847feb7bb56ac0a7247d4.png,masks/BrCaWisconsin_86528732bbc847feb7bb56ac0a7247d4.png,data/raw/BrCaWisconsin/Dataset_BUSI_with_GT/benign/benign (399).png,data/raw/BrCaWisconsin/Dataset_BUSI_with_GT/benign/benign (399)_mask.png,512,512,benign,train
BrCaWisconsin_caf4ae4d70904e8ea1335531d8370395.png,12371909733386531257,benign (350),images/caf4ae4d70904e8ea1335531d8370395.png,masks/BrCaWisconsin_caf4ae4d70904e8ea1335531d8370395.png,data/raw/BrCaWisconsin/Dataset_BUSI_with_GT/benign/benign (350).png,data/raw/BrCaWisconsin/Dataset_BUSI_with_GT/benign/benign (350)_mask.png,512,512,benign,train
BrCaWisconsin_21ebf6b41bd149ada6a59607a7b1f46e.png,5595346925773866765,benign (313),images/21ebf6b41bd149ada6a59607a7b1f46e.png,masks/BrCaWisconsin_21ebf6b41bd149ada6a59607a7b1f46e.png,data/raw/BrCaWisconsin/Dataset_BUSI_with_GT/benign/benign (313).png,data/raw/BrCaWisconsin/Dataset_BUSI_with_GT/benign/benign (313)_mask.png,512,512,benign,train
BrCaWisconsin_d0d80d3e8d6440e8873748fac11a69ba.png,9090117367606972951,benign (64),images/d0d80d3e8d6440e8873748fac11a69ba.png,masks/BrCaWisconsin_d0d80d3e8d6440e8873748fac11a69ba.png,data/raw/BrCaWisconsin/Dataset_BUSI_with_GT/benign/benign (64).png,data/raw/BrCaWisconsin/Dataset_BUSI_with_GT/benign/benign (64)_mask.png,512,512,benign,train
BrCaWisconsin_12670079ae304e919a5eb83b428fcfdf.png,5969149307926683148,benign (128),images/12670079ae304e919a5eb83b428fcfdf.png,masks/BrCaWisconsin_12670079ae304e919a5eb83b428fcfdf.png,data/raw/BrCaWisconsin/Dataset_BUSI_with_GT/benign/benign (128).png,data/raw/BrCaWisconsin/Dataset_BUSI_with_GT/benign/benign (128)_mask.png,512,512,benign,train
BrCaWisconsin_505e164d228f41c7b2bd37bd86b48c45.png,14814997977848653146,benign (201),images/505e164d228f41c7b2bd37bd86b48c45.png,masks/BrCaWisconsin_505e164d228f41c7b2bd37bd86b48c45.png,data/raw/BrCaWisconsin/Dataset_BUSI_with_GT/benign/benign (201).png,data/raw/BrCaWisconsin/Dataset_BUSI_with_GT/benign/benign (201)_mask.png,512,512,benign,train
BrCaWisconsin_9b6aac695736432dbbac3ad5010900bb.png,5921717069271589066,benign (436),images/9b6aac695736432dbbac3ad5010900bb.png,masks/BrCaWisconsin_9b6aac695736432dbbac3ad5010900bb.png,data/raw/BrCaWisconsin/Dataset_BUSI_with_GT/benign/benign (436).png,data/raw/BrCaWisconsin/Dataset_BUSI_with_GT/benign/benign (436)_mask.png,512,512,benign,train
BrCaWisconsin_00417642a3c7463d8d924341713b89f2.png,13062350052695061972,benign (153),images/00417642a3c7463d8d924341713b89f2.png,masks/BrCaWisconsin_00417642a3c7463d8d924341713b89f2.png,data/raw/BrCaWisconsin/Dataset_BUSI_with_GT/benign/benign (153).png,data/raw/BrCaWisconsin/Dataset_BUSI_with_GT/benign/benign (153)_mask.png,512,512,benign,val
BrCaWisconsin_f102a8055e4f4bdba33b8759f32deb53.png,2787087831013679930,benign (295),images/f102a8055e4f4bdba33b8759f32deb53.png,masks/BrCaWisconsin_f102a8055e4f4bdba33b8759f32deb53.png,data/raw/BrCaWisconsin/Dataset_BUSI_with_GT/benign/benign (295).png,data/raw/BrCaWisconsin/Dataset_BUSI_with_GT/benign/benign (295)_mask.png,512,512,benign,train
BrCaWisconsin_6e655d7ca4fc43529941ae3e1693ab69.png,6184875717393869738,benign (371),images/6e655d7ca4fc43529941ae3e1693ab69.png,masks/BrCaWisconsin_6e655d7ca4fc43529941ae3e1693ab69.png,data/raw/BrCaWisconsin/Dataset_BUSI_with_GT/benign/benign (371).png,data/raw/BrCaWisconsin/Dataset_BUSI_with_GT/benign/benign (371)_mask.png,512,512,benign,train
BrCaWisconsin_29a3498e36e74efa9552c163f1d8db2a.png,2927962255995236408,benign (147),images/29a3498e36e74efa9552c163f1d8db2a.png,masks/BrCaWisconsin_29a3498e36e74efa9552c163f1d8db2a.png,data/raw/BrCaWisconsin/Dataset_BUSI_with_GT/benign/benign (147).png,data/raw/BrCaWisconsin/Dataset_BUSI_with_GT/benign/benign (147)_mask.png,512,512,benign,train
BrCaWisconsin_6762de0e84e640b7a71d45847125cec5.png,10937390188251116702,benign (104),images/6762de0e84e640b7a71d45847125cec5.png,masks/BrCaWisconsin_6762de0e84e640b7a71d45847125cec5.png,data/raw/BrCaWisconsin/Dataset_BUSI_with_GT/benign/benign (104).png,data/raw/BrCaWisconsin/Dataset_BUSI_with_GT/benign/benign (104)_mask.png,512,512,benign,train
BrCaWisconsin_c191902b902148b28c80432659fb355d.png,1394739541997176518,benign (45),images/c191902b902148b28c80432659fb355d.png,masks/BrCaWisconsin_c191902b902148b28c80432659fb355d.png,data/raw/BrCaWisconsin/Dataset_BUSI_with_GT/benign/benign (45).png,data/raw/BrCaWisconsin/Dataset_BUSI_with_GT/benign/benign (45)_mask.png,512,512,benign,train
BrCaWisconsin_c4218d95f08447d389793609b14c8679.png,3757083651731802050,benign (284),images/c4218d95f08447d389793609b14c8679.png,masks/BrCaWisconsin_c4218d95f08447d389793609b14c8679.png,data/raw/BrCaWisconsin/Dataset_BUSI_with_GT/benign/benign (284).png,data/raw/BrCaWisconsin/Dataset_BUSI_with_GT/benign/benign (284)_mask.png,512,512,benign,train
BrCaWisconsin_9139ad3253664dd49541e882dd4ba867.png,8416053749178659379,benign (387),images/9139ad3253664dd49541e882dd4ba867.png,masks/BrCaWisconsin_9139ad3253664dd49541e882dd4ba867.png,data/raw/BrCaWisconsin/Dataset_BUSI_with_GT/benign/benign (387).png,data/raw/BrCaWisconsin/Dataset_BUSI_with_GT/benign/benign (387)_mask.png,512,512,benign,train
BrCaWisconsin_d077432d43d64babb95e98d5cd65b49c.png,5867148684635936960,benign (417),images/d077432d43d64babb95e98d5cd65b49c.png,masks/BrCaWisconsin_d077432d43d64babb95e98d5cd65b49c.png,data/raw/BrCaWisconsin/Dataset_BUSI_with_GT/benign/benign (417).png,data/raw/BrCaWisconsin/Dataset_BUSI_with_GT/benign/benign (417)_mask.png,512,512,benign,train
BrCaWisconsin_ebcc66bbfdf749e188fea806b30357f2.png,8271272842807070961,benign (403),images/ebcc66bbfdf749e188fea806b30357f2.png,masks/BrCaWisconsin_ebcc66bbfdf749e188fea806b30357f2.png,data/raw/BrCaWisconsin/Dataset_BUSI_with_GT/benign/benign (403).png,data/raw/BrCaWisconsin/Dataset_BUSI_with_GT/benign/benign (403)_mask.png,512,512,benign,train
BrCaWisconsin_e832a972a6ac4bd8b718128e5b81ef01.png,12223262868141299928,benign (112),images/e832a972a6ac4bd8b718128e5b81ef01.png,masks/BrCaWisconsin_e832a972a6ac4bd8b718128e5b81ef01.png,data/raw/BrCaWisconsin/Dataset_BUSI_with_GT/benign/benign (112).png,data/raw/BrCaWisconsin/Dataset_BUSI_with_GT/benign/benign (112)_mask.png,512,512,benign,train
BrCaWisconsin_a5d7b3b0adb74329875aadff0cd65052.png,11343009205427996396,benign (407),images/a5d7b3b0adb74329875aadff0cd65052.png,masks/BrCaWisconsin_a5d7b3b0adb74329875aadff0cd65052.png,data/raw/BrCaWisconsin/Dataset_BUSI_with_GT/benign/benign (407).png,data/raw/BrCaWisconsin/Dataset_BUSI_with_GT/benign/benign (407)_mask.png,512,512,benign,train
BrCaWisconsin_29f4f7d9c23a4d2083dcfe2529e2696a.png,12389920267604571322,benign (259),images/29f4f7d9c23a4d2083dcfe2529e2696a.png,masks/BrCaWisconsin_29f4f7d9c23a4d2083dcfe2529e2696a.png,data/raw/BrCaWisconsin/Dataset_BUSI_with_GT/benign/benign (259).png,data/raw/BrCaWisconsin/Dataset_BUSI_with_GT/benign/benign (259)_mask.png,512,512,benign,train
BrCaWisconsin_9342804a10c649a3b08fa6dbac916f3a.png,17426140480310195320,benign (290),images/9342804a10c649a3b08fa6dbac916f3a.png,masks/BrCaWisconsin_9342804a10c649a3b08fa6dbac916f3a.png,data/raw/BrCaWisconsin/Dataset_BUSI_with_GT/benign/benign (290).png,data/raw/BrCaWisconsin/Dataset_BUSI_with_GT/benign/benign (290)_mask.png,512,512,benign,train
BrCaWisconsin_eb5f34d5cb9542ffbe431f37e53a429e.png,3281554939850232370,benign (51),images/eb5f34d5cb9542ffbe431f37e53a429e.png,masks/BrCaWisconsin_eb5f34d5cb9542ffbe431f37e53a429e.png,data/raw/BrCaWisconsin/Dataset_BUSI_with_GT/benign/benign (51).png,data/raw/BrCaWisconsin/Dataset_BUSI_with_GT/benign/benign (51)_mask.png,512,512,benign,train
BrCaWisconsin_84fe64c30e4e45efb6359d245a1930ae.png,3072495872353002338,benign (391),images/84fe64c30e4e45efb6359d245a1930ae.png,masks/BrCaWisconsin_84fe64c30e4e45efb6359d245a1930ae.png,data/raw/BrCaWisconsin/Dataset_BUSI_with_GT/benign/benign (391).png,data/raw/BrCaWisconsin/Dataset_BUSI_with_GT/benign/benign (391)_mask.png,512,512,benign,train
BrCaWisconsin_56d5b5f3a13e4bb99183ae3a305d3999.png,7738910760678041721,benign (145),images/56d5b5f3a13e4bb99183ae3a305d3999.png,masks/BrCaWisconsin_56d5b5f3a13e4bb99183ae3a305d3999.png,data/raw/BrCaWisconsin/Dataset_BUSI_with_GT/benign/benign (145).png,data/raw/BrCaWisconsin/Dataset_BUSI_with_GT/benign/benign (145)_mask.png,512,512,benign,train
BrCaWisconsin_24f0b3f4d9fe481eafce58c1acb67485.png,3410145915085020523,benign (83),images/24f0b3f4d9fe481eafce58c1acb67485.png,masks/BrCaWisconsin_24f0b3f4d9fe481eafce58c1acb67485.png,data/raw/BrCaWisconsin/Dataset_BUSI_with_GT/benign/benign (83).png,data/raw/BrCaWisconsin/Dataset_BUSI_with_GT/benign/benign (83)_mask.png,512,512,benign,train
BrCaWisconsin_ccc05473ae764c9ca6becc44a3df7f05.png,12274680133708047925,benign (329),images/ccc05473ae764c9ca6becc44a3df7f05.png,masks/BrCaWisconsin_ccc05473ae764c9ca6becc44a3df7f05.png,data/raw/BrCaWisconsin/Dataset_BUSI_with_GT/benign/benign (329).png,data/raw/BrCaWisconsin/Dataset_BUSI_with_GT/benign/benign (329)_mask.png,512,512,benign,train
BrCaWisconsin_d02d1f0b8be14c76bda5c6ca0bb10bd4.png,7686390761671639136,benign (283),images/d02d1f0b8be14c76bda5c6ca0bb10bd4.png,masks/BrCaWisconsin_d02d1f0b8be14c76bda5c6ca0bb10bd4.png,data/raw/BrCaWisconsin/Dataset_BUSI_with_GT/benign/benign (283).png,data/raw/BrCaWisconsin/Dataset_BUSI_with_GT/benign/benign (283)_mask.png,512,512,benign,train
BrCaWisconsin_1717a5a76e614ec7ac598ab563a6b736.png,6207134451389140184,benign (67),images/1717a5a76e614ec7ac598ab563a6b736.png,masks/BrCaWisconsin_1717a5a76e614ec7ac598ab563a6b736.png,data/raw/BrCaWisconsin/Dataset_BUSI_with_GT/benign/benign (67).png,data/raw/BrCaWisconsin/Dataset_BUSI_with_GT/benign/benign (67)_mask.png,512,512,benign,train
BrCaWisconsin_f7c7164f2ca34cc9a7a67de467e74b7d.png,7272931471252686663,benign (88),images/f7c7164f2ca34cc9a7a67de467e74b7d.png,masks/BrCaWisconsin_f7c7164f2ca34cc9a7a67de467e74b7d.png,data/raw/BrCaWisconsin/Dataset_BUSI_with_GT/benign/benign (88).png,data/raw/BrCaWisconsin/Dataset_BUSI_with_GT/benign/benign (88)_mask.png,512,512,benign,train
BrCaWisconsin_3f9b9d29e9584881ab4b00526b4d695a.png,7761291728109595624,benign (288),images/3f9b9d29e9584881ab4b00526b4d695a.png,masks/BrCaWisconsin_3f9b9d29e9584881ab4b00526b4d695a.png,data/raw/BrCaWisconsin/Dataset_BUSI_with_GT/benign/benign (288).png,data/raw/BrCaWisconsin/Dataset_BUSI_with_GT/benign/benign (288)_mask.png,512,512,benign,train
BrCaWisconsin_0c036a9878854b21ab67ef1ae687f120.png,10067299655181654966,benign (159),images/0c036a9878854b21ab67ef1ae687f120.png,masks/BrCaWisconsin_0c036a9878854b21ab67ef1ae687f120.png,data/raw/BrCaWisconsin/Dataset_BUSI_with_GT/benign/benign (159).png,data/raw/BrCaWisconsin/Dataset_BUSI_with_GT/benign/benign (159)_mask.png,512,512,benign,train
BrCaWisconsin_c8afebbfc95b4fb087ab643b2fc69ce6.png,12345974805310498988,benign (322),images/c8afebbfc95b4fb087ab643b2fc69ce6.png,masks/BrCaWisconsin_c8afebbfc95b4fb087ab643b2fc69ce6.png,data/raw/BrCaWisconsin/Dataset_BUSI_with_GT/benign/benign (322).png,data/raw/BrCaWisconsin/Dataset_BUSI_with_GT/benign/benign (322)_mask.png,512,512,benign,val
BrCaWisconsin_c1e0ef631f334f83b85984b0430d9776.png,12389929064762946746,benign (229),images/c1e0ef631f334f83b85984b0430d9776.png,masks/BrCaWisconsin_c1e0ef631f334f83b85984b0430d9776.png,data/raw/BrCaWisconsin/Dataset_BUSI_with_GT/benign/benign (229).png,data/raw/BrCaWisconsin/Dataset_BUSI_with_GT/benign/benign (229)_mask.png,512,512,benign,train
BrCaWisconsin_c9c4439e1159464a9bdf90ce67e9d219.png,5968025598385004044,benign (30),images/c9c4439e1159464a9bdf90ce67e9d219.png,masks/BrCaWisconsin_c9c4439e1159464a9bdf90ce67e9d219.png,data/raw/BrCaWisconsin/Dataset_BUSI_with_GT/benign/benign (30).png,data/raw/BrCaWisconsin/Dataset_BUSI_with_GT/benign/benign (30)_mask.png,512,512,benign,train
BrCaWisconsin_91fbffa126534eb497d24e1e269cf891.png,12296993801028940018,benign (119),images/91fbffa126534eb497d24e1e269cf891.png,masks/BrCaWisconsin_91fbffa126534eb497d24e1e269cf891.png,data/raw/BrCaWisconsin/Dataset_BUSI_with_GT/benign/benign (119).png,data/raw/BrCaWisconsin/Dataset_BUSI_with_GT/benign/benign (119)_mask.png,512,512,benign,train
BrCaWisconsin_671a904a49494ad791d8082c7ec7a257.png,6181344096941352373,benign (92),images/671a904a49494ad791d8082c7ec7a257.png,masks/BrCaWisconsin_671a904a49494ad791d8082c7ec7a257.png,data/raw/BrCaWisconsin/Dataset_BUSI_with_GT/benign/benign (92).png,data/raw/BrCaWisconsin/Dataset_BUSI_with_GT/benign/benign (92)_mask.png,512,512,benign,train
BrCaWisconsin_4c431f428a1746729069c494aa219940.png,11914728640544420145,benign (375),images/4c431f428a1746729069c494aa219940.png,masks/BrCaWisconsin_4c431f428a1746729069c494aa219940.png,data/raw/BrCaWisconsin/Dataset_BUSI_with_GT/benign/benign (375).png,data/raw/BrCaWisconsin/Dataset_BUSI_with_GT/benign/benign (375)_mask.png,512,512,benign,test
BrCaWisconsin_1d258a6ebf1546e3a5ceae459b1e927d.png,12392160402033088536,benign (253),images/1d258a6ebf1546e3a5ceae459b1e927d.png,masks/BrCaWisconsin_1d258a6ebf1546e3a5ceae459b1e927d.png,data/raw/BrCaWisconsin/Dataset_BUSI_with_GT/benign/benign (253).png,data/raw/BrCaWisconsin/Dataset_BUSI_with_GT/benign/benign (253)_mask.png,512,512,benign,test
BrCaWisconsin_9ffbdd9a43e448e6aa630a11971326b6.png,13332435394236796429,benign (315),images/9ffbdd9a43e448e6aa630a11971326b6.png,masks/BrCaWisconsin_9ffbdd9a43e448e6aa630a11971326b6.png,data/raw/BrCaWisconsin/Dataset_BUSI_with_GT/benign/benign (315).png,data/raw/BrCaWisconsin/Dataset_BUSI_with_GT/benign/benign (315)_mask.png,512,512,benign,train
BrCaWisconsin_45ad9a4209384965984d238c46d6ae9c.png,15361324805188282588,benign (409),images/45ad9a4209384965984d238c46d6ae9c.png,masks/BrCaWisconsin_45ad9a4209384965984d238c46d6ae9c.png,data/raw/BrCaWisconsin/Dataset_BUSI_with_GT/benign/benign (409).png,data/raw/BrCaWisconsin/Dataset_BUSI_with_GT/benign/benign (409)_mask.png,512,512,benign,test
BrCaWisconsin_c401402c4f744b04af5801b8c69ace36.png,4853988245724500386,benign (230),images/c401402c4f744b04af5801b8c69ace36.png,masks/BrCaWisconsin_c401402c4f744b04af5801b8c69ace36.png,data/raw/BrCaWisconsin/Dataset_BUSI_with_GT/benign/benign (230).png,data/raw/BrCaWisconsin/Dataset_BUSI_with_GT/benign/benign (230)_mask.png,512,512,benign,train
BrCaWisconsin_e6a6148002434a8796eb52727a3005a3.png,10688526539023723716,benign (123),images/e6a6148002434a8796eb52727a3005a3.png,masks/BrCaWisconsin_e6a6148002434a8796eb52727a3005a3.png,data/raw/BrCaWisconsin/Dataset_BUSI_with_GT/benign/benign (123).png,data/raw/BrCaWisconsin/Dataset_BUSI_with_GT/benign/benign (123)_mask.png,512,512,benign,train
BrCaWisconsin_ff0f320ec9644185a66c470eb6fbf104.png,3286633034036317855,benign (137),images/ff0f320ec9644185a66c470eb6fbf104.png,masks/BrCaWisconsin_ff0f320ec9644185a66c470eb6fbf104.png,data/raw/BrCaWisconsin/Dataset_BUSI_with_GT/benign/benign (137).png,data/raw/BrCaWisconsin/Dataset_BUSI_with_GT/benign/benign (137)_mask.png,512,512,benign,train
BrCaWisconsin_829df5bf3a80455d8e3d66d6a954e8be.png,12334565163382098953,benign (301),images/829df5bf3a80455d8e3d66d6a954e8be.png,masks/BrCaWisconsin_829df5bf3a80455d8e3d66d6a954e8be.png,data/raw/BrCaWisconsin/Dataset_BUSI_with_GT/benign/benign (301).png,data/raw/BrCaWisconsin/Dataset_BUSI_with_GT/benign/benign (301)_mask.png,512,512,benign,train
BrCaWisconsin_de1f4437d3874d959ed64b787f3bac10.png,10703286593681808217,benign (247),images/de1f4437d3874d959ed64b787f3bac10.png,masks/BrCaWisconsin_de1f4437d3874d959ed64b787f3bac10.png,data/raw/BrCaWisconsin/Dataset_BUSI_with_GT/benign/benign (247).png,data/raw/BrCaWisconsin/Dataset_BUSI_with_GT/benign/benign (247)_mask.png,512,512,benign,train
BrCaWisconsin_9ee2e753687b4b109c81b9318882d207.png,10900218895123708411,benign (86),images/9ee2e753687b4b109c81b9318882d207.png,masks/BrCaWisconsin_9ee2e753687b4b109c81b9318882d207.png,data/raw/BrCaWisconsin/Dataset_BUSI_with_GT/benign/benign (86).png,data/raw/BrCaWisconsin/Dataset_BUSI_with_GT/benign/benign (86)_mask.png,512,512,benign,train
BrCaWisconsin_4cfd0741c7f845aa88fac630b3e7e453.png,2895570802108312744,benign (226),images/4cfd0741c7f845aa88fac630b3e7e453.png,masks/BrCaWisconsin_4cfd0741c7f845aa88fac630b3e7e453.png,data/raw/BrCaWisconsin/Dataset_BUSI_with_GT/benign/benign (226).png,data/raw/BrCaWisconsin/Dataset_BUSI_with_GT/benign/benign (226)_mask.png,512,512,benign,train
BrCaWisconsin_0477fd47fdc144dda321139b905abccb.png,15982018684062342457,benign (71),images/0477fd47fdc144dda321139b905abccb.png,masks/BrCaWisconsin_0477fd47fdc144dda321139b905abccb.png,data/raw/BrCaWisconsin/Dataset_BUSI_with_GT/benign/benign (71).png,data/raw/BrCaWisconsin/Dataset_BUSI_with_GT/benign/benign (71)_mask.png,512,512,benign,train
BrCaWisconsin_d87f16b2be65442b8a29268c8e446df1.png,3074722037101378823,benign (184),images/d87f16b2be65442b8a29268c8e446df1.png,masks/BrCaWisconsin_d87f16b2be65442b8a29268c8e446df1.png,data/raw/BrCaWisconsin/Dataset_BUSI_with_GT/benign/benign (184).png,data/raw/BrCaWisconsin/Dataset_BUSI_with_GT/benign/benign (184)_mask.png,512,512,benign,train
BrCaWisconsin_c744b93c57fb4825988110d63014164f.png,3943368674612300908,benign (334),images/c744b93c57fb4825988110d63014164f.png,masks/BrCaWisconsin_c744b93c57fb4825988110d63014164f.png,data/raw/BrCaWisconsin/Dataset_BUSI_with_GT/benign/benign (334).png,data/raw/BrCaWisconsin/Dataset_BUSI_with_GT/benign/benign (334)_mask.png,512,512,benign,train
BrCaWisconsin_ca393c247c4a47a7899722c91555e97e.png,12203262474838913465,benign (35),images/ca393c247c4a47a7899722c91555e97e.png,masks/BrCaWisconsin_ca393c247c4a47a7899722c91555e97e.png,data/raw/BrCaWisconsin/Dataset_BUSI_with_GT/benign/benign (35).png,data/raw/BrCaWisconsin/Dataset_BUSI_with_GT/benign/benign (35)_mask.png,512,512,benign,train
BrCaWisconsin_42126ddb0eb54ed28d1a170aec0e0f6f.png,3860805721265533491,benign (271),images/42126ddb0eb54ed28d1a170aec0e0f6f.png,masks/BrCaWisconsin_42126ddb0eb54ed28d1a170aec0e0f6f.png,data/raw/BrCaWisconsin/Dataset_BUSI_with_GT/benign/benign (271).png,data/raw/BrCaWisconsin/Dataset_BUSI_with_GT/benign/benign (271)_mask.png,512,512,benign,train
BrCaWisconsin_45fab0c484a441568afad65012a5c581.png,12345652275945206898,benign (320),images/45fab0c484a441568afad65012a5c581.png,masks/BrCaWisconsin_45fab0c484a441568afad65012a5c581.png,data/raw/BrCaWisconsin/Dataset_BUSI_with_GT/benign/benign (320).png,data/raw/BrCaWisconsin/Dataset_BUSI_with_GT/benign/benign (320)_mask.png,512,512,benign,train
BrCaWisconsin_8b16676e065044189300eb94fd970272.png,3142645758387791237,benign (4),images/8b16676e065044189300eb94fd970272.png,masks/BrCaWisconsin_8b16676e065044189300eb94fd970272.png,data/raw/BrCaWisconsin/Dataset_BUSI_with_GT/benign/benign (4).png,data/raw/BrCaWisconsin/Dataset_BUSI_with_GT/benign/benign (4)_mask.png,512,512,benign,train
BrCaWisconsin_9830d01392444891aae19b35c64f3fe1.png,12387056859508420850,benign (116),images/9830d01392444891aae19b35c64f3fe1.png,masks/BrCaWisconsin_9830d01392444891aae19b35c64f3fe1.png,data/raw/BrCaWisconsin/Dataset_BUSI_with_GT/benign/benign (116).png,data/raw/BrCaWisconsin/Dataset_BUSI_with_GT/benign/benign (116)_mask.png,512,512,benign,train
BrCaWisconsin_e4a35823574f4a068db3f57a04e4ad99.png,12946258408155548743,benign (266),images/e4a35823574f4a068db3f57a04e4ad99.png,masks/BrCaWisconsin_e4a35823574f4a068db3f57a04e4ad99.png,data/raw/BrCaWisconsin/Dataset_BUSI_with_GT/benign/benign (266).png,data/raw/BrCaWisconsin/Dataset_BUSI_with_GT/benign/benign (266)_mask.png,512,512,benign,train
BrCaWisconsin_819dbe0ca9f34444a922761ff3f0c5a4.png,2780205635753913506,benign (393),images/819dbe0ca9f34444a922761ff3f0c5a4.png,masks/BrCaWisconsin_819dbe0ca9f34444a922761ff3f0c5a4.png,data/raw/BrCaWisconsin/Dataset_BUSI_with_GT/benign/benign (393).png,data/raw/BrCaWisconsin/Dataset_BUSI_with_GT/benign/benign (393)_mask.png,512,512,benign,train
BrCaWisconsin_47162481af0b412abb4e8d00cd9792bf.png,6208796144607832683,benign (14),images/47162481af0b412abb4e8d00cd9792bf.png,masks/BrCaWisconsin_47162481af0b412abb4e8d00cd9792bf.png,data/raw/BrCaWisconsin/Dataset_BUSI_with_GT/benign/benign (14).png,data/raw/BrCaWisconsin/Dataset_BUSI_with_GT/benign/benign (14)_mask.png,512,512,benign,train
BrCaWisconsin_310212d66b2c43a78e5843f4bb1d3aad.png,6139719755493598458,benign (318),images/310212d66b2c43a78e5843f4bb1d3aad.png,masks/BrCaWisconsin_310212d66b2c43a78e5843f4bb1d3aad.png,data/raw/BrCaWisconsin/Dataset_BUSI_with_GT/benign/benign (318).png,data/raw/BrCaWisconsin/Dataset_BUSI_with_GT/benign/benign (318)_mask.png,512,512,benign,train
BrCaWisconsin_685902d80ce24db1a25750a8badf59a3.png,3138381748678726296,benign (162),images/685902d80ce24db1a25750a8badf59a3.png,masks/BrCaWisconsin_685902d80ce24db1a25750a8badf59a3.png,data/raw/BrCaWisconsin/Dataset_BUSI_with_GT/benign/benign (162).png,data/raw/BrCaWisconsin/Dataset_BUSI_with_GT/benign/benign (162)_mask.png,512,512,benign,train
BrCaWisconsin_df432798bc44453b88aab900686b4620.png,12922151948327236265,benign (178),images/df432798bc44453b88aab900686b4620.png,masks/BrCaWisconsin_df432798bc44453b88aab900686b4620.png,data/raw/BrCaWisconsin/Dataset_BUSI_with_GT/benign/benign (178).png,data/raw/BrCaWisconsin/Dataset_BUSI_with_GT/benign/benign (178)_mask.png,512,512,benign,train
BrCaWisconsin_3f96617de3a84e87844b4982a84c5edf.png,12333211400869683874,benign (208),images/3f96617de3a84e87844b4982a84c5edf.png,masks/BrCaWisconsin_3f96617de3a84e87844b4982a84c5edf.png,data/raw/BrCaWisconsin/Dataset_BUSI_with_GT/benign/benign (208).png,data/raw/BrCaWisconsin/Dataset_BUSI_with_GT/benign/benign (208)_mask.png,512,512,benign,train
BrCaWisconsin_0f96879b429f46228da4ff39d92b3854.png,1583252001889701199,benign (420),images/0f96879b429f46228da4ff39d92b3854.png,masks/BrCaWisconsin_0f96879b429f46228da4ff39d92b3854.png,data/raw/BrCaWisconsin/Dataset_BUSI_with_GT/benign/benign (420).png,data/raw/BrCaWisconsin/Dataset_BUSI_with_GT/benign/benign (420)_mask.png,512,512,benign,train
BrCaWisconsin_198a6ba1617e4fb7b2b627cb14323656.png,17119771452167013315,benign (135),images/198a6ba1617e4fb7b2b627cb14323656.png,masks/BrCaWisconsin_198a6ba1617e4fb7b2b627cb14323656.png,data/raw/BrCaWisconsin/Dataset_BUSI_with_GT/benign/benign (135).png,data/raw/BrCaWisconsin/Dataset_BUSI_with_GT/benign/benign (135)_mask.png,512,512,benign,train
BrCaWisconsin_870e2d2c3f8141c1887efeec3c6b65a3.png,6181632890231876684,benign (272),images/870e2d2c3f8141c1887efeec3c6b65a3.png,masks/BrCaWisconsin_870e2d2c3f8141c1887efeec3c6b65a3.png,data/raw/BrCaWisconsin/Dataset_BUSI_with_GT/benign/benign (272).png,data/raw/BrCaWisconsin/Dataset_BUSI_with_GT/benign/benign (272)_mask.png,512,512,benign,train
BrCaWisconsin_7741b8f2798f41bd976a982cb52b1154.png,12801062837276361525,benign (102),images/7741b8f2798f41bd976a982cb52b1154.png,masks/BrCaWisconsin_7741b8f2798f41bd976a982cb52b1154.png,data/raw/BrCaWisconsin/Dataset_BUSI_with_GT/benign/benign (102).png,data/raw/BrCaWisconsin/Dataset_BUSI_with_GT/benign/benign (102)_mask.png,512,512,benign,train
BrCaWisconsin_dd29fcaa733147809b864c7a5024b25f.png,12921304045751222353,benign (428),images/dd29fcaa733147809b864c7a5024b25f.png,masks/BrCaWisconsin_dd29fcaa733147809b864c7a5024b25f.png,data/raw/BrCaWisconsin/Dataset_BUSI_with_GT/benign/benign (428).png,data/raw/BrCaWisconsin/Dataset_BUSI_with_GT/benign/benign (428)_mask.png,512,512,benign,train
BrCaWisconsin_e770dd6c3f9c4fe0a3df061f95cbeae3.png,3905937601307790540,benign (359),images/e770dd6c3f9c4fe0a3df061f95cbeae3.png,masks/BrCaWisconsin_e770dd6c3f9c4fe0a3df061f95cbeae3.png,data/raw/BrCaWisconsin/Dataset_BUSI_with_GT/benign/benign (359).png,data/raw/BrCaWisconsin/Dataset_BUSI_with_GT/benign/benign (359)_mask.png,512,512,benign,train
BrCaWisconsin_d7fb2ca0808e453a978c9df0d249b561.png,1555389013737825904,benign (224),images/d7fb2ca0808e453a978c9df0d249b561.png,masks/BrCaWisconsin_d7fb2ca0808e453a978c9df0d249b561.png,data/raw/BrCaWisconsin/Dataset_BUSI_with_GT/benign/benign (224).png,data/raw/BrCaWisconsin/Dataset_BUSI_with_GT/benign/benign (224)_mask.png,512,512,benign,train
BrCaWisconsin_38b129805cac4ebb856e95c6ab4210bc.png,15718809830833818352,benign (154),images/38b129805cac4ebb856e95c6ab4210bc.png,masks/BrCaWisconsin_38b129805cac4ebb856e95c6ab4210bc.png,data/raw/BrCaWisconsin/Dataset_BUSI_with_GT/benign/benign (154).png,data/raw/BrCaWisconsin/Dataset_BUSI_with_GT/benign/benign (154)_mask.png,512,512,benign,train
BrCaWisconsin_87d2190693394dafbd8a780fc56d5fc7.png,8396146585736432719,benign (362),images/87d2190693394dafbd8a780fc56d5fc7.png,masks/BrCaWisconsin_87d2190693394dafbd8a780fc56d5fc7.png,data/raw/BrCaWisconsin/Dataset_BUSI_with_GT/benign/benign (362).png,data/raw/BrCaWisconsin/Dataset_BUSI_with_GT/benign/benign (362)_mask.png,512,512,benign,test
BrCaWisconsin_1aae6df5ef2445d185a93ba4b6e12c5d.png,16444216354248368806,benign (142),images/1aae6df5ef2445d185a93ba4b6e12c5d.png,masks/BrCaWisconsin_1aae6df5ef2445d185a93ba4b6e12c5d.png,data/raw/BrCaWisconsin/Dataset_BUSI_with_GT/benign/benign (142).png,data/raw/BrCaWisconsin/Dataset_BUSI_with_GT/benign/benign (142)_mask.png,512,512,benign,train
BrCaWisconsin_0003bc82dbe145e4a137d1da7ac56506.png,15337169758582921264,benign (84),images/0003bc82dbe145e4a137d1da7ac56506.png,masks/BrCaWisconsin_0003bc82dbe145e4a137d1da7ac56506.png,data/raw/BrCaWisconsin/Dataset_BUSI_with_GT/benign/benign (84).png,data/raw/BrCaWisconsin/Dataset_BUSI_with_GT/benign/benign (84)_mask.png,512,512,benign,train
BrCaWisconsin_00df0354a4fc4fc5bbbaf9dfba513517.png,7679520758728129144,benign (404),images/00df0354a4fc4fc5bbbaf9dfba513517.png,masks/BrCaWisconsin_00df0354a4fc4fc5bbbaf9dfba513517.png,data/raw/BrCaWisconsin/Dataset_BUSI_with_GT/benign/benign (404).png,data/raw/BrCaWisconsin/Dataset_BUSI_with_GT/benign/benign (404)_mask.png,512,512,benign,train
BrCaWisconsin_57fd18a14ce042a1a119ed2732977313.png,8747806227119569273,benign (379),images/57fd18a14ce042a1a119ed2732977313.png,masks/BrCaWisconsin_57fd18a14ce042a1a119ed2732977313.png,data/raw/BrCaWisconsin/Dataset_BUSI_with_GT/benign/benign (379).png,data/raw/BrCaWisconsin/Dataset_BUSI_with_GT/benign/benign (379)_mask.png,512,512,benign,train
BrCaWisconsin_a6edaf85f8bf467f807392a64b5d0ec2.png,6222438512564312902,benign (396),images/a6edaf85f8bf467f807392a64b5d0ec2.png,masks/BrCaWisconsin_a6edaf85f8bf467f807392a64b5d0ec2.png,data/raw/BrCaWisconsin/Dataset_BUSI_with_GT/benign/benign (396).png,data/raw/BrCaWisconsin/Dataset_BUSI_with_GT/benign/benign (396)_mask.png,512,512,benign,train
BrCaWisconsin_fec18618da42448ebf01548b000ac322.png,13522826049924656952,benign (115),images/fec18618da42448ebf01548b000ac322.png,masks/BrCaWisconsin_fec18618da42448ebf01548b000ac322.png,data/raw/BrCaWisconsin/Dataset_BUSI_with_GT/benign/benign (115).png,data/raw/BrCaWisconsin/Dataset_BUSI_with_GT/benign/benign (115)_mask.png,512,512,benign,train
BrCaWisconsin_99a89ababf484ce1ae8e7b953f310fc7.png,13373407636378416344,benign (400),images/99a89ababf484ce1ae8e7b953f310fc7.png,masks/BrCaWisconsin_99a89ababf484ce1ae8e7b953f310fc7.png,data/raw/BrCaWisconsin/Dataset_BUSI_with_GT/benign/benign (400).png,data/raw/BrCaWisconsin/Dataset_BUSI_with_GT/benign/benign (400)_mask.png,512,512,benign,val
BrCaWisconsin_d6a789b1de554c0dac5a2ae41426217b.png,5347420705699588231,benign (42),images/d6a789b1de554c0dac5a2ae41426217b.png,masks/BrCaWisconsin_d6a789b1de554c0dac5a2ae41426217b.png,data/raw/BrCaWisconsin/Dataset_BUSI_with_GT/benign/benign (42).png,data/raw/BrCaWisconsin/Dataset_BUSI_with_GT/benign/benign (42)_mask.png,512,512,benign,train
BrCaWisconsin_d6323ad7e61845d18ce2f20ac4d4dd43.png,3587831342786987397,benign (416),images/d6323ad7e61845d18ce2f20ac4d4dd43.png,masks/BrCaWisconsin_d6323ad7e61845d18ce2f20ac4d4dd43.png,data/raw/BrCaWisconsin/Dataset_BUSI_with_GT/benign/benign (416).png,data/raw/BrCaWisconsin/Dataset_BUSI_with_GT/benign/benign (416)_mask.png,512,512,benign,train
BrCaWisconsin_a9c90e8c12bc4a58acb0ba3fcd786368.png,10859764903139856112,benign (292),images/a9c90e8c12bc4a58acb0ba3fcd786368.png,masks/BrCaWisconsin_a9c90e8c12bc4a58acb0ba3fcd786368.png,data/raw/BrCaWisconsin/Dataset_BUSI_with_GT/benign/benign (292).png,data/raw/BrCaWisconsin/Dataset_BUSI_with_GT/benign/benign (292)_mask.png,512,512,benign,test
BrCaWisconsin_a43333e61566410d9be1314e7cb62d16.png,6527908126674423849,benign (38),images/a43333e61566410d9be1314e7cb62d16.png,masks/BrCaWisconsin_a43333e61566410d9be1314e7cb62d16.png,data/raw/BrCaWisconsin/Dataset_BUSI_with_GT/benign/benign (38).png,data/raw/BrCaWisconsin/Dataset_BUSI_with_GT/benign/benign (38)_mask.png,512,512,benign,train
BrCaWisconsin_ce4daae35fec4f59b4bb99f5a0679fe5.png,8383118183851283511,benign (376),images/ce4daae35fec4f59b4bb99f5a0679fe5.png,masks/BrCaWisconsin_ce4daae35fec4f59b4bb99f5a0679fe5.png,data/raw/BrCaWisconsin/Dataset_BUSI_with_GT/benign/benign (376).png,data/raw/BrCaWisconsin/Dataset_BUSI_with_GT/benign/benign (376)_mask.png,512,512,benign,train
BrCaWisconsin_f64ca587308c4921b89f6cbb9b36c0a1.png,10868404250432035040,benign (140),images/f64ca587308c4921b89f6cbb9b36c0a1.png,masks/BrCaWisconsin_f64ca587308c4921b89f6cbb9b36c0a1.png,data/raw/BrCaWisconsin/Dataset_BUSI_with_GT/benign/benign (140).png,data/raw/BrCaWisconsin/Dataset_BUSI_with_GT/benign/benign (140)_mask.png,512,512,benign,val
BrCaWisconsin_0ef16b11e1c6444e8545c09de061ce2d.png,5941789641297539750,benign (189),images/0ef16b11e1c6444e8545c09de061ce2d.png,masks/BrCaWisconsin_0ef16b11e1c6444e8545c09de061ce2d.png,data/raw/BrCaWisconsin/Dataset_BUSI_with_GT/benign/benign (189).png,data/raw/BrCaWisconsin/Dataset_BUSI_with_GT/benign/benign (189)_mask.png,512,512,benign,train
BrCaWisconsin_08058d4303b946a384a414108a3bc89c.png,11712073333191226131,benign (206),images/08058d4303b946a384a414108a3bc89c.png,masks/BrCaWisconsin_08058d4303b946a384a414108a3bc89c.png,data/raw/BrCaWisconsin/Dataset_BUSI_with_GT/benign/benign (206).png,data/raw/BrCaWisconsin/Dataset_BUSI_with_GT/benign/benign (206)_mask.png,512,512,benign,train
BrCaWisconsin_89da93f4bdb24e4bb58250b277eb27e5.png,13386161373156971472,benign (63),images/89da93f4bdb24e4bb58250b277eb27e5.png,masks/BrCaWisconsin_89da93f4bdb24e4bb58250b277eb27e5.png,data/raw/BrCaWisconsin/Dataset_BUSI_with_GT/benign/benign (63).png,data/raw/BrCaWisconsin/Dataset_BUSI_with_GT/benign/benign (63)_mask.png,512,512,benign,train
BrCaWisconsin_6b7ced3bce4b49d4a2830cfd93344eb9.png,16385263214513206791,benign (343),images/6b7ced3bce4b49d4a2830cfd93344eb9.png,masks/BrCaWisconsin_6b7ced3bce4b49d4a2830cfd93344eb9.png,data/raw/BrCaWisconsin/Dataset_BUSI_with_GT/benign/benign (343).png,data/raw/BrCaWisconsin/Dataset_BUSI_with_GT/benign/benign (343)_mask.png,512,512,benign,train
BrCaWisconsin_97e9b7eb0a114d48acc162afee7be8a1.png,13101645396417426353,benign (8),images/97e9b7eb0a114d48acc162afee7be8a1.png,masks/BrCaWisconsin_97e9b7eb0a114d48acc162afee7be8a1.png,data/raw/BrCaWisconsin/Dataset_BUSI_with_GT/benign/benign (8).png,data/raw/BrCaWisconsin/Dataset_BUSI_with_GT/benign/benign (8)_mask.png,512,512,benign,train
BrCaWisconsin_14e1758b55e84146b1f32502aca5a513.png,11830569359580587129,benign (19),images/14e1758b55e84146b1f32502aca5a513.png,masks/BrCaWisconsin_14e1758b55e84146b1f32502aca5a513.png,data/raw/BrCaWisconsin/Dataset_BUSI_with_GT/benign/benign (19).png,data/raw/BrCaWisconsin/Dataset_BUSI_with_GT/benign/benign (19)_mask.png,512,512,benign,train
BrCaWisconsin_c679d7bea49d4a73bc264602be8ac88e.png,12859648455986029926,benign (251),images/c679d7bea49d4a73bc264602be8ac88e.png,masks/BrCaWisconsin_c679d7bea49d4a73bc264602be8ac88e.png,data/raw/BrCaWisconsin/Dataset_BUSI_with_GT/benign/benign (251).png,data/raw/BrCaWisconsin/Dataset_BUSI_with_GT/benign/benign (251)_mask.png,512,512,benign,train
BrCaWisconsin_7c660b2213bc4b1d95385c677ef712e0.png,15265663106216781478,benign (161),images/7c660b2213bc4b1d95385c677ef712e0.png,masks/BrCaWisconsin_7c660b2213bc4b1d95385c677ef712e0.png,data/raw/BrCaWisconsin/Dataset_BUSI_with_GT/benign/benign (161).png,data/raw/BrCaWisconsin/Dataset_BUSI_with_GT/benign/benign (161)_mask.png,512,512,benign,train
BrCaWisconsin_0d414f3d94784fac924a8f12a0b68c9c.png,15306216343429670180,benign (357),images/0d414f3d94784fac924a8f12a0b68c9c.png,masks/BrCaWisconsin_0d414f3d94784fac924a8f12a0b68c9c.png,data/raw/BrCaWisconsin/Dataset_BUSI_with_GT/benign/benign (357).png,data/raw/BrCaWisconsin/Dataset_BUSI_with_GT/benign/benign (357)_mask.png,512,512,benign,train
BrCaWisconsin_58793a7f210c417da746cbec4e3eeb94.png,6239934275832278252,benign (7),images/58793a7f210c417da746cbec4e3eeb94.png,masks/BrCaWisconsin_58793a7f210c417da746cbec4e3eeb94.png,data/raw/BrCaWisconsin/Dataset_BUSI_with_GT/benign/benign (7).png,data/raw/BrCaWisconsin/Dataset_BUSI_with_GT/benign/benign (7)_mask.png,512,512,benign,val
BrCaWisconsin_59030063f0fe4b3f8eb8b94f8224ae10.png,6020937508796373563,benign (211),images/59030063f0fe4b3f8eb8b94f8224ae10.png,masks/BrCaWisconsin_59030063f0fe4b3f8eb8b94f8224ae10.png,data/raw/BrCaWisconsin/Dataset_BUSI_with_GT/benign/benign (211).png,data/raw/BrCaWisconsin/Dataset_BUSI_with_GT/benign/benign (211)_mask.png,512,512,benign,train
BrCaWisconsin_6948e00cd875418a81e6117337ae7ce6.png,2480826280428724448,benign (205),images/6948e00cd875418a81e6117337ae7ce6.png,masks/BrCaWisconsin_6948e00cd875418a81e6117337ae7ce6.png,data/raw/BrCaWisconsin/Dataset_BUSI_with_GT/benign/benign (205).png,data/raw/BrCaWisconsin/Dataset_BUSI_with_GT/benign/benign (205)_mask.png,512,512,benign,train
BrCaWisconsin_cfed33dd1765412daadb7ecf3a57c8d9.png,6135760422213347816,benign (175),images/cfed33dd1765412daadb7ecf3a57c8d9.png,masks/BrCaWisconsin_cfed33dd1765412daadb7ecf3a57c8d9.png,data/raw/BrCaWisconsin/Dataset_BUSI_with_GT/benign/benign (175).png,data/raw/BrCaWisconsin/Dataset_BUSI_with_GT/benign/benign (175)_mask.png,512,512,benign,test
BrCaWisconsin_0f9f6892e965467ca42877ef63344bf3.png,14814998251652818778,benign (302),images/0f9f6892e965467ca42877ef63344bf3.png,masks/BrCaWisconsin_0f9f6892e965467ca42877ef63344bf3.png,data/raw/BrCaWisconsin/Dataset_BUSI_with_GT/benign/benign (302).png,data/raw/BrCaWisconsin/Dataset_BUSI_with_GT/benign/benign (302)_mask.png,512,512,benign,val
BrCaWisconsin_2d4b2d5bb55e435d98279a978b1f742e.png,14509374133142958644,benign (181),images/2d4b2d5bb55e435d98279a978b1f742e.png,masks/BrCaWisconsin_2d4b2d5bb55e435d98279a978b1f742e.png,data/raw/BrCaWisconsin/Dataset_BUSI_with_GT/benign/benign (181).png,data/raw/BrCaWisconsin/Dataset_BUSI_with_GT/benign/benign (181)_mask.png,512,512,benign,val
BrCaWisconsin_9bf1ffa8539d4067abc8ea1ea9d07f72.png,12261585116534818311,benign (47),images/9bf1ffa8539d4067abc8ea1ea9d07f72.png,masks/BrCaWisconsin_9bf1ffa8539d4067abc8ea1ea9d07f72.png,data/raw/BrCaWisconsin/Dataset_BUSI_with_GT/benign/benign (47).png,data/raw/BrCaWisconsin/Dataset_BUSI_with_GT/benign/benign (47)_mask.png,512,512,benign,train
BrCaWisconsin_34769cba624f445eb3f25e479daf057d.png,3646048307462551869,benign (339),images/34769cba624f445eb3f25e479daf057d.png,masks/BrCaWisconsin_34769cba624f445eb3f25e479daf057d.png,data/raw/BrCaWisconsin/Dataset_BUSI_with_GT/benign/benign (339).png,data/raw/BrCaWisconsin/Dataset_BUSI_with_GT/benign/benign (339)_mask.png,512,512,benign,test
BrCaWisconsin_70564253e7fc4a1b96416d81b7e39074.png,7896998899333360232,benign (425),images/70564253e7fc4a1b96416d81b7e39074.png,masks/BrCaWisconsin_70564253e7fc4a1b96416d81b7e39074.png,data/raw/BrCaWisconsin/Dataset_BUSI_with_GT/benign/benign (425).png,data/raw/BrCaWisconsin/Dataset_BUSI_with_GT/benign/benign (425)_mask.png,512,512,benign,train
BrCaWisconsin_966d7dc718dd4976bd65bfaed67dacf0.png,16795540076303151826,benign (355),images/966d7dc718dd4976bd65bfaed67dacf0.png,masks/BrCaWisconsin_966d7dc718dd4976bd65bfaed67dacf0.png,data/raw/BrCaWisconsin/Dataset_BUSI_with_GT/benign/benign (355).png,data/raw/BrCaWisconsin/Dataset_BUSI_with_GT/benign/benign (355)_mask.png,512,512,benign,train
BrCaWisconsin_46d3eae24b724850b72d3d3bfc2df76e.png,5144635996982981514,benign (10),images/46d3eae24b724850b72d3d3bfc2df76e.png,masks/BrCaWisconsin_46d3eae24b724850b72d3d3bfc2df76e.png,data/raw/BrCaWisconsin/Dataset_BUSI_with_GT/benign/benign (10).png,data/raw/BrCaWisconsin/Dataset_BUSI_with_GT/benign/benign (10)_mask.png,512,512,benign,train
BrCaWisconsin_4512fd53222e46f4a0ea57be368c3c63.png,12188617100136835304,benign (139),images/4512fd53222e46f4a0ea57be368c3c63.png,masks/BrCaWisconsin_4512fd53222e46f4a0ea57be368c3c63.png,data/raw/BrCaWisconsin/Dataset_BUSI_with_GT/benign/benign (139).png,data/raw/BrCaWisconsin/Dataset_BUSI_with_GT/benign/benign (139)_mask.png,512,512,benign,train
BrCaWisconsin_93154027c91f42d4bbb69a22992923d0.png,5963440610112790883,benign (395),images/93154027c91f42d4bbb69a22992923d0.png,masks/BrCaWisconsin_93154027c91f42d4bbb69a22992923d0.png,data/raw/BrCaWisconsin/Dataset_BUSI_with_GT/benign/benign (395).png,data/raw/BrCaWisconsin/Dataset_BUSI_with_GT/benign/benign (395)_mask.png,512,512,benign,train
BrCaWisconsin_7e41b2b35542499094cb1f8e2e22b82e.png,3724172097427123186,benign (11),images/7e41b2b35542499094cb1f8e2e22b82e.png,masks/BrCaWisconsin_7e41b2b35542499094cb1f8e2e22b82e.png,data/raw/BrCaWisconsin/Dataset_BUSI_with_GT/benign/benign (11).png,data/raw/BrCaWisconsin/Dataset_BUSI_with_GT/benign/benign (11)_mask.png,512,512,benign,train
BrCaWisconsin_6f4c42c37db54dc5b766034f2f3f4cd8.png,6824319766497048991,benign (138),images/6f4c42c37db54dc5b766034f2f3f4cd8.png,masks/BrCaWisconsin_6f4c42c37db54dc5b766034f2f3f4cd8.png,data/raw/BrCaWisconsin/Dataset_BUSI_with_GT/benign/benign (138).png,data/raw/BrCaWisconsin/Dataset_BUSI_with_GT/benign/benign (138)_mask.png,512,512,benign,val
BrCaWisconsin_86bb41c0889e45a6944969b14502afca.png,12274681233219675701,benign (12),images/86bb41c0889e45a6944969b14502afca.png,masks/BrCaWisconsin_86bb41c0889e45a6944969b14502afca.png,data/raw/BrCaWisconsin/Dataset_BUSI_with_GT/benign/benign (12).png,data/raw/BrCaWisconsin/Dataset_BUSI_with_GT/benign/benign (12)_mask.png,512,512,benign,train
BrCaWisconsin_3224724644e34fe59ac11ee92cb55da0.png,8481850106489053993,benign (354),images/3224724644e34fe59ac11ee92cb55da0.png,masks/BrCaWisconsin_3224724644e34fe59ac11ee92cb55da0.png,data/raw/BrCaWisconsin/Dataset_BUSI_with_GT/benign/benign (354).png,data/raw/BrCaWisconsin/Dataset_BUSI_with_GT/benign/benign (354)_mask.png,512,512,benign,train
BrCaWisconsin_6e8f7fb2b1af4ba190b0721224039d46.png,7731082242489544425,benign (180),images/6e8f7fb2b1af4ba190b0721224039d46.png,masks/BrCaWisconsin_6e8f7fb2b1af4ba190b0721224039d46.png,data/raw/BrCaWisconsin/Dataset_BUSI_with_GT/benign/benign (180).png,data/raw/BrCaWisconsin/Dataset_BUSI_with_GT/benign/benign (180)_mask.png,512,512,benign,train
BrCaWisconsin_4f9af8fee36e4d21a27bcc471657872a.png,5230992651123220672,benign (326),images/4f9af8fee36e4d21a27bcc471657872a.png,masks/BrCaWisconsin_4f9af8fee36e4d21a27bcc471657872a.png,data/raw/BrCaWisconsin/Dataset_BUSI_with_GT/benign/benign (326).png,data/raw/BrCaWisconsin/Dataset_BUSI_with_GT/benign/benign (326)_mask.png,512,512,benign,train
BrCaWisconsin_5518d9a5bb5046629e42d58f7b8064e9.png,5879076109571777193,benign (46),images/5518d9a5bb5046629e42d58f7b8064e9.png,masks/BrCaWisconsin_5518d9a5bb5046629e42d58f7b8064e9.png,data/raw/BrCaWisconsin/Dataset_BUSI_with_GT/benign/benign (46).png,data/raw/BrCaWisconsin/Dataset_BUSI_with_GT/benign/benign (46)_mask.png,512,512,benign,val
BrCaWisconsin_0bea743180a449fa9cb526d18876c0ef.png,12908182345549556009,benign (110),images/0bea743180a449fa9cb526d18876c0ef.png,masks/BrCaWisconsin_0bea743180a449fa9cb526d18876c0ef.png,data/raw/BrCaWisconsin/Dataset_BUSI_with_GT/benign/benign (110).png,data/raw/BrCaWisconsin/Dataset_BUSI_with_GT/benign/benign (110)_mask.png,512,512,benign,train
BrCaWisconsin_37c85b0848e041409f1f62cac6456b81.png,6453253145961969840,benign (68),images/37c85b0848e041409f1f62cac6456b81.png,masks/BrCaWisconsin_37c85b0848e041409f1f62cac6456b81.png,data/raw/BrCaWisconsin/Dataset_BUSI_with_GT/benign/benign (68).png,data/raw/BrCaWisconsin/Dataset_BUSI_with_GT/benign/benign (68)_mask.png,512,512,benign,test
BrCaWisconsin_fff75e1a59784409a6df445b1c8ccee5.png,11712073333258334725,benign (303),images/fff75e1a59784409a6df445b1c8ccee5.png,masks/BrCaWisconsin_fff75e1a59784409a6df445b1c8ccee5.png,data/raw/BrCaWisconsin/Dataset_BUSI_with_GT/benign/benign (303).png,data/raw/BrCaWisconsin/Dataset_BUSI_with_GT/benign/benign (303)_mask.png,512,512,benign,test
BrCaWisconsin_b84b174fe77847479b694e3603babb90.png,3158629392329390249,benign (196),images/b84b174fe77847479b694e3603babb90.png,masks/BrCaWisconsin_b84b174fe77847479b694e3603babb90.png,data/raw/BrCaWisconsin/Dataset_BUSI_with_GT/benign/benign (196).png,data/raw/BrCaWisconsin/Dataset_BUSI_with_GT/benign/benign (196)_mask.png,512,512,benign,train
BrCaWisconsin_6ed7ca85ab3c45f4b9a979f70913c985.png,11044284497676390094,benign (50),images/6ed7ca85ab3c45f4b9a979f70913c985.png,masks/BrCaWisconsin_6ed7ca85ab3c45f4b9a979f70913c985.png,data/raw/BrCaWisconsin/Dataset_BUSI_with_GT/benign/benign (50).png,data/raw/BrCaWisconsin/Dataset_BUSI_with_GT/benign/benign (50)_mask.png,512,512,benign,train
BrCaWisconsin_9b3b4c0f9181497b8bb77d7100a3c2f9.png,12838027050003780024,benign (250),images/9b3b4c0f9181497b8bb77d7100a3c2f9.png,masks/BrCaWisconsin_9b3b4c0f9181497b8bb77d7100a3c2f9.png,data/raw/BrCaWisconsin/Dataset_BUSI_with_GT/benign/benign (250).png,data/raw/BrCaWisconsin/Dataset_BUSI_with_GT/benign/benign (250)_mask.png,512,512,benign,val
BrCaWisconsin_9fe72255dcc043ca9d0dac422016e637.png,17426149147554198649,benign (274),images/9fe72255dcc043ca9d0dac422016e637.png,masks/BrCaWisconsin_9fe72255dcc043ca9d0dac422016e637.png,data/raw/BrCaWisconsin/Dataset_BUSI_with_GT/benign/benign (274).png,data/raw/BrCaWisconsin/Dataset_BUSI_with_GT/benign/benign (274)_mask.png,512,512,benign,train
BrCaWisconsin_040b7c6ee0aa4e898fb11fdbca229d62.png,5230992646308159680,benign (9),images/040b7c6ee0aa4e898fb11fdbca229d62.png,masks/BrCaWisconsin_040b7c6ee0aa4e898fb11fdbca229d62.png,data/raw/BrCaWisconsin/Dataset_BUSI_with_GT/benign/benign (9).png,data/raw/BrCaWisconsin/Dataset_BUSI_with_GT/benign/benign (9)_mask.png,512,512,benign,val
BrCaWisconsin_459931750c8d4802a46da17209a87ac1.png,7286389505431840740,benign (207),images/459931750c8d4802a46da17209a87ac1.png,masks/BrCaWisconsin_459931750c8d4802a46da17209a87ac1.png,data/raw/BrCaWisconsin/Dataset_BUSI_with_GT/benign/benign (207).png,data/raw/BrCaWisconsin/Dataset_BUSI_with_GT/benign/benign (207)_mask.png,512,512,benign,train
BrCaWisconsin_9fcccdd68ad64c13b9de6967c1f16cc2.png,7123474583891637622,benign (381),images/9fcccdd68ad64c13b9de6967c1f16cc2.png,masks/BrCaWisconsin_9fcccdd68ad64c13b9de6967c1f16cc2.png,data/raw/BrCaWisconsin/Dataset_BUSI_with_GT/benign/benign (381).png,data/raw/BrCaWisconsin/Dataset_BUSI_with_GT/benign/benign (381)_mask.png,512,512,benign,train
BrCaWisconsin_bbaaef3de0e14ac0932f238784365eb6.png,1636392866285080304,benign (293),images/bbaaef3de0e14ac0932f238784365eb6.png,masks/BrCaWisconsin_bbaaef3de0e14ac0932f238784365eb6.png,data/raw/BrCaWisconsin/Dataset_BUSI_with_GT/benign/benign (293).png,data/raw/BrCaWisconsin/Dataset_BUSI_with_GT/benign/benign (293)_mask.png,512,512,benign,train
BrCaWisconsin_066340a5905d4404aed1648e008c7e74.png,10911142422770328520,benign (255),images/066340a5905d4404aed1648e008c7e74.png,masks/BrCaWisconsin_066340a5905d4404aed1648e008c7e74.png,data/raw/BrCaWisconsin/Dataset_BUSI_with_GT/benign/benign (255).png,data/raw/BrCaWisconsin/Dataset_BUSI_with_GT/benign/benign (255)_mask.png,512,512,benign,train
BrCaWisconsin_60ed6b617a7641998b49786610a75c06.png,4302879984146964645,benign (27),images/60ed6b617a7641998b49786610a75c06.png,masks/BrCaWisconsin_60ed6b617a7641998b49786610a75c06.png,data/raw/BrCaWisconsin/Dataset_BUSI_with_GT/benign/benign (27).png,data/raw/BrCaWisconsin/Dataset_BUSI_with_GT/benign/benign (27)_mask.png,512,512,benign,train
BrCaWisconsin_fdbcbc7f4d7747678c6fc2bb9e70871a.png,11803277774956835064,benign (114),images/fdbcbc7f4d7747678c6fc2bb9e70871a.png,masks/BrCaWisconsin_fdbcbc7f4d7747678c6fc2bb9e70871a.png,data/raw/BrCaWisconsin/Dataset_BUSI_with_GT/benign/benign (114).png,data/raw/BrCaWisconsin/Dataset_BUSI_with_GT/benign/benign (114)_mask.png,512,512,benign,train
BrCaWisconsin_ecc0da71f6664c6d97034888288f0ad8.png,7842897622548916384,benign (182),images/ecc0da71f6664c6d97034888288f0ad8.png,masks/BrCaWisconsin_ecc0da71f6664c6d97034888288f0ad8.png,data/raw/BrCaWisconsin/Dataset_BUSI_with_GT/benign/benign (182).png,data/raw/BrCaWisconsin/Dataset_BUSI_with_GT/benign/benign (182)_mask.png,512,512,benign,train
BrCaWisconsin_8d16c9ad172c41aa9590889616e6bfe2.png,8253653603932933017,benign (401),images/8d16c9ad172c41aa9590889616e6bfe2.png,masks/BrCaWisconsin_8d16c9ad172c41aa9590889616e6bfe2.png,data/raw/BrCaWisconsin/Dataset_BUSI_with_GT/benign/benign (401).png,data/raw/BrCaWisconsin/Dataset_BUSI_with_GT/benign/benign (401)_mask.png,512,512,benign,train
BrCaWisconsin_bf6e5acfd27e429bb80f3958414a3f95.png,6213054930640277388,benign (33),images/bf6e5acfd27e429bb80f3958414a3f95.png,masks/BrCaWisconsin_bf6e5acfd27e429bb80f3958414a3f95.png,data/raw/BrCaWisconsin/Dataset_BUSI_with_GT/benign/benign (33).png,data/raw/BrCaWisconsin/Dataset_BUSI_with_GT/benign/benign (33)_mask.png,512,512,benign,train
BrCaWisconsin_8365b677926d4a98b74cb70c6c30613c.png,10690097575258305297,benign (378),images/8365b677926d4a98b74cb70c6c30613c.png,masks/BrCaWisconsin_8365b677926d4a98b74cb70c6c30613c.png,data/raw/BrCaWisconsin/Dataset_BUSI_with_GT/benign/benign (378).png,data/raw/BrCaWisconsin/Dataset_BUSI_with_GT/benign/benign (378)_mask.png,512,512,benign,val
BrCaWisconsin_0e90b4e5332e4df2b821ae10b3cceb4c.png,1036026473132801258,benign (397),images/0e90b4e5332e4df2b821ae10b3cceb4c.png,masks/BrCaWisconsin_0e90b4e5332e4df2b821ae10b3cceb4c.png,data/raw/BrCaWisconsin/Dataset_BUSI_with_GT/benign/benign (397).png,data/raw/BrCaWisconsin/Dataset_BUSI_with_GT/benign/benign (397)_mask.png,512,512,benign,train
BrCaWisconsin_0cb3b0fe7dd449008af2fd1250cd5437.png,2457077206964949979,benign (143),images/0cb3b0fe7dd449008af2fd1250cd5437.png,masks/BrCaWisconsin_0cb3b0fe7dd449008af2fd1250cd5437.png,data/raw/BrCaWisconsin/Dataset_BUSI_with_GT/benign/benign (143).png,data/raw/BrCaWisconsin/Dataset_BUSI_with_GT/benign/benign (143)_mask.png,512,512,benign,val
BrCaWisconsin_0186d216e33f4e599177450ac8e3b220.png,5347420705968027719,benign (131),images/0186d216e33f4e599177450ac8e3b220.png,masks/BrCaWisconsin_0186d216e33f4e599177450ac8e3b220.png,data/raw/BrCaWisconsin/Dataset_BUSI_with_GT/benign/benign (131).png,data/raw/BrCaWisconsin/Dataset_BUSI_with_GT/benign/benign (131)_mask.png,512,512,benign,train
BrCaWisconsin_af81843af1944071b93435ddf96756a6.png,6220978472805234712,benign (85),images/af81843af1944071b93435ddf96756a6.png,masks/BrCaWisconsin_af81843af1944071b93435ddf96756a6.png,data/raw/BrCaWisconsin/Dataset_BUSI_with_GT/benign/benign (85).png,data/raw/BrCaWisconsin/Dataset_BUSI_with_GT/benign/benign (85)_mask.png,512,512,benign,train
BrCaWisconsin_872e4203e69841d8be17c3f4a7f99f0f.png,14787260235538925255,benign (307),images/872e4203e69841d8be17c3f4a7f99f0f.png,masks/BrCaWisconsin_872e4203e69841d8be17c3f4a7f99f0f.png,data/raw/BrCaWisconsin/Dataset_BUSI_with_GT/benign/benign (307).png,data/raw/BrCaWisconsin/Dataset_BUSI_with_GT/benign/benign (307)_mask.png,512,512,benign,train
BrCaWisconsin_a2f5604f662748049f19548a1461d294.png,12980455688586577859,benign (285),images/a2f5604f662748049f19548a1461d294.png,masks/BrCaWisconsin_a2f5604f662748049f19548a1461d294.png,data/raw/BrCaWisconsin/Dataset_BUSI_with_GT/benign/benign (285).png,data/raw/BrCaWisconsin/Dataset_BUSI_with_GT/benign/benign (285)_mask.png,512,512,benign,train
BrCaWisconsin_6e0ee5cf41ec4c08a239aa9171a7af5e.png,12765179947603257448,benign (49),images/6e0ee5cf41ec4c08a239aa9171a7af5e.png,masks/BrCaWisconsin_6e0ee5cf41ec4c08a239aa9171a7af5e.png,data/raw/BrCaWisconsin/Dataset_BUSI_with_GT/benign/benign (49).png,data/raw/BrCaWisconsin/Dataset_BUSI_with_GT/benign/benign (49)_mask.png,512,512,benign,train
BrCaWisconsin_2ef59f8ddc2d42eba8e736ca2e06b512.png,11696361249453138024,benign (80),images/2ef59f8ddc2d42eba8e736ca2e06b512.png,masks/BrCaWisconsin_2ef59f8ddc2d42eba8e736ca2e06b512.png,data/raw/BrCaWisconsin/Dataset_BUSI_with_GT/benign/benign (80).png,data/raw/BrCaWisconsin/Dataset_BUSI_with_GT/benign/benign (80)_mask.png,512,512,benign,train
BrCaWisconsin_a8d0d9d977f14e08869cfe4cba07823f.png,1402385083352723243,benign (358),images/a8d0d9d977f14e08869cfe4cba07823f.png,masks/BrCaWisconsin_a8d0d9d977f14e08869cfe4cba07823f.png,data/raw/BrCaWisconsin/Dataset_BUSI_with_GT/benign/benign (358).png,data/raw/BrCaWisconsin/Dataset_BUSI_with_GT/benign/benign (358)_mask.png,512,512,benign,train
BrCaWisconsin_ff0f646ce5b14c869f4c140fa46818b4.png,15363091782152013050,benign (1),images/ff0f646ce5b14c869f4c140fa46818b4.png,masks/BrCaWisconsin_ff0f646ce5b14c869f4c140fa46818b4.png,data/raw/BrCaWisconsin/Dataset_BUSI_with_GT/benign/benign (1).png,data/raw/BrCaWisconsin/Dataset_BUSI_with_GT/benign/benign (1)_mask.png,512,512,benign,train
BrCaWisconsin_b81c551dadb54eefb87525788df468d6.png,12189144728407420046,benign (421),images/b81c551dadb54eefb87525788df468d6.png,masks/BrCaWisconsin_b81c551dadb54eefb87525788df468d6.png,data/raw/BrCaWisconsin/Dataset_BUSI_with_GT/benign/benign (421).png,data/raw/BrCaWisconsin/Dataset_BUSI_with_GT/benign/benign (421)_mask.png,512,512,benign,train
BrCaWisconsin_48139cbad27c45028156b244edf6a0b1.png,17655980160180064716,benign (134),images/48139cbad27c45028156b244edf6a0b1.png,masks/BrCaWisconsin_48139cbad27c45028156b244edf6a0b1.png,data/raw/BrCaWisconsin/Dataset_BUSI_with_GT/benign/benign (134).png,data/raw/BrCaWisconsin/Dataset_BUSI_with_GT/benign/benign (134)_mask.png,512,512,benign,val
BrCaWisconsin_0f87af34f60446f58de27515ff5ada4f.png,3067137534478144711,benign (167),images/0f87af34f60446f58de27515ff5ada4f.png,masks/BrCaWisconsin_0f87af34f60446f58de27515ff5ada4f.png,data/raw/BrCaWisconsin/Dataset_BUSI_with_GT/benign/benign (167).png,data/raw/BrCaWisconsin/Dataset_BUSI_with_GT/benign/benign (167)_mask.png,512,512,benign,test
BrCaWisconsin_82581e603bea42d9bb63d1805c77745f.png,11920436023231018574,benign (398),images/82581e603bea42d9bb63d1805c77745f.png,masks/BrCaWisconsin_82581e603bea42d9bb63d1805c77745f.png,data/raw/BrCaWisconsin/Dataset_BUSI_with_GT/benign/benign (398).png,data/raw/BrCaWisconsin/Dataset_BUSI_with_GT/benign/benign (398)_mask.png,512,512,benign,test
BrCaWisconsin_f4461ebb75984d4b8e804ee7111d25cf.png,2613937792295740551,benign (351),images/f4461ebb75984d4b8e804ee7111d25cf.png,masks/BrCaWisconsin_f4461ebb75984d4b8e804ee7111d25cf.png,data/raw/BrCaWisconsin/Dataset_BUSI_with_GT/benign/benign (351).png,data/raw/BrCaWisconsin/Dataset_BUSI_with_GT/benign/benign (351)_mask.png,512,512,benign,train
BrCaWisconsin_6b82beac222b4b17a59ed0f256d64eba.png,12188617100136835240,benign (65),images/6b82beac222b4b17a59ed0f256d64eba.png,masks/BrCaWisconsin_6b82beac222b4b17a59ed0f256d64eba.png,data/raw/BrCaWisconsin/Dataset_BUSI_with_GT/benign/benign (65).png,data/raw/BrCaWisconsin/Dataset_BUSI_with_GT/benign/benign (65)_mask.png,512,512,benign,train
BrCaWisconsin_28017bf10c0e492fa73d09e3c1076990.png,658223105879697897,benign (437),images/28017bf10c0e492fa73d09e3c1076990.png,masks/BrCaWisconsin_28017bf10c0e492fa73d09e3c1076990.png,data/raw/BrCaWisconsin/Dataset_BUSI_with_GT/benign/benign (437).png,data/raw/BrCaWisconsin/Dataset_BUSI_with_GT/benign/benign (437)_mask.png,512,512,benign,train
BrCaWisconsin_ff9a7138c19f4c398fca3f881e19ced3.png,10900254079562906107,benign (163),images/ff9a7138c19f4c398fca3f881e19ced3.png,masks/BrCaWisconsin_ff9a7138c19f4c398fca3f881e19ced3.png,data/raw/BrCaWisconsin/Dataset_BUSI_with_GT/benign/benign (163).png,data/raw/BrCaWisconsin/Dataset_BUSI_with_GT/benign/benign (163)_mask.png,512,512,benign,val
BrCaWisconsin_7e2cf80f91f84160a95740494b73f26e.png,3936759211299592011,benign (423),images/7e2cf80f91f84160a95740494b73f26e.png,masks/BrCaWisconsin_7e2cf80f91f84160a95740494b73f26e.png,data/raw/BrCaWisconsin/Dataset_BUSI_with_GT/benign/benign (423).png,data/raw/BrCaWisconsin/Dataset_BUSI_with_GT/benign/benign (423)_mask.png,512,512,benign,train
BrCaWisconsin_d93dc1b7a02441cba912b99fb8d4cbad.png,8118763883582600754,benign (203),images/d93dc1b7a02441cba912b99fb8d4cbad.png,masks/BrCaWisconsin_d93dc1b7a02441cba912b99fb8d4cbad.png,data/raw/BrCaWisconsin/Dataset_BUSI_with_GT/benign/benign (203).png,data/raw/BrCaWisconsin/Dataset_BUSI_with_GT/benign/benign (203)_mask.png,512,512,benign,train
BrCaWisconsin_4bb7cf5b12aa4a0db93caa001cb6edd9.png,13421969250439275170,benign (258),images/4bb7cf5b12aa4a0db93caa001cb6edd9.png,masks/BrCaWisconsin_4bb7cf5b12aa4a0db93caa001cb6edd9.png,data/raw/BrCaWisconsin/Dataset_BUSI_with_GT/benign/benign (258).png,data/raw/BrCaWisconsin/Dataset_BUSI_with_GT/benign/benign (258)_mask.png,512,512,benign,val
BrCaWisconsin_a3d5a35fb64e41aebd439da8c705f004.png,3109834948016775842,benign (291),images/a3d5a35fb64e41aebd439da8c705f004.png,masks/BrCaWisconsin_a3d5a35fb64e41aebd439da8c705f004.png,data/raw/BrCaWisconsin/Dataset_BUSI_with_GT/benign/benign (291).png,data/raw/BrCaWisconsin/Dataset_BUSI_with_GT/benign/benign (291)_mask.png,512,512,benign,train
BrCaWisconsin_a8075e9ba6464178b360050d57b64833.png,11183609723660561445,benign (402),images/a8075e9ba6464178b360050d57b64833.png,masks/BrCaWisconsin_a8075e9ba6464178b360050d57b64833.png,data/raw/BrCaWisconsin/Dataset_BUSI_with_GT/benign/benign (402).png,data/raw/BrCaWisconsin/Dataset_BUSI_with_GT/benign/benign (402)_mask.png,512,512,benign,train
BrCaWisconsin_8f07943b7e8c48659f5fa2337fb8336f.png,7609654652910658258,benign (270),images/8f07943b7e8c48659f5fa2337fb8336f.png,masks/BrCaWisconsin_8f07943b7e8c48659f5fa2337fb8336f.png,data/raw/BrCaWisconsin/Dataset_BUSI_with_GT/benign/benign (270).png,data/raw/BrCaWisconsin/Dataset_BUSI_with_GT/benign/benign (270)_mask.png,512,512,benign,train
BrCaWisconsin_9566226a89d946fe9fddb7dc525a7c6d.png,12874055847022875032,benign (227),images/9566226a89d946fe9fddb7dc525a7c6d.png,masks/BrCaWisconsin_9566226a89d946fe9fddb7dc525a7c6d.png,data/raw/BrCaWisconsin/Dataset_BUSI_with_GT/benign/benign (227).png,data/raw/BrCaWisconsin/Dataset_BUSI_with_GT/benign/benign (227)_mask.png,512,512,benign,train
BrCaWisconsin_dcb4212d31964dcfbf971a4f71243ed8.png,3050189130751910993,benign (222),images/dcb4212d31964dcfbf971a4f71243ed8.png,masks/BrCaWisconsin_dcb4212d31964dcfbf971a4f71243ed8.png,data/raw/BrCaWisconsin/Dataset_BUSI_with_GT/benign/benign (222).png,data/raw/BrCaWisconsin/Dataset_BUSI_with_GT/benign/benign (222)_mask.png,512,512,benign,train
BrCaWisconsin_46feea3063d748f9b2b41a3265787bd5.png,15687324582366821243,benign (374),images/46feea3063d748f9b2b41a3265787bd5.png,masks/BrCaWisconsin_46feea3063d748f9b2b41a3265787bd5.png,data/raw/BrCaWisconsin/Dataset_BUSI_with_GT/benign/benign (374).png,data/raw/BrCaWisconsin/Dataset_BUSI_with_GT/benign/benign (374)_mask.png,512,512,benign,train
BrCaWisconsin_7a13dad63f1f4f4ab03006952ec0335e.png,16769033817967708993,benign (31),images/7a13dad63f1f4f4ab03006952ec0335e.png,masks/BrCaWisconsin_7a13dad63f1f4f4ab03006952ec0335e.png,data/raw/BrCaWisconsin/Dataset_BUSI_with_GT/benign/benign (31).png,data/raw/BrCaWisconsin/Dataset_BUSI_with_GT/benign/benign (31)_mask.png,512,512,benign,train
BrCaWisconsin_cae1d551ec89485ebb640cf14409c45c.png,11554629594253604905,benign (118),images/cae1d551ec89485ebb640cf14409c45c.png,masks/BrCaWisconsin_cae1d551ec89485ebb640cf14409c45c.png,data/raw/BrCaWisconsin/Dataset_BUSI_with_GT/benign/benign (118).png,data/raw/BrCaWisconsin/Dataset_BUSI_with_GT/benign/benign (118)_mask.png,512,512,benign,train
BrCaWisconsin_9457e9616e1f49f4bf32cf10c1d682a8.png,7591541439611640121,benign (370),images/9457e9616e1f49f4bf32cf10c1d682a8.png,masks/BrCaWisconsin_9457e9616e1f49f4bf32cf10c1d682a8.png,data/raw/BrCaWisconsin/Dataset_BUSI_with_GT/benign/benign (370).png,data/raw/BrCaWisconsin/Dataset_BUSI_with_GT/benign/benign (370)_mask.png,512,512,benign,train
BrCaWisconsin_f2aaa21ab84a4f22ae1272b14cb93bd7.png,4707619110782240540,benign (146),images/f2aaa21ab84a4f22ae1272b14cb93bd7.png,masks/BrCaWisconsin_f2aaa21ab84a4f22ae1272b14cb93bd7.png,data/raw/BrCaWisconsin/Dataset_BUSI_with_GT/benign/benign (146).png,data/raw/BrCaWisconsin/Dataset_BUSI_with_GT/benign/benign (146)_mask.png,512,512,benign,train
BrCaWisconsin_b2341d5fc59b4058acf21a4d2deae887.png,10867637066982049362,benign (44),images/b2341d5fc59b4058acf21a4d2deae887.png,masks/BrCaWisconsin_b2341d5fc59b4058acf21a4d2deae887.png,data/raw/BrCaWisconsin/Dataset_BUSI_with_GT/benign/benign (44).png,data/raw/BrCaWisconsin/Dataset_BUSI_with_GT/benign/benign (44)_mask.png,512,512,benign,train
BrCaWisconsin_6f8b431274d04c9fabb13e014c59f262.png,6374377007227886613,benign (323),images/6f8b431274d04c9fabb13e014c59f262.png,masks/BrCaWisconsin_6f8b431274d04c9fabb13e014c59f262.png,data/raw/BrCaWisconsin/Dataset_BUSI_with_GT/benign/benign (323).png,data/raw/BrCaWisconsin/Dataset_BUSI_with_GT/benign/benign (323)_mask.png,512,512,benign,train
BrCaWisconsin_d7d545b51f4c42f3aa6514d364d52b34.png,5433957208156855388,benign (66),images/d7d545b51f4c42f3aa6514d364d52b34.png,masks/BrCaWisconsin_d7d545b51f4c42f3aa6514d364d52b34.png,data/raw/BrCaWisconsin/Dataset_BUSI_with_GT/benign/benign (66).png,data/raw/BrCaWisconsin/Dataset_BUSI_with_GT/benign/benign (66)_mask.png,512,512,benign,train
BrCaWisconsin_a625d291fee749288b55c9e9e2b82ea8.png,11118157872238286905,benign (89),images/a625d291fee749288b55c9e9e2b82ea8.png,masks/BrCaWisconsin_a625d291fee749288b55c9e9e2b82ea8.png,data/raw/BrCaWisconsin/Dataset_BUSI_with_GT/benign/benign (89).png,data/raw/BrCaWisconsin/Dataset_BUSI_with_GT/benign/benign (89)_mask.png,512,512,benign,train
BrCaWisconsin_b08311d6cc9e4d5ebeac03318d352ddb.png,12234778954373950050,benign (384),images/b08311d6cc9e4d5ebeac03318d352ddb.png,masks/BrCaWisconsin_b08311d6cc9e4d5ebeac03318d352ddb.png,data/raw/BrCaWisconsin/Dataset_BUSI_with_GT/benign/benign (384).png,data/raw/BrCaWisconsin/Dataset_BUSI_with_GT/benign/benign (384)_mask.png,512,512,benign,test
BrCaWisconsin_fd9495d9bd324291b54ad6ac97199e41.png,10778755847832418103,benign (101),images/fd9495d9bd324291b54ad6ac97199e41.png,masks/BrCaWisconsin_fd9495d9bd324291b54ad6ac97199e41.png,data/raw/BrCaWisconsin/Dataset_BUSI_with_GT/benign/benign (101).png,data/raw/BrCaWisconsin/Dataset_BUSI_with_GT/benign/benign (101)_mask.png,512,512,benign,train
BrCaWisconsin_9b053ae279394935b3e0a24d5ca9e27a.png,13083897361606116385,benign (337),images/9b053ae279394935b3e0a24d5ca9e27a.png,masks/BrCaWisconsin_9b053ae279394935b3e0a24d5ca9e27a.png,data/raw/BrCaWisconsin/Dataset_BUSI_with_GT/benign/benign (337).png,data/raw/BrCaWisconsin/Dataset_BUSI_with_GT/benign/benign (337)_mask.png,512,512,benign,train
BrCaWisconsin_376eda9c1c364b12a830396661357e09.png,16973096875546502840,benign (79),images/376eda9c1c364b12a830396661357e09.png,masks/BrCaWisconsin_376eda9c1c364b12a830396661357e09.png,data/raw/BrCaWisconsin/Dataset_BUSI_with_GT/benign/benign (79).png,data/raw/BrCaWisconsin/Dataset_BUSI_with_GT/benign/benign (79)_mask.png,512,512,benign,train
BrCaWisconsin_cc8e18393ffd4baa97f99939e43dbc21.png,10842867498901289140,benign (265),images/cc8e18393ffd4baa97f99939e43dbc21.png,masks/BrCaWisconsin_cc8e18393ffd4baa97f99939e43dbc21.png,data/raw/BrCaWisconsin/Dataset_BUSI_with_GT/benign/benign (265).png,data/raw/BrCaWisconsin/Dataset_BUSI_with_GT/benign/benign (265)_mask.png,512,512,benign,train
BrCaWisconsin_7a759003365f453383cd13c56bcbcc4e.png,7614281485222326952,benign (176),images/7a759003365f453383cd13c56bcbcc4e.png,masks/BrCaWisconsin_7a759003365f453383cd13c56bcbcc4e.png,data/raw/BrCaWisconsin/Dataset_BUSI_with_GT/benign/benign (176).png,data/raw/BrCaWisconsin/Dataset_BUSI_with_GT/benign/benign (176)_mask.png,512,512,benign,train
BrCaWisconsin_278fa935f1764c4c8b918358077be8f7.png,7688301909384597137,benign (199),images/278fa935f1764c4c8b918358077be8f7.png,masks/BrCaWisconsin_278fa935f1764c4c8b918358077be8f7.png,data/raw/BrCaWisconsin/Dataset_BUSI_with_GT/benign/benign (199).png,data/raw/BrCaWisconsin/Dataset_BUSI_with_GT/benign/benign (199)_mask.png,512,512,benign,val
BrCaWisconsin_ddcfc05e89594a8992ddc8ff51010f71.png,12740289902570852115,benign (121),images/ddcfc05e89594a8992ddc8ff51010f71.png,masks/BrCaWisconsin_ddcfc05e89594a8992ddc8ff51010f71.png,data/raw/BrCaWisconsin/Dataset_BUSI_with_GT/benign/benign (121).png,data/raw/BrCaWisconsin/Dataset_BUSI_with_GT/benign/benign (121)_mask.png,512,512,benign,train
BrCaWisconsin_65560836d0a140acba1b2d002082bb4f.png,16847642737928632058,benign (434),images/65560836d0a140acba1b2d002082bb4f.png,masks/BrCaWisconsin_65560836d0a140acba1b2d002082bb4f.png,data/raw/BrCaWisconsin/Dataset_BUSI_with_GT/benign/benign (434).png,data/raw/BrCaWisconsin/Dataset_BUSI_with_GT/benign/benign (434)_mask.png,512,512,benign,train
BrCaWisconsin_b10ede266bf2444c8212d2293dc2a87f.png,12256171090733115707,benign (336),images/b10ede266bf2444c8212d2293dc2a87f.png,masks/BrCaWisconsin_b10ede266bf2444c8212d2293dc2a87f.png,data/raw/BrCaWisconsin/Dataset_BUSI_with_GT/benign/benign (336).png,data/raw/BrCaWisconsin/Dataset_BUSI_with_GT/benign/benign (336)_mask.png,512,512,benign,val
BrCaWisconsin_1b9b04ed908e44af942151e89be8498b.png,13435546258201830754,benign (244),images/1b9b04ed908e44af942151e89be8498b.png,masks/BrCaWisconsin_1b9b04ed908e44af942151e89be8498b.png,data/raw/BrCaWisconsin/Dataset_BUSI_with_GT/benign/benign (244).png,data/raw/BrCaWisconsin/Dataset_BUSI_with_GT/benign/benign (244)_mask.png,512,512,benign,train
BrCaWisconsin_e3d155cf84cc4e7e89721b35933f3b82.png,1262001371639756840,benign (73),images/e3d155cf84cc4e7e89721b35933f3b82.png,masks/BrCaWisconsin_e3d155cf84cc4e7e89721b35933f3b82.png,data/raw/BrCaWisconsin/Dataset_BUSI_with_GT/benign/benign (73).png,data/raw/BrCaWisconsin/Dataset_BUSI_with_GT/benign/benign (73)_mask.png,512,512,benign,train
BrCaWisconsin_b6e84ac353cb411a90924802aeb5d3e1.png,3941941205616773971,benign (361),images/b6e84ac353cb411a90924802aeb5d3e1.png,masks/BrCaWisconsin_b6e84ac353cb411a90924802aeb5d3e1.png,data/raw/BrCaWisconsin/Dataset_BUSI_with_GT/benign/benign (361).png,data/raw/BrCaWisconsin/Dataset_BUSI_with_GT/benign/benign (361)_mask.png,512,512,benign,train
BrCaWisconsin_3790492f40bb4b4083cd290945742242.png,15453079454928991731,benign (418),images/3790492f40bb4b4083cd290945742242.png,masks/BrCaWisconsin_3790492f40bb4b4083cd290945742242.png,data/raw/BrCaWisconsin/Dataset_BUSI_with_GT/benign/benign (418).png,data/raw/BrCaWisconsin/Dataset_BUSI_with_GT/benign/benign (418)_mask.png,512,512,benign,train
BrCaWisconsin_192492912e7d40128e21e5e442ac3810.png,16217833852921178466,benign (24),images/192492912e7d40128e21e5e442ac3810.png,masks/BrCaWisconsin_192492912e7d40128e21e5e442ac3810.png,data/raw/BrCaWisconsin/Dataset_BUSI_with_GT/benign/benign (24).png,data/raw/BrCaWisconsin/Dataset_BUSI_with_GT/benign/benign (24)_mask.png,512,512,benign,train
BrCaWisconsin_3dfa702f5bda4cb0bd408e99740cadef.png,6215963964468529287,benign (193),images/3dfa702f5bda4cb0bd408e99740cadef.png,masks/BrCaWisconsin_3dfa702f5bda4cb0bd408e99740cadef.png,data/raw/BrCaWisconsin/Dataset_BUSI_with_GT/benign/benign (193).png,data/raw/BrCaWisconsin/Dataset_BUSI_with_GT/benign/benign (193)_mask.png,512,512,benign,train
BrCaWisconsin_afb9d0a28dfb49f18025c894c4f5e1b0.png,1706200763890869091,benign (22),images/afb9d0a28dfb49f18025c894c4f5e1b0.png,masks/BrCaWisconsin_afb9d0a28dfb49f18025c894c4f5e1b0.png,data/raw/BrCaWisconsin/Dataset_BUSI_with_GT/benign/benign (22).png,data/raw/BrCaWisconsin/Dataset_BUSI_with_GT/benign/benign (22)_mask.png,512,512,benign,train
BrCaWisconsin_96dbde1c5bea4e9a92343926f61eab22.png,1613105074464415244,benign (316),images/96dbde1c5bea4e9a92343926f61eab22.png,masks/BrCaWisconsin_96dbde1c5bea4e9a92343926f61eab22.png,data/raw/BrCaWisconsin/Dataset_BUSI_with_GT/benign/benign (316).png,data/raw/BrCaWisconsin/Dataset_BUSI_with_GT/benign/benign (316)_mask.png,512,512,benign,train
BrCaWisconsin_ddb8a8654bd344f9981b5aa5cb28bf32.png,11036963233029638025,benign (120),images/ddb8a8654bd344f9981b5aa5cb28bf32.png,masks/BrCaWisconsin_ddb8a8654bd344f9981b5aa5cb28bf32.png,data/raw/BrCaWisconsin/Dataset_BUSI_with_GT/benign/benign (120).png,data/raw/BrCaWisconsin/Dataset_BUSI_with_GT/benign/benign (120)_mask.png,512,512,benign,train
BrCaWisconsin_5ad7785faa7b4213b9e0d85965000735.png,15692111916502547603,benign (91),images/5ad7785faa7b4213b9e0d85965000735.png,masks/BrCaWisconsin_5ad7785faa7b4213b9e0d85965000735.png,data/raw/BrCaWisconsin/Dataset_BUSI_with_GT/benign/benign (91).png,data/raw/BrCaWisconsin/Dataset_BUSI_with_GT/benign/benign (91)_mask.png,512,512,benign,train
BrCaWisconsin_8ba8bd2cd4284c89ae9bdefeeb074bc8.png,6065061011501160881,benign (389),images/8ba8bd2cd4284c89ae9bdefeeb074bc8.png,masks/BrCaWisconsin_8ba8bd2cd4284c89ae9bdefeeb074bc8.png,data/raw/BrCaWisconsin/Dataset_BUSI_with_GT/benign/benign (389).png,data/raw/BrCaWisconsin/Dataset_BUSI_with_GT/benign/benign (389)_mask.png,512,512,benign,train
BrCaWisconsin_6d5cba1cfec54f6c80444d5478b13a26.png,5826709747451356772,benign (340),images/6d5cba1cfec54f6c80444d5478b13a26.png,masks/BrCaWisconsin_6d5cba1cfec54f6c80444d5478b13a26.png,data/raw/BrCaWisconsin/Dataset_BUSI_with_GT/benign/benign (340).png,data/raw/BrCaWisconsin/Dataset_BUSI_with_GT/benign/benign (340)_mask.png,512,512,benign,train
BrCaWisconsin_6f53272707244a90bdb82be2366ee73e.png,3721842564329912376,benign (212),images/6f53272707244a90bdb82be2366ee73e.png,masks/BrCaWisconsin_6f53272707244a90bdb82be2366ee73e.png,data/raw/BrCaWisconsin/Dataset_BUSI_with_GT/benign/benign (212).png,data/raw/BrCaWisconsin/Dataset_BUSI_with_GT/benign/benign (212)_mask.png,512,512,benign,test
BrCaWisconsin_e949a4cac78c40be91e60fe34326ba52.png,12796645885911660891,benign (74),images/e949a4cac78c40be91e60fe34326ba52.png,masks/BrCaWisconsin_e949a4cac78c40be91e60fe34326ba52.png,data/raw/BrCaWisconsin/Dataset_BUSI_with_GT/benign/benign (74).png,data/raw/BrCaWisconsin/Dataset_BUSI_with_GT/benign/benign (74)_mask.png,512,512,benign,train
BrCaWisconsin_c8064cd14d27462dbd4d452ecf9e80ba.png,13179120226851431571,benign (245),images/c8064cd14d27462dbd4d452ecf9e80ba.png,masks/BrCaWisconsin_c8064cd14d27462dbd4d452ecf9e80ba.png,data/raw/BrCaWisconsin/Dataset_BUSI_with_GT/benign/benign (245).png,data/raw/BrCaWisconsin/Dataset_BUSI_with_GT/benign/benign (245)_mask.png,512,512,benign,train
BrCaWisconsin_62969cbaab3249f08b9ef47131c654f4.png,13342562853318051952,benign (432),images/62969cbaab3249f08b9ef47131c654f4.png,masks/BrCaWisconsin_62969cbaab3249f08b9ef47131c654f4.png,data/raw/BrCaWisconsin/Dataset_BUSI_with_GT/benign/benign (432).png,data/raw/BrCaWisconsin/Dataset_BUSI_with_GT/benign/benign (432)_mask.png,512,512,benign,test
BrCaWisconsin_d6824d22f6ed464789a7f6ca3d96ea89.png,14494468241538751263,benign (53),images/d6824d22f6ed464789a7f6ca3d96ea89.png,masks/BrCaWisconsin_d6824d22f6ed464789a7f6ca3d96ea89.png,data/raw/BrCaWisconsin/Dataset_BUSI_with_GT/benign/benign (53).png,data/raw/BrCaWisconsin/Dataset_BUSI_with_GT/benign/benign (53)_mask.png,512,512,benign,train
BrCaWisconsin_415062fc71a042d288ecc93f9a6be753.png,15328808808012540039,benign (195),images/415062fc71a042d288ecc93f9a6be753.png,masks/BrCaWisconsin_415062fc71a042d288ecc93f9a6be753.png,data/raw/BrCaWisconsin/Dataset_BUSI_with_GT/benign/benign (195).png,data/raw/BrCaWisconsin/Dataset_BUSI_with_GT/benign/benign (195)_mask.png,512,512,benign,train
BrCaWisconsin_22747261391c4a6a907a28fa21f576b2.png,7736009699048559764,benign (268),images/22747261391c4a6a907a28fa21f576b2.png,masks/BrCaWisconsin_22747261391c4a6a907a28fa21f576b2.png,data/raw/BrCaWisconsin/Dataset_BUSI_with_GT/benign/benign (268).png,data/raw/BrCaWisconsin/Dataset_BUSI_with_GT/benign/benign (268)_mask.png,512,512,benign,train
BrCaWisconsin_586fd333ec89481b84d961914801154a.png,14520844841962819792,benign (341),images/586fd333ec89481b84d961914801154a.png,masks/BrCaWisconsin_586fd333ec89481b84d961914801154a.png,data/raw/BrCaWisconsin/Dataset_BUSI_with_GT/benign/benign (341).png,data/raw/BrCaWisconsin/Dataset_BUSI_with_GT/benign/benign (341)_mask.png,512,512,benign,train
BrCaWisconsin_76d136246827447caa7542d9f601e88b.png,6222438237686406926,benign (413),images/76d136246827447caa7542d9f601e88b.png,masks/BrCaWisconsin_76d136246827447caa7542d9f601e88b.png,data/raw/BrCaWisconsin/Dataset_BUSI_with_GT/benign/benign (413).png,data/raw/BrCaWisconsin/Dataset_BUSI_with_GT/benign/benign (413)_mask.png,512,512,benign,train
BrCaWisconsin_9b84a46a34344c93b0b407538e9b35f7.png,6154542916093782666,benign (90),images/9b84a46a34344c93b0b407538e9b35f7.png,masks/BrCaWisconsin_9b84a46a34344c93b0b407538e9b35f7.png,data/raw/BrCaWisconsin/Dataset_BUSI_with_GT/benign/benign (90).png,data/raw/BrCaWisconsin/Dataset_BUSI_with_GT/benign/benign (90)_mask.png,512,512,benign,val
BrCaWisconsin_d29bd01029024789bf0a5f7219dafed8.png,7683574560987348026,benign (156),images/d29bd01029024789bf0a5f7219dafed8.png,masks/BrCaWisconsin_d29bd01029024789bf0a5f7219dafed8.png,data/raw/BrCaWisconsin/Dataset_BUSI_with_GT/benign/benign (156).png,data/raw/BrCaWisconsin/Dataset_BUSI_with_GT/benign/benign (156)_mask.png,512,512,benign,train
BrCaWisconsin_ee8e8d51f55247baaefc668180ca79e9.png,5280810124360144335,benign (233),images/ee8e8d51f55247baaefc668180ca79e9.png,masks/BrCaWisconsin_ee8e8d51f55247baaefc668180ca79e9.png,data/raw/BrCaWisconsin/Dataset_BUSI_with_GT/benign/benign (233).png,data/raw/BrCaWisconsin/Dataset_BUSI_with_GT/benign/benign (233)_mask.png,512,512,benign,train
BrCaWisconsin_eba39756551a4a3d9941325c923af679.png,5317317216205138922,benign (414),images/eba39756551a4a3d9941325c923af679.png,masks/BrCaWisconsin_eba39756551a4a3d9941325c923af679.png,data/raw/BrCaWisconsin/Dataset_BUSI_with_GT/benign/benign (414).png,data/raw/BrCaWisconsin/Dataset_BUSI_with_GT/benign/benign (414)_mask.png,512,512,benign,train
BrCaWisconsin_b7c0f36d9ca74dcea3df0946bbe04636.png,3851820995552315464,benign (28),images/b7c0f36d9ca74dcea3df0946bbe04636.png,masks/BrCaWisconsin_b7c0f36d9ca74dcea3df0946bbe04636.png,data/raw/BrCaWisconsin/Dataset_BUSI_with_GT/benign/benign (28).png,data/raw/BrCaWisconsin/Dataset_BUSI_with_GT/benign/benign (28)_mask.png,512,512,benign,train
BrCaWisconsin_c9a1235d06db4284aac2e86b97733043.png,16478168515559744166,benign (382),images/c9a1235d06db4284aac2e86b97733043.png,masks/BrCaWisconsin_c9a1235d06db4284aac2e86b97733043.png,data/raw/BrCaWisconsin/Dataset_BUSI_with_GT/benign/benign (382).png,data/raw/BrCaWisconsin/Dataset_BUSI_with_GT/benign/benign (382)_mask.png,512,512,benign,test
BrCaWisconsin_d3343e3c4a0b46ea86c38a743d940b59.png,7722729511189668582,benign (55),images/d3343e3c4a0b46ea86c38a743d940b59.png,masks/BrCaWisconsin_d3343e3c4a0b46ea86c38a743d940b59.png,data/raw/BrCaWisconsin/Dataset_BUSI_with_GT/benign/benign (55).png,data/raw/BrCaWisconsin/Dataset_BUSI_with_GT/benign/benign (55)_mask.png,512,512,benign,val
BrCaWisconsin_029a1c18b80344bebf2d4149a2cdb9cf.png,12011000927573794913,benign (269),images/029a1c18b80344bebf2d4149a2cdb9cf.png,masks/BrCaWisconsin_029a1c18b80344bebf2d4149a2cdb9cf.png,data/raw/BrCaWisconsin/Dataset_BUSI_with_GT/benign/benign (269).png,data/raw/BrCaWisconsin/Dataset_BUSI_with_GT/benign/benign (269)_mask.png,512,512,benign,train
BrCaWisconsin_d57420c5857d4ebe83a55a4a0a9da124.png,12334564246244401760,benign (286),images/d57420c5857d4ebe83a55a4a0a9da124.png,masks/BrCaWisconsin_d57420c5857d4ebe83a55a4a0a9da124.png,data/raw/BrCaWisconsin/Dataset_BUSI_with_GT/benign/benign (286).png,data/raw/BrCaWisconsin/Dataset_BUSI_with_GT/benign/benign (286)_mask.png,512,512,benign,val
BrCaWisconsin_3c98ac46f38f4fa2920a33d50e917a4c.png,1677605214286686180,benign (238),images/3c98ac46f38f4fa2920a33d50e917a4c.png,masks/BrCaWisconsin_3c98ac46f38f4fa2920a33d50e917a4c.png,data/raw/BrCaWisconsin/Dataset_BUSI_with_GT/benign/benign (238).png,data/raw/BrCaWisconsin/Dataset_BUSI_with_GT/benign/benign (238)_mask.png,512,512,benign,train
BrCaWisconsin_c08b3098da9d4878822a5ded2ed005ed.png,7905266178965531624,benign (242),images/c08b3098da9d4878822a5ded2ed005ed.png,masks/BrCaWisconsin_c08b3098da9d4878822a5ded2ed005ed.png,data/raw/BrCaWisconsin/Dataset_BUSI_with_GT/benign/benign (242).png,data/raw/BrCaWisconsin/Dataset_BUSI_with_GT/benign/benign (242)_mask.png,512,512,benign,val
BrCaWisconsin_1a464296d13e492a955d1d887c5b9716.png,11614124991199403589,benign (383),images/1a464296d13e492a955d1d887c5b9716.png,masks/BrCaWisconsin_1a464296d13e492a955d1d887c5b9716.png,data/raw/BrCaWisconsin/Dataset_BUSI_with_GT/benign/benign (383).png,data/raw/BrCaWisconsin/Dataset_BUSI_with_GT/benign/benign (383)_mask.png,512,512,benign,val
BrCaWisconsin_da491a2b15a84bca99cf69a077baeeaf.png,3720586431064920911,benign (310),images/da491a2b15a84bca99cf69a077baeeaf.png,masks/BrCaWisconsin_da491a2b15a84bca99cf69a077baeeaf.png,data/raw/BrCaWisconsin/Dataset_BUSI_with_GT/benign/benign (310).png,data/raw/BrCaWisconsin/Dataset_BUSI_with_GT/benign/benign (310)_mask.png,512,512,benign,train
BrCaWisconsin_11eece1e2f554aaca81d976687d1728d.png,6569230309974927916,benign (126),images/11eece1e2f554aaca81d976687d1728d.png,masks/BrCaWisconsin_11eece1e2f554aaca81d976687d1728d.png,data/raw/BrCaWisconsin/Dataset_BUSI_with_GT/benign/benign (126).png,data/raw/BrCaWisconsin/Dataset_BUSI_with_GT/benign/benign (126)_mask.png,512,512,benign,train
BrCaWisconsin_336e605ccf6f467fb7de86221bc5161d.png,7679538076036266612,benign (415),images/336e605ccf6f467fb7de86221bc5161d.png,masks/BrCaWisconsin_336e605ccf6f467fb7de86221bc5161d.png,data/raw/BrCaWisconsin/Dataset_BUSI_with_GT/benign/benign (415).png,data/raw/BrCaWisconsin/Dataset_BUSI_with_GT/benign/benign (415)_mask.png,512,512,benign,train
BrCaWisconsin_35072ba9a037491482b5e35f5b3855a1.png,10839647101746351622,benign (100),images/35072ba9a037491482b5e35f5b3855a1.png,masks/BrCaWisconsin_35072ba9a037491482b5e35f5b3855a1.png,data/raw/BrCaWisconsin/Dataset_BUSI_with_GT/benign/benign (100).png,data/raw/BrCaWisconsin/Dataset_BUSI_with_GT/benign/benign (100)_mask.png,512,512,benign,train
BrCaWisconsin_54e3bb81a11f47bfbc063f6bfe83a137.png,8690721946816491895,benign (29),images/54e3bb81a11f47bfbc063f6bfe83a137.png,masks/BrCaWisconsin_54e3bb81a11f47bfbc063f6bfe83a137.png,data/raw/BrCaWisconsin/Dataset_BUSI_with_GT/benign/benign (29).png,data/raw/BrCaWisconsin/Dataset_BUSI_with_GT/benign/benign (29)_mask.png,512,512,benign,train
BrCaWisconsin_255663557acb4db886b6641afb05dbe7.png,11836159804465637480,benign (97),images/255663557acb4db886b6641afb05dbe7.png,masks/BrCaWisconsin_255663557acb4db886b6641afb05dbe7.png,data/raw/BrCaWisconsin/Dataset_BUSI_with_GT/benign/benign (97).png,data/raw/BrCaWisconsin/Dataset_BUSI_with_GT/benign/benign (97)_mask.png,512,512,benign,train
BrCaWisconsin_1d3f7bc21e704121b194a45db22c0fbb.png,15191702317732978928,benign (107),images/1d3f7bc21e704121b194a45db22c0fbb.png,masks/BrCaWisconsin_1d3f7bc21e704121b194a45db22c0fbb.png,data/raw/BrCaWisconsin/Dataset_BUSI_with_GT/benign/benign (107).png,data/raw/BrCaWisconsin/Dataset_BUSI_with_GT/benign/benign (107)_mask.png,512,512,benign,train
BrCaWisconsin_bd38125006164dd29e9f544e8e6cdec0.png,6208934683072932523,benign (331),images/bd38125006164dd29e9f544e8e6cdec0.png,masks/BrCaWisconsin_bd38125006164dd29e9f544e8e6cdec0.png,data/raw/BrCaWisconsin/Dataset_BUSI_with_GT/benign/benign (331).png,data/raw/BrCaWisconsin/Dataset_BUSI_with_GT/benign/benign (331)_mask.png,512,512,benign,train
BrCaWisconsin_59c6d56668a846048e381309f4819279.png,10870146497864054881,benign (317),images/59c6d56668a846048e381309f4819279.png,masks/BrCaWisconsin_59c6d56668a846048e381309f4819279.png,data/raw/BrCaWisconsin/Dataset_BUSI_with_GT/benign/benign (317).png,data/raw/BrCaWisconsin/Dataset_BUSI_with_GT/benign/benign (317)_mask.png,512,512,benign,test
BrCaWisconsin_13e569acac5e4eae89dea0ebd05f7eb8.png,17582796666302665164,benign (52),images/13e569acac5e4eae89dea0ebd05f7eb8.png,masks/BrCaWisconsin_13e569acac5e4eae89dea0ebd05f7eb8.png,data/raw/BrCaWisconsin/Dataset_BUSI_with_GT/benign/benign (52).png,data/raw/BrCaWisconsin/Dataset_BUSI_with_GT/benign/benign (52)_mask.png,512,512,benign,test
BrCaWisconsin_fbbf1f3948294119b3a766404c208b8f.png,15830798469907690548,benign (194),images/fbbf1f3948294119b3a766404c208b8f.png,masks/BrCaWisconsin_fbbf1f3948294119b3a766404c208b8f.png,data/raw/BrCaWisconsin/Dataset_BUSI_with_GT/benign/benign (194).png,data/raw/BrCaWisconsin/Dataset_BUSI_with_GT/benign/benign (194)_mask.png,512,512,benign,train
BrCaWisconsin_0111b0305dee47bfbc456196295ca68f.png,6181632860167629900,benign (219),images/0111b0305dee47bfbc456196295ca68f.png,masks/BrCaWisconsin_0111b0305dee47bfbc456196295ca68f.png,data/raw/BrCaWisconsin/Dataset_BUSI_with_GT/benign/benign (219).png,data/raw/BrCaWisconsin/Dataset_BUSI_with_GT/benign/benign (219)_mask.png,512,512,benign,train
BrCaWisconsin_3ca9b9dbc9f44534af96765add334262.png,12383153683810490396,benign (213),images/3ca9b9dbc9f44534af96765add334262.png,masks/BrCaWisconsin_3ca9b9dbc9f44534af96765add334262.png,data/raw/BrCaWisconsin/Dataset_BUSI_with_GT/benign/benign (213).png,data/raw/BrCaWisconsin/Dataset_BUSI_with_GT/benign/benign (213)_mask.png,512,512,benign,train
BrCaWisconsin_fb817fd9c05944a7a266c759741937f6.png,6004905457276863304,benign (235),images/fb817fd9c05944a7a266c759741937f6.png,masks/BrCaWisconsin_fb817fd9c05944a7a266c759741937f6.png,data/raw/BrCaWisconsin/Dataset_BUSI_with_GT/benign/benign (235).png,data/raw/BrCaWisconsin/Dataset_BUSI_with_GT/benign/benign (235)_mask.png,512,512,benign,train
BrCaWisconsin_46f0c8af0f9c468cb3a5d02cc44d86a0.png,8132874285222369700,benign (264),images/46f0c8af0f9c468cb3a5d02cc44d86a0.png,masks/BrCaWisconsin_46f0c8af0f9c468cb3a5d02cc44d86a0.png,data/raw/BrCaWisconsin/Dataset_BUSI_with_GT/benign/benign (264).png,data/raw/BrCaWisconsin/Dataset_BUSI_with_GT/benign/benign (264)_mask.png,512,512,benign,train
BrCaWisconsin_4f65c8248f9f4b21a6e68cb53c4f6b9b.png,5563888129964674503,benign (419),images/4f65c8248f9f4b21a6e68cb53c4f6b9b.png,masks/BrCaWisconsin_4f65c8248f9f4b21a6e68cb53c4f6b9b.png,data/raw/BrCaWisconsin/Dataset_BUSI_with_GT/benign/benign (419).png,data/raw/BrCaWisconsin/Dataset_BUSI_with_GT/benign/benign (419)_mask.png,512,512,benign,train
BrCaWisconsin_18babcbe6a584142972050bbbe225d0d.png,13062350052141380820,benign (25),images/18babcbe6a584142972050bbbe225d0d.png,masks/BrCaWisconsin_18babcbe6a584142972050bbbe225d0d.png,data/raw/BrCaWisconsin/Dataset_BUSI_with_GT/benign/benign (25).png,data/raw/BrCaWisconsin/Dataset_BUSI_with_GT/benign/benign (25)_mask.png,512,512,benign,train
BrCaWisconsin_d179cad06de040de9f6813a6281045b0.png,9859191723503378917,benign (360),images/d179cad06de040de9f6813a6281045b0.png,masks/BrCaWisconsin_d179cad06de040de9f6813a6281045b0.png,data/raw/BrCaWisconsin/Dataset_BUSI_with_GT/benign/benign (360).png,data/raw/BrCaWisconsin/Dataset_BUSI_with_GT/benign/benign (360)_mask.png,512,512,benign,train
BrCaWisconsin_3c68b8e5633a49b6acd4f29cc1e28dad.png,3948941338305726147,benign (72),images/3c68b8e5633a49b6acd4f29cc1e28dad.png,masks/BrCaWisconsin_3c68b8e5633a49b6acd4f29cc1e28dad.png,data/raw/BrCaWisconsin/Dataset_BUSI_with_GT/benign/benign (72).png,data/raw/BrCaWisconsin/Dataset_BUSI_with_GT/benign/benign (72)_mask.png,512,512,benign,train
BrCaWisconsin_13c7bc52f73b4409ae5c8574fdde0ccf.png,10712927678020060711,benign (151),images/13c7bc52f73b4409ae5c8574fdde0ccf.png,masks/BrCaWisconsin_13c7bc52f73b4409ae5c8574fdde0ccf.png,data/raw/BrCaWisconsin/Dataset_BUSI_with_GT/benign/benign (151).png,data/raw/BrCaWisconsin/Dataset_BUSI_with_GT/benign/benign (151)_mask.png,512,512,benign,train
BrCaWisconsin_e07d76360d6f4a2588557e9a241b9d6d.png,7882747982701032049,benign (198),images/e07d76360d6f4a2588557e9a241b9d6d.png,masks/BrCaWisconsin_e07d76360d6f4a2588557e9a241b9d6d.png,data/raw/BrCaWisconsin/Dataset_BUSI_with_GT/benign/benign (198).png,data/raw/BrCaWisconsin/Dataset_BUSI_with_GT/benign/benign (198)_mask.png,512,512,benign,train
BrCaWisconsin_89d02489ec314c9d9204aee785ba971c.png,3978413973470929009,benign (367),images/89d02489ec314c9d9204aee785ba971c.png,masks/BrCaWisconsin_89d02489ec314c9d9204aee785ba971c.png,data/raw/BrCaWisconsin/Dataset_BUSI_with_GT/benign/benign (367).png,data/raw/BrCaWisconsin/Dataset_BUSI_with_GT/benign/benign (367)_mask.png,512,512,benign,train
BrCaWisconsin_b9086afcff7647c99bbd905389e3eaf0.png,11806267687032068367,benign (435),images/b9086afcff7647c99bbd905389e3eaf0.png,masks/BrCaWisconsin_b9086afcff7647c99bbd905389e3eaf0.png,data/raw/BrCaWisconsin/Dataset_BUSI_with_GT/benign/benign (435).png,data/raw/BrCaWisconsin/Dataset_BUSI_with_GT/benign/benign (435)_mask.png,512,512,benign,train
BrCaWisconsin_e7386011a6754cbb9ced0da1ad1f50ec.png,12203262474302042521,benign (177),images/e7386011a6754cbb9ced0da1ad1f50ec.png,masks/BrCaWisconsin_e7386011a6754cbb9ced0da1ad1f50ec.png,data/raw/BrCaWisconsin/Dataset_BUSI_with_GT/benign/benign (177).png,data/raw/BrCaWisconsin/Dataset_BUSI_with_GT/benign/benign (177)_mask.png,512,512,benign,train
BrCaWisconsin_6b4da68bb093400c8edfc5fb32a5a358.png,4914713804957603093,benign (346),images/6b4da68bb093400c8edfc5fb32a5a358.png,masks/BrCaWisconsin_6b4da68bb093400c8edfc5fb32a5a358.png,data/raw/BrCaWisconsin/Dataset_BUSI_with_GT/benign/benign (346).png,data/raw/BrCaWisconsin/Dataset_BUSI_with_GT/benign/benign (346)_mask.png,512,512,benign,train
BrCaWisconsin_52f930a4aeb04a6d96cb5b68833d890d.png,12477828219195434044,benign (170),images/52f930a4aeb04a6d96cb5b68833d890d.png,masks/BrCaWisconsin_52f930a4aeb04a6d96cb5b68833d890d.png,data/raw/BrCaWisconsin/Dataset_BUSI_with_GT/benign/benign (170).png,data/raw/BrCaWisconsin/Dataset_BUSI_with_GT/benign/benign (170)_mask.png,512,512,benign,train
BrCaWisconsin_ab028c429f2d4a159fb04fec19a1f3df.png,10694838424708470420,benign (214),images/ab028c429f2d4a159fb04fec19a1f3df.png,masks/BrCaWisconsin_ab028c429f2d4a159fb04fec19a1f3df.png,data/raw/BrCaWisconsin/Dataset_BUSI_with_GT/benign/benign (214).png,data/raw/BrCaWisconsin/Dataset_BUSI_with_GT/benign/benign (214)_mask.png,512,512,benign,train
BrCaWisconsin_261ce95bb9e34be6bcaddc2539252d0d.png,7688301909378567185,benign (248),images/261ce95bb9e34be6bcaddc2539252d0d.png,masks/BrCaWisconsin_261ce95bb9e34be6bcaddc2539252d0d.png,data/raw/BrCaWisconsin/Dataset_BUSI_with_GT/benign/benign (248).png,data/raw/BrCaWisconsin/Dataset_BUSI_with_GT/benign/benign (248)_mask.png,512,512,benign,train
BrCaWisconsin_d9a10697b0db4fe2a310f4087dc9ec9f.png,3551840815285914732,benign (243),images/d9a10697b0db4fe2a310f4087dc9ec9f.png,masks/BrCaWisconsin_d9a10697b0db4fe2a310f4087dc9ec9f.png,data/raw/BrCaWisconsin/Dataset_BUSI_with_GT/benign/benign (243).png,data/raw/BrCaWisconsin/Dataset_BUSI_with_GT/benign/benign (243)_mask.png,512,512,benign,train
BrCaWisconsin_cfb61ad4ba1d4441bf8e7a289690de0b.png,6595114314712154112,benign (385),images/cfb61ad4ba1d4441bf8e7a289690de0b.png,masks/BrCaWisconsin_cfb61ad4ba1d4441bf8e7a289690de0b.png,data/raw/BrCaWisconsin/Dataset_BUSI_with_GT/benign/benign (385).png,data/raw/BrCaWisconsin/Dataset_BUSI_with_GT/benign/benign (385)_mask.png,512,512,benign,train
BrCaWisconsin_918c3109c8ab4d3ba87cfb37e475ed16.png,12218877566862102124,benign (347),images/918c3109c8ab4d3ba87cfb37e475ed16.png,masks/BrCaWisconsin_918c3109c8ab4d3ba87cfb37e475ed16.png,data/raw/BrCaWisconsin/Dataset_BUSI_with_GT/benign/benign (347).png,data/raw/BrCaWisconsin/Dataset_BUSI_with_GT/benign/benign (347)_mask.png,512,512,benign,train
BrCaWisconsin_ba6af66f9e1e4a50ab1a0d5c02b8406c.png,11947448554289277036,benign (78),images/ba6af66f9e1e4a50ab1a0d5c02b8406c.png,masks/BrCaWisconsin_ba6af66f9e1e4a50ab1a0d5c02b8406c.png,data/raw/BrCaWisconsin/Dataset_BUSI_with_GT/benign/benign (78).png,data/raw/BrCaWisconsin/Dataset_BUSI_with_GT/benign/benign (78)_mask.png,512,512,benign,train
BrCaWisconsin_d4157ce5e37c4599ac962413209703a3.png,12369319916257228828,benign (192),images/d4157ce5e37c4599ac962413209703a3.png,masks/BrCaWisconsin_d4157ce5e37c4599ac962413209703a3.png,data/raw/BrCaWisconsin/Dataset_BUSI_with_GT/benign/benign (192).png,data/raw/BrCaWisconsin/Dataset_BUSI_with_GT/benign/benign (192)_mask.png,512,512,benign,train
BrCaWisconsin_8afb8f187f584c0ab877c88d7bc02653.png,11865483268989121657,benign (150),images/8afb8f187f584c0ab877c88d7bc02653.png,masks/BrCaWisconsin_8afb8f187f584c0ab877c88d7bc02653.png,data/raw/BrCaWisconsin/Dataset_BUSI_with_GT/benign/benign (150).png,data/raw/BrCaWisconsin/Dataset_BUSI_with_GT/benign/benign (150)_mask.png,512,512,benign,train
BrCaWisconsin_43ed1e3aab614c7ca640494d3c90dd68.png,2861390424993616754,benign (23),images/43ed1e3aab614c7ca640494d3c90dd68.png,masks/BrCaWisconsin_43ed1e3aab614c7ca640494d3c90dd68.png,data/raw/BrCaWisconsin/Dataset_BUSI_with_GT/benign/benign (23).png,data/raw/BrCaWisconsin/Dataset_BUSI_with_GT/benign/benign (23)_mask.png,512,512,benign,val
BrCaWisconsin_0265ed71db9b4f75830f9a28d7000446.png,13373407636915287256,benign (412),images/0265ed71db9b4f75830f9a28d7000446.png,masks/BrCaWisconsin_0265ed71db9b4f75830f9a28d7000446.png,data/raw/BrCaWisconsin/Dataset_BUSI_with_GT/benign/benign (412).png,data/raw/BrCaWisconsin/Dataset_BUSI_with_GT/benign/benign (412)_mask.png,512,512,benign,train
BrCaWisconsin_274e5a09f71541adbc75d5cc1951dc6b.png,3013966210737654860,benign (59),images/274e5a09f71541adbc75d5cc1951dc6b.png,masks/BrCaWisconsin_274e5a09f71541adbc75d5cc1951dc6b.png,data/raw/BrCaWisconsin/Dataset_BUSI_with_GT/benign/benign (59).png,data/raw/BrCaWisconsin/Dataset_BUSI_with_GT/benign/benign (59)_mask.png,512,512,benign,train
BrCaWisconsin_69ac74871e8144da919ce67f8caa5620.png,6220405999678935638,benign (388),images/69ac74871e8144da919ce67f8caa5620.png,masks/BrCaWisconsin_69ac74871e8144da919ce67f8caa5620.png,data/raw/BrCaWisconsin/Dataset_BUSI_with_GT/benign/benign (388).png,data/raw/BrCaWisconsin/Dataset_BUSI_with_GT/benign/benign (388)_mask.png,512,512,benign,train
BrCaWisconsin_01fc7eb5951b40b9ba19e4542bb188d9.png,12954274856436029109,benign (75),images/01fc7eb5951b40b9ba19e4542bb188d9.png,masks/BrCaWisconsin_01fc7eb5951b40b9ba19e4542bb188d9.png,data/raw/BrCaWisconsin/Dataset_BUSI_with_GT/benign/benign (75).png,data/raw/BrCaWisconsin/Dataset_BUSI_with_GT/benign/benign (75)_mask.png,512,512,benign,train
BrCaWisconsin_8400c95373fa4f738931eb922aae78b5.png,6850858092048353039,benign (127),images/8400c95373fa4f738931eb922aae78b5.png,masks/BrCaWisconsin_8400c95373fa4f738931eb922aae78b5.png,data/raw/BrCaWisconsin/Dataset_BUSI_with_GT/benign/benign (127).png,data/raw/BrCaWisconsin/Dataset_BUSI_with_GT/benign/benign (127)_mask.png,512,512,benign,train
BrCaWisconsin_5c1b0225f02149239654e33b4de7bca5.png,16765386347642450272,benign (330),images/5c1b0225f02149239654e33b4de7bca5.png,masks/BrCaWisconsin_5c1b0225f02149239654e33b4de7bca5.png,data/raw/BrCaWisconsin/Dataset_BUSI_with_GT/benign/benign (330).png,data/raw/BrCaWisconsin/Dataset_BUSI_with_GT/benign/benign (330)_mask.png,512,512,benign,train
BrCaWisconsin_e3e1877239cb4286bccaa7cb22af06a9.png,1919737796671311406,benign (54),images/e3e1877239cb4286bccaa7cb22af06a9.png,masks/BrCaWisconsin_e3e1877239cb4286bccaa7cb22af06a9.png,data/raw/BrCaWisconsin/Dataset_BUSI_with_GT/benign/benign (54).png,data/raw/BrCaWisconsin/Dataset_BUSI_with_GT/benign/benign (54)_mask.png,512,512,benign,test
BrCaWisconsin_b0f9140de33d49fabc87b24b87a0fcfe.png,10766333068783538838,benign (281),images/b0f9140de33d49fabc87b24b87a0fcfe.png,masks/BrCaWisconsin_b0f9140de33d49fabc87b24b87a0fcfe.png,data/raw/BrCaWisconsin/Dataset_BUSI_with_GT/benign/benign (281).png,data/raw/BrCaWisconsin/Dataset_BUSI_with_GT/benign/benign (281)_mask.png,512,512,benign,train
BrCaWisconsin_3cd7c1e751384d0c94f2c5f86bbcf092.png,10686149958029225733,benign (234),images/3cd7c1e751384d0c94f2c5f86bbcf092.png,masks/BrCaWisconsin_3cd7c1e751384d0c94f2c5f86bbcf092.png,data/raw/BrCaWisconsin/Dataset_BUSI_with_GT/benign/benign (234).png,data/raw/BrCaWisconsin/Dataset_BUSI_with_GT/benign/benign (234)_mask.png,512,512,benign,train
BrCaWisconsin_955c04e0bb164176a99d2d92d559281a.png,7082581572783861583,benign (311),images/955c04e0bb164176a99d2d92d559281a.png,masks/BrCaWisconsin_955c04e0bb164176a99d2d92d559281a.png,data/raw/BrCaWisconsin/Dataset_BUSI_with_GT/benign/benign (311).png,data/raw/BrCaWisconsin/Dataset_BUSI_with_GT/benign/benign (311)_mask.png,512,512,benign,train
BrCaWisconsin_a9ce59f5ba294d2c97d919b254e7ff0b.png,2476322607786909920,benign (262),images/a9ce59f5ba294d2c97d919b254e7ff0b.png,masks/BrCaWisconsin_a9ce59f5ba294d2c97d919b254e7ff0b.png,data/raw/BrCaWisconsin/Dataset_BUSI_with_GT/benign/benign (262).png,data/raw/BrCaWisconsin/Dataset_BUSI_with_GT/benign/benign (262)_mask.png,512,512,benign,train
BrCaWisconsin_e2735a5b42c64a1d92272ad8cc73d331.png,13530059762508964483,benign (239),images/e2735a5b42c64a1d92272ad8cc73d331.png,masks/BrCaWisconsin_e2735a5b42c64a1d92272ad8cc73d331.png,data/raw/BrCaWisconsin/Dataset_BUSI_with_GT/benign/benign (239).png,data/raw/BrCaWisconsin/Dataset_BUSI_with_GT/benign/benign (239)_mask.png,512,512,benign,train
BrCaWisconsin_61af791bdc054f81b6480313b4be7246.png,11121514804559952205,benign (366),images/61af791bdc054f81b6480313b4be7246.png,masks/BrCaWisconsin_61af791bdc054f81b6480313b4be7246.png,data/raw/BrCaWisconsin/Dataset_BUSI_with_GT/benign/benign (366).png,data/raw/BrCaWisconsin/Dataset_BUSI_with_GT/benign/benign (366)_mask.png,512,512,benign,train
BrCaWisconsin_41305f3567d64372a78cf14fbd045b9d.png,9990439566540970041,benign (171),images/41305f3567d64372a78cf14fbd045b9d.png,masks/BrCaWisconsin_41305f3567d64372a78cf14fbd045b9d.png,data/raw/BrCaWisconsin/Dataset_BUSI_with_GT/benign/benign (171).png,data/raw/BrCaWisconsin/Dataset_BUSI_with_GT/benign/benign (171)_mask.png,512,512,benign,train
BrCaWisconsin_0ff31efdc45c4deeb9c0174d7b46cf55.png,7614204489245165253,benign (106),images/0ff31efdc45c4deeb9c0174d7b46cf55.png,masks/BrCaWisconsin_0ff31efdc45c4deeb9c0174d7b46cf55.png,data/raw/BrCaWisconsin/Dataset_BUSI_with_GT/benign/benign (106).png,data/raw/BrCaWisconsin/Dataset_BUSI_with_GT/benign/benign (106)_mask.png,512,512,benign,train
BrCaWisconsin_618d781eeffb49b28ea279b51e5a34a3.png,7602899253469602514,benign (215),images/618d781eeffb49b28ea279b51e5a34a3.png,masks/BrCaWisconsin_618d781eeffb49b28ea279b51e5a34a3.png,data/raw/BrCaWisconsin/Dataset_BUSI_with_GT/benign/benign (215).png,data/raw/BrCaWisconsin/Dataset_BUSI_with_GT/benign/benign (215)_mask.png,512,512,benign,train
BrCaWisconsin_36c16239e28e4b00bd887826ff8ff6c3.png,14327518104109551110,normal (54),images/36c16239e28e4b00bd887826ff8ff6c3.png,masks/BrCaWisconsin_36c16239e28e4b00bd887826ff8ff6c3.png,data/raw/BrCaWisconsin/Dataset_BUSI_with_GT/normal/normal (54).png,data/raw/BrCaWisconsin/Dataset_BUSI_with_GT/normal/normal (54)_mask.png,512,512,normal,train
BrCaWisconsin_8b60dbb7952d4b9a9764e485899520ce.png,14309574075417921046,normal (52),images/8b60dbb7952d4b9a9764e485899520ce.png,masks/BrCaWisconsin_8b60dbb7952d4b9a9764e485899520ce.png,data/raw/BrCaWisconsin/Dataset_BUSI_with_GT/normal/normal (52).png,data/raw/BrCaWisconsin/Dataset_BUSI_with_GT/normal/normal (52)_mask.png,512,512,normal,train
BrCaWisconsin_5fce9b8c8c2b4abeaa130e124132a4fc.png,13099025542370345698,normal (44),images/5fce9b8c8c2b4abeaa130e124132a4fc.png,masks/BrCaWisconsin_5fce9b8c8c2b4abeaa130e124132a4fc.png,data/raw/BrCaWisconsin/Dataset_BUSI_with_GT/normal/normal (44).png,data/raw/BrCaWisconsin/Dataset_BUSI_with_GT/normal/normal (44)_mask.png,512,512,normal,test
BrCaWisconsin_1b0eb9d209054702981e3a56ba8f5b42.png,14238638360828201566,normal (108),images/1b0eb9d209054702981e3a56ba8f5b42.png,masks/BrCaWisconsin_1b0eb9d209054702981e3a56ba8f5b42.png,data/raw/BrCaWisconsin/Dataset_BUSI_with_GT/normal/normal (108).png,data/raw/BrCaWisconsin/Dataset_BUSI_with_GT/normal/normal (108)_mask.png,512,512,normal,train
BrCaWisconsin_4fc704e6a16547fab39a1cf1a1f6f013.png,12226054917976056690,normal (13),images/4fc704e6a16547fab39a1cf1a1f6f013.png,masks/BrCaWisconsin_4fc704e6a16547fab39a1cf1a1f6f013.png,data/raw/BrCaWisconsin/Dataset_BUSI_with_GT/normal/normal (13).png,data/raw/BrCaWisconsin/Dataset_BUSI_with_GT/normal/normal (13)_mask.png,512,512,normal,test
BrCaWisconsin_cc04b46acb204e3cb6e89cd222b66d13.png,11255524761559949793,normal (89),images/cc04b46acb204e3cb6e89cd222b66d13.png,masks/BrCaWisconsin_cc04b46acb204e3cb6e89cd222b66d13.png,data/raw/BrCaWisconsin/Dataset_BUSI_with_GT/normal/normal (89).png,data/raw/BrCaWisconsin/Dataset_BUSI_with_GT/normal/normal (89)_mask.png,512,512,normal,test
BrCaWisconsin_e7362d50a7e3406a85780557b3f1f72e.png,8632707296969679040,normal (40),images/e7362d50a7e3406a85780557b3f1f72e.png,masks/BrCaWisconsin_e7362d50a7e3406a85780557b3f1f72e.png,data/raw/BrCaWisconsin/Dataset_BUSI_with_GT/normal/normal (40).png,data/raw/BrCaWisconsin/Dataset_BUSI_with_GT/normal/normal (40)_mask.png,512,512,normal,train
BrCaWisconsin_a64db7a8a49d4349a934709ce0d5cf62.png,15082764651790498236,normal (87),images/a64db7a8a49d4349a934709ce0d5cf62.png,masks/BrCaWisconsin_a64db7a8a49d4349a934709ce0d5cf62.png,data/raw/BrCaWisconsin/Dataset_BUSI_with_GT/normal/normal (87).png,data/raw/BrCaWisconsin/Dataset_BUSI_with_GT/normal/normal (87)_mask.png,512,512,normal,train
BrCaWisconsin_99cd5cc1f35b46919e9740dbc8f84ee1.png,14603654654248335157,normal (68),images/99cd5cc1f35b46919e9740dbc8f84ee1.png,masks/BrCaWisconsin_99cd5cc1f35b46919e9740dbc8f84ee1.png,data/raw/BrCaWisconsin/Dataset_BUSI_with_GT/normal/normal (68).png,data/raw/BrCaWisconsin/Dataset_BUSI_with_GT/normal/normal (68)_mask.png,512,512,normal,train
BrCaWisconsin_eca418c0dd2145f198b2aa072616ef48.png,4011487530272375557,normal (124),images/eca418c0dd2145f198b2aa072616ef48.png,masks/BrCaWisconsin_eca418c0dd2145f198b2aa072616ef48.png,data/raw/BrCaWisconsin/Dataset_BUSI_with_GT/normal/normal (124).png,data/raw/BrCaWisconsin/Dataset_BUSI_with_GT/normal/normal (124)_mask.png,512,512,normal,test
BrCaWisconsin_607b18bd79b84685a41f9ed30ec39c1f.png,10068828486788189621,normal (4),images/607b18bd79b84685a41f9ed30ec39c1f.png,masks/BrCaWisconsin_607b18bd79b84685a41f9ed30ec39c1f.png,data/raw/BrCaWisconsin/Dataset_BUSI_with_GT/normal/normal (4).png,data/raw/BrCaWisconsin/Dataset_BUSI_with_GT/normal/normal (4)_mask.png,512,512,normal,val
BrCaWisconsin_d11f89a2fa2d4bef87ffd813b52eeadd.png,6040639684482091208,normal (75),images/d11f89a2fa2d4bef87ffd813b52eeadd.png,masks/BrCaWisconsin_d11f89a2fa2d4bef87ffd813b52eeadd.png,data/raw/BrCaWisconsin/Dataset_BUSI_with_GT/normal/normal (75).png,data/raw/BrCaWisconsin/Dataset_BUSI_with_GT/normal/normal (75)_mask.png,512,512,normal,test
BrCaWisconsin_c4c521f1ae97426a86f6bc9486d74e88.png,2137428087156689632,normal (132),images/c4c521f1ae97426a86f6bc9486d74e88.png,masks/BrCaWisconsin_c4c521f1ae97426a86f6bc9486d74e88.png,data/raw/BrCaWisconsin/Dataset_BUSI_with_GT/normal/normal (132).png,data/raw/BrCaWisconsin/Dataset_BUSI_with_GT/normal/normal (132)_mask.png,512,512,normal,train
BrCaWisconsin_bb85902d4ece4558841580ea02288e45.png,15372079424572381914,normal (29),images/bb85902d4ece4558841580ea02288e45.png,masks/BrCaWisconsin_bb85902d4ece4558841580ea02288e45.png,data/raw/BrCaWisconsin/Dataset_BUSI_with_GT/normal/normal (29).png,data/raw/BrCaWisconsin/Dataset_BUSI_with_GT/normal/normal (29)_mask.png,512,512,normal,train
BrCaWisconsin_6a6f9930087f486ba0daa95bac946756.png,11866375831080452741,normal (91),images/6a6f9930087f486ba0daa95bac946756.png,masks/BrCaWisconsin_6a6f9930087f486ba0daa95bac946756.png,data/raw/BrCaWisconsin/Dataset_BUSI_with_GT/normal/normal (91).png,data/raw/BrCaWisconsin/Dataset_BUSI_with_GT/normal/normal (91)_mask.png,512,512,normal,train
BrCaWisconsin_d8a61f17796c4a2d8191496fe6729cb3.png,15759972419569871688,normal (112),images/d8a61f17796c4a2d8191496fe6729cb3.png,masks/BrCaWisconsin_d8a61f17796c4a2d8191496fe6729cb3.png,data/raw/BrCaWisconsin/Dataset_BUSI_with_GT/normal/normal (112).png,data/raw/BrCaWisconsin/Dataset_BUSI_with_GT/normal/normal (112)_mask.png,512,512,normal,train
BrCaWisconsin_773468f121f74083a3b2ab22362a4590.png,8632707296416022720,normal (59),images/773468f121f74083a3b2ab22362a4590.png,masks/BrCaWisconsin_773468f121f74083a3b2ab22362a4590.png,data/raw/BrCaWisconsin/Dataset_BUSI_with_GT/normal/normal (59).png,data/raw/BrCaWisconsin/Dataset_BUSI_with_GT/normal/normal (59)_mask.png,512,512,normal,train
BrCaWisconsin_aed944f07862450f8c13d098c867a3ac.png,3650918098025722686,normal (90),images/aed944f07862450f8c13d098c867a3ac.png,masks/BrCaWisconsin_aed944f07862450f8c13d098c867a3ac.png,data/raw/BrCaWisconsin/Dataset_BUSI_with_GT/normal/normal (90).png,data/raw/BrCaWisconsin/Dataset_BUSI_with_GT/normal/normal (90)_mask.png,512,512,normal,train
BrCaWisconsin_efd7ab9d90d944af8120f244338c6a0a.png,7652523213311290600,normal (23),images/efd7ab9d90d944af8120f244338c6a0a.png,masks/BrCaWisconsin_efd7ab9d90d944af8120f244338c6a0a.png,data/raw/BrCaWisconsin/Dataset_BUSI_with_GT/normal/normal (23).png,data/raw/BrCaWisconsin/Dataset_BUSI_with_GT/normal/normal (23)_mask.png,512,512,normal,val
BrCaWisconsin_c720c788bf6d4e9183a404f2819e83e7.png,6130056131356308980,normal (48),images/c720c788bf6d4e9183a404f2819e83e7.png,masks/BrCaWisconsin_c720c788bf6d4e9183a404f2819e83e7.png,data/raw/BrCaWisconsin/Dataset_BUSI_with_GT/normal/normal (48).png,data/raw/BrCaWisconsin/Dataset_BUSI_with_GT/normal/normal (48)_mask.png,512,512,normal,train
BrCaWisconsin_3b152205eb4b49ad8908571dc548a3db.png,14819987745963099364,normal (37),images/3b152205eb4b49ad8908571dc548a3db.png,masks/BrCaWisconsin_3b152205eb4b49ad8908571dc548a3db.png,data/raw/BrCaWisconsin/Dataset_BUSI_with_GT/normal/normal (37).png,data/raw/BrCaWisconsin/Dataset_BUSI_with_GT/normal/normal (37)_mask.png,512,512,normal,train
BrCaWisconsin_583ffa3223c343a787e2311c61d5e160.png,3266716002613035619,normal (84),images/583ffa3223c343a787e2311c61d5e160.png,masks/BrCaWisconsin_583ffa3223c343a787e2311c61d5e160.png,data/raw/BrCaWisconsin/Dataset_BUSI_with_GT/normal/normal (84).png,data/raw/BrCaWisconsin/Dataset_BUSI_with_GT/normal/normal (84)_mask.png,512,512,normal,train
BrCaWisconsin_84dc1c74a16f487a858f29c9b915499e.png,8491299496689854439,normal (126),images/84dc1c74a16f487a858f29c9b915499e.png,masks/BrCaWisconsin_84dc1c74a16f487a858f29c9b915499e.png,data/raw/BrCaWisconsin/Dataset_BUSI_with_GT/normal/normal (126).png,data/raw/BrCaWisconsin/Dataset_BUSI_with_GT/normal/normal (126)_mask.png,512,512,normal,train
BrCaWisconsin_ad7b0ac7ce4941679f6754c795c4fd29.png,5304490331084308517,normal (104),images/ad7b0ac7ce4941679f6754c795c4fd29.png,masks/BrCaWisconsin_ad7b0ac7ce4941679f6754c795c4fd29.png,data/raw/BrCaWisconsin/Dataset_BUSI_with_GT/normal/normal (104).png,data/raw/BrCaWisconsin/Dataset_BUSI_with_GT/normal/normal (104)_mask.png,512,512,normal,train
BrCaWisconsin_92f252b7859d4da6ae05e38929bec3ee.png,8529199539004048143,normal (64),images/92f252b7859d4da6ae05e38929bec3ee.png,masks/BrCaWisconsin_92f252b7859d4da6ae05e38929bec3ee.png,data/raw/BrCaWisconsin/Dataset_BUSI_with_GT/normal/normal (64).png,data/raw/BrCaWisconsin/Dataset_BUSI_with_GT/normal/normal (64)_mask.png,512,512,normal,train
BrCaWisconsin_d02d6eb4dd914a11a3e916d765e3e6b3.png,6562537278640924339,normal (16),images/d02d6eb4dd914a11a3e916d765e3e6b3.png,masks/BrCaWisconsin_d02d6eb4dd914a11a3e916d765e3e6b3.png,data/raw/BrCaWisconsin/Dataset_BUSI_with_GT/normal/normal (16).png,data/raw/BrCaWisconsin/Dataset_BUSI_with_GT/normal/normal (16)_mask.png,512,512,normal,train
BrCaWisconsin_7975955a78e04f34b4c1c909c5bf0c46.png,7303171829688347947,normal (33),images/7975955a78e04f34b4c1c909c5bf0c46.png,masks/BrCaWisconsin_7975955a78e04f34b4c1c909c5bf0c46.png,data/raw/BrCaWisconsin/Dataset_BUSI_with_GT/normal/normal (33).png,data/raw/BrCaWisconsin/Dataset_BUSI_with_GT/normal/normal (33)_mask.png,512,512,normal,train
BrCaWisconsin_7211d2496e6e48b2ab268ef7f14b11f1.png,13091588799002083973,normal (9),images/7211d2496e6e48b2ab268ef7f14b11f1.png,masks/BrCaWisconsin_7211d2496e6e48b2ab268ef7f14b11f1.png,data/raw/BrCaWisconsin/Dataset_BUSI_with_GT/normal/normal (9).png,data/raw/BrCaWisconsin/Dataset_BUSI_with_GT/normal/normal (9)_mask.png,512,512,normal,train
BrCaWisconsin_d4938e3f7ce6494ea15454f35b5a0171.png,5446353719346348069,normal (107),images/d4938e3f7ce6494ea15454f35b5a0171.png,masks/BrCaWisconsin_d4938e3f7ce6494ea15454f35b5a0171.png,data/raw/BrCaWisconsin/Dataset_BUSI_with_GT/normal/normal (107).png,data/raw/BrCaWisconsin/Dataset_BUSI_with_GT/normal/normal (107)_mask.png,512,512,normal,train
BrCaWisconsin_e77dbaeafbae4b50bef93c581189e4b3.png,7105156679059914380,normal (128),images/e77dbaeafbae4b50bef93c581189e4b3.png,masks/BrCaWisconsin_e77dbaeafbae4b50bef93c581189e4b3.png,data/raw/BrCaWisconsin/Dataset_BUSI_with_GT/normal/normal (128).png,data/raw/BrCaWisconsin/Dataset_BUSI_with_GT/normal/normal (128)_mask.png,512,512,normal,train
BrCaWisconsin_1670be04c35d417398027c99a64fb05e.png,12118739802960986816,normal (25),images/1670be04c35d417398027c99a64fb05e.png,masks/BrCaWisconsin_1670be04c35d417398027c99a64fb05e.png,data/raw/BrCaWisconsin/Dataset_BUSI_with_GT/normal/normal (25).png,data/raw/BrCaWisconsin/Dataset_BUSI_with_GT/normal/normal (25)_mask.png,512,512,normal,train
BrCaWisconsin_7d6386862a024d9a987c2409e3399239.png,2975318000295720116,normal (113),images/7d6386862a024d9a987c2409e3399239.png,masks/BrCaWisconsin_7d6386862a024d9a987c2409e3399239.png,data/raw/BrCaWisconsin/Dataset_BUSI_with_GT/normal/normal (113).png,data/raw/BrCaWisconsin/Dataset_BUSI_with_GT/normal/normal (113)_mask.png,512,512,normal,train
BrCaWisconsin_5a50c85007e94605824b0dfb1fc308ae.png,16740361755254389104,normal (78),images/5a50c85007e94605824b0dfb1fc308ae.png,masks/BrCaWisconsin_5a50c85007e94605824b0dfb1fc308ae.png,data/raw/BrCaWisconsin/Dataset_BUSI_with_GT/normal/normal (78).png,data/raw/BrCaWisconsin/Dataset_BUSI_with_GT/normal/normal (78)_mask.png,512,512,normal,train
BrCaWisconsin_bf7f355c0e5f4af3b92c12f4800cc8ba.png,5589976027960691075,normal (72),images/bf7f355c0e5f4af3b92c12f4800cc8ba.png,masks/BrCaWisconsin_bf7f355c0e5f4af3b92c12f4800cc8ba.png,data/raw/BrCaWisconsin/Dataset_BUSI_with_GT/normal/normal (72).png,data/raw/BrCaWisconsin/Dataset_BUSI_with_GT/normal/normal (72)_mask.png,512,512,normal,train
BrCaWisconsin_80976e068b504975bd293e1c9301f87b.png,14675692457102063381,normal (67),images/80976e068b504975bd293e1c9301f87b.png,masks/BrCaWisconsin_80976e068b504975bd293e1c9301f87b.png,data/raw/BrCaWisconsin/Dataset_BUSI_with_GT/normal/normal (67).png,data/raw/BrCaWisconsin/Dataset_BUSI_with_GT/normal/normal (67)_mask.png,512,512,normal,train
BrCaWisconsin_06aa815c1fc94de49dad2f477fb56347.png,12846962843758545868,normal (2),images/06aa815c1fc94de49dad2f477fb56347.png,masks/BrCaWisconsin_06aa815c1fc94de49dad2f477fb56347.png,data/raw/BrCaWisconsin/Dataset_BUSI_with_GT/normal/normal (2).png,data/raw/BrCaWisconsin/Dataset_BUSI_with_GT/normal/normal (2)_mask.png,512,512,normal,val
BrCaWisconsin_6029926fb6e74df390d88795751ff6bb.png,11206770335115633507,normal (73),images/6029926fb6e74df390d88795751ff6bb.png,masks/BrCaWisconsin_6029926fb6e74df390d88795751ff6bb.png,data/raw/BrCaWisconsin/Dataset_BUSI_with_GT/normal/normal (73).png,data/raw/BrCaWisconsin/Dataset_BUSI_with_GT/normal/normal (73)_mask.png,512,512,normal,train
BrCaWisconsin_4a58fbaea7cb4bb6b29b01119777354f.png,8330133578748542092,normal (24),images/4a58fbaea7cb4bb6b29b01119777354f.png,masks/BrCaWisconsin_4a58fbaea7cb4bb6b29b01119777354f.png,data/raw/BrCaWisconsin/Dataset_BUSI_with_GT/normal/normal (24).png,data/raw/BrCaWisconsin/Dataset_BUSI_with_GT/normal/normal (24)_mask.png,512,512,normal,train
BrCaWisconsin_4ec3c7ed72024627a5893ff220c5cc6f.png,12440866755516598784,normal (129),images/4ec3c7ed72024627a5893ff220c5cc6f.png,masks/BrCaWisconsin_4ec3c7ed72024627a5893ff220c5cc6f.png,data/raw/BrCaWisconsin/Dataset_BUSI_with_GT/normal/normal (129).png,data/raw/BrCaWisconsin/Dataset_BUSI_with_GT/normal/normal (129)_mask.png,512,512,normal,val
BrCaWisconsin_d8969a6e30e94902892fceac8844f5b7.png,1697475299715371363,normal (32),images/d8969a6e30e94902892fceac8844f5b7.png,masks/BrCaWisconsin_d8969a6e30e94902892fceac8844f5b7.png,data/raw/BrCaWisconsin/Dataset_BUSI_with_GT/normal/normal (32).png,data/raw/BrCaWisconsin/Dataset_BUSI_with_GT/normal/normal (32)_mask.png,512,512,normal,train
BrCaWisconsin_9ca95a94956349a1b714bf56942f8ff4.png,5249687219586167119,normal (65),images/9ca95a94956349a1b714bf56942f8ff4.png,masks/BrCaWisconsin_9ca95a94956349a1b714bf56942f8ff4.png,data/raw/BrCaWisconsin/Dataset_BUSI_with_GT/normal/normal (65).png,data/raw/BrCaWisconsin/Dataset_BUSI_with_GT/normal/normal (65)_mask.png,512,512,normal,train
BrCaWisconsin_d286a6623dbe4df7b809bfe77c02598f.png,5301671052859569911,normal (118),images/d286a6623dbe4df7b809bfe77c02598f.png,masks/BrCaWisconsin_d286a6623dbe4df7b809bfe77c02598f.png,data/raw/BrCaWisconsin/Dataset_BUSI_with_GT/normal/normal (118).png,data/raw/BrCaWisconsin/Dataset_BUSI_with_GT/normal/normal (118)_mask.png,512,512,normal,train
BrCaWisconsin_97103c64c1c74094867398a81823af45.png,8419241902651926503,normal (28),images/97103c64c1c74094867398a81823af45.png,masks/BrCaWisconsin_97103c64c1c74094867398a81823af45.png,data/raw/BrCaWisconsin/Dataset_BUSI_with_GT/normal/normal (28).png,data/raw/BrCaWisconsin/Dataset_BUSI_with_GT/normal/normal (28)_mask.png,512,512,normal,train
BrCaWisconsin_45cacfa1dfef4b0b839af018c9609d78.png,7578690556911361034,normal (105),images/45cacfa1dfef4b0b839af018c9609d78.png,masks/BrCaWisconsin_45cacfa1dfef4b0b839af018c9609d78.png,data/raw/BrCaWisconsin/Dataset_BUSI_with_GT/normal/normal (105).png,data/raw/BrCaWisconsin/Dataset_BUSI_with_GT/normal/normal (105)_mask.png,512,512,normal,test
BrCaWisconsin_677c2ae852234f23bda9e095997d9463.png,7216076845410071500,normal (49),images/677c2ae852234f23bda9e095997d9463.png,masks/BrCaWisconsin_677c2ae852234f23bda9e095997d9463.png,data/raw/BrCaWisconsin/Dataset_BUSI_with_GT/normal/normal (49).png,data/raw/BrCaWisconsin/Dataset_BUSI_with_GT/normal/normal (49)_mask.png,512,512,normal,train
BrCaWisconsin_b586722a4fc148eda5aa20a89bcf89ce.png,6326865386730741952,normal (46),images/b586722a4fc148eda5aa20a89bcf89ce.png,masks/BrCaWisconsin_b586722a4fc148eda5aa20a89bcf89ce.png,data/raw/BrCaWisconsin/Dataset_BUSI_with_GT/normal/normal (46).png,data/raw/BrCaWisconsin/Dataset_BUSI_with_GT/normal/normal (46)_mask.png,512,512,normal,test
BrCaWisconsin_eeba3495a9504fc5b84a8a1904fde272.png,3074522421104556861,normal (101),images/eeba3495a9504fc5b84a8a1904fde272.png,masks/BrCaWisconsin_eeba3495a9504fc5b84a8a1904fde272.png,data/raw/BrCaWisconsin/Dataset_BUSI_with_GT/normal/normal (101).png,data/raw/BrCaWisconsin/Dataset_BUSI_with_GT/normal/normal (101)_mask.png,512,512,normal,train
BrCaWisconsin_79dfe3f5b7a949eb993a3b57a4f0d8d2.png,2870685402703595528,normal (10),images/79dfe3f5b7a949eb993a3b57a4f0d8d2.png,masks/BrCaWisconsin_79dfe3f5b7a949eb993a3b57a4f0d8d2.png,data/raw/BrCaWisconsin/Dataset_BUSI_with_GT/normal/normal (10).png,data/raw/BrCaWisconsin/Dataset_BUSI_with_GT/normal/normal (10)_mask.png,512,512,normal,train
BrCaWisconsin_d5b44a4398aa4acb9661b6a919c6e955.png,10028936630651873306,normal (133),images/d5b44a4398aa4acb9661b6a919c6e955.png,masks/BrCaWisconsin_d5b44a4398aa4acb9661b6a919c6e955.png,data/raw/BrCaWisconsin/Dataset_BUSI_with_GT/normal/normal (133).png,data/raw/BrCaWisconsin/Dataset_BUSI_with_GT/normal/normal (133)_mask.png,512,512,normal,train
BrCaWisconsin_ab96db6695a040e8942be364875fdd37.png,12011000927573270561,normal (1),images/ab96db6695a040e8942be364875fdd37.png,masks/BrCaWisconsin_ab96db6695a040e8942be364875fdd37.png,data/raw/BrCaWisconsin/Dataset_BUSI_with_GT/normal/normal (1).png,data/raw/BrCaWisconsin/Dataset_BUSI_with_GT/normal/normal (1)_mask.png,512,512,normal,train
BrCaWisconsin_ce7aa8eb8bbd45eab19336391c5f095c.png,12556823960334392405,normal (125),images/ce7aa8eb8bbd45eab19336391c5f095c.png,masks/BrCaWisconsin_ce7aa8eb8bbd45eab19336391c5f095c.png,data/raw/BrCaWisconsin/Dataset_BUSI_with_GT/normal/normal (125).png,data/raw/BrCaWisconsin/Dataset_BUSI_with_GT/normal/normal (125)_mask.png,512,512,normal,val
BrCaWisconsin_84373ae2366d4d88ab3bf68d62878042.png,10906215927667280042,normal (86),images/84373ae2366d4d88ab3bf68d62878042.png,masks/BrCaWisconsin_84373ae2366d4d88ab3bf68d62878042.png,data/raw/BrCaWisconsin/Dataset_BUSI_with_GT/normal/normal (86).png,data/raw/BrCaWisconsin/Dataset_BUSI_with_GT/normal/normal (86)_mask.png,512,512,normal,train
BrCaWisconsin_a8d1ef32d2e64522812e71266805b5dd.png,12892620364289306407,normal (115),images/a8d1ef32d2e64522812e71266805b5dd.png,masks/BrCaWisconsin_a8d1ef32d2e64522812e71266805b5dd.png,data/raw/BrCaWisconsin/Dataset_BUSI_with_GT/normal/normal (115).png,data/raw/BrCaWisconsin/Dataset_BUSI_with_GT/normal/normal (115)_mask.png,512,512,normal,train
BrCaWisconsin_cbe54c483b22499d85e1ae3ef70e8671.png,3932397600441557473,normal (69),images/cbe54c483b22499d85e1ae3ef70e8671.png,masks/BrCaWisconsin_cbe54c483b22499d85e1ae3ef70e8671.png,data/raw/BrCaWisconsin/Dataset_BUSI_with_GT/normal/normal (69).png,data/raw/BrCaWisconsin/Dataset_BUSI_with_GT/normal/normal (69)_mask.png,512,512,normal,train
BrCaWisconsin_8cb774b0891c43bc93d7b82ce70650a1.png,6147176210889987762,normal (12),images/8cb774b0891c43bc93d7b82ce70650a1.png,masks/BrCaWisconsin_8cb774b0891c43bc93d7b82ce70650a1.png,data/raw/BrCaWisconsin/Dataset_BUSI_with_GT/normal/normal (12).png,data/raw/BrCaWisconsin/Dataset_BUSI_with_GT/normal/normal (12)_mask.png,512,512,normal,train
BrCaWisconsin_efcfa87eccee46e98f66dc782c49f854.png,2545198108664164623,normal (109),images/efcfa87eccee46e98f66dc782c49f854.png,masks/BrCaWisconsin_efcfa87eccee46e98f66dc782c49f854.png,data/raw/BrCaWisconsin/Dataset_BUSI_with_GT/normal/normal (109).png,data/raw/BrCaWisconsin/Dataset_BUSI_with_GT/normal/normal (109)_mask.png,512,512,normal,train
BrCaWisconsin_ccadc51109264956b1b6a5e1015499dd.png,2604386429473043148,normal (45),images/ccadc51109264956b1b6a5e1015499dd.png,masks/BrCaWisconsin_ccadc51109264956b1b6a5e1015499dd.png,data/raw/BrCaWisconsin/Dataset_BUSI_with_GT/normal/normal (45).png,data/raw/BrCaWisconsin/Dataset_BUSI_with_GT/normal/normal (45)_mask.png,512,512,normal,train
BrCaWisconsin_dd2d226d6f5d4d3d965458f8f350f1af.png,7320135639646672084,normal (96),images/dd2d226d6f5d4d3d965458f8f350f1af.png,masks/BrCaWisconsin_dd2d226d6f5d4d3d965458f8f350f1af.png,data/raw/BrCaWisconsin/Dataset_BUSI_with_GT/normal/normal (96).png,data/raw/BrCaWisconsin/Dataset_BUSI_with_GT/normal/normal (96)_mask.png,512,512,normal,train
BrCaWisconsin_393535a6658641718c1c4d4064079052.png,4083263645073978100,normal (53),images/393535a6658641718c1c4d4064079052.png,masks/BrCaWisconsin_393535a6658641718c1c4d4064079052.png,data/raw/BrCaWisconsin/Dataset_BUSI_with_GT/normal/normal (53).png,data/raw/BrCaWisconsin/Dataset_BUSI_with_GT/normal/normal (53)_mask.png,512,512,normal,train
BrCaWisconsin_9b7bc0c0a0b04b85aed81569aa8191cd.png,15355854592871147962,normal (82),images/9b7bc0c0a0b04b85aed81569aa8191cd.png,masks/BrCaWisconsin_9b7bc0c0a0b04b85aed81569aa8191cd.png,data/raw/BrCaWisconsin/Dataset_BUSI_with_GT/normal/normal (82).png,data/raw/BrCaWisconsin/Dataset_BUSI_with_GT/normal/normal (82)_mask.png,512,512,normal,train
BrCaWisconsin_5e6af03591714cd38169f304d464b5fb.png,7859446081081748651,normal (120),images/5e6af03591714cd38169f304d464b5fb.png,masks/BrCaWisconsin_5e6af03591714cd38169f304d464b5fb.png,data/raw/BrCaWisconsin/Dataset_BUSI_with_GT/normal/normal (120).png,data/raw/BrCaWisconsin/Dataset_BUSI_with_GT/normal/normal (120)_mask.png,512,512,normal,test
BrCaWisconsin_fc02bd3892644dce92e1efb2bfe046b8.png,2733283458239617731,normal (31),images/fc02bd3892644dce92e1efb2bfe046b8.png,masks/BrCaWisconsin_fc02bd3892644dce92e1efb2bfe046b8.png,data/raw/BrCaWisconsin/Dataset_BUSI_with_GT/normal/normal (31).png,data/raw/BrCaWisconsin/Dataset_BUSI_with_GT/normal/normal (31)_mask.png,512,512,normal,train
BrCaWisconsin_64ddd33b596f418b8148fee7e5721921.png,13429089451375166735,normal (114),images/64ddd33b596f418b8148fee7e5721921.png,masks/BrCaWisconsin_64ddd33b596f418b8148fee7e5721921.png,data/raw/BrCaWisconsin/Dataset_BUSI_with_GT/normal/normal (114).png,data/raw/BrCaWisconsin/Dataset_BUSI_with_GT/normal/normal (114)_mask.png,512,512,normal,test
BrCaWisconsin_50f000904bc748f6a0b8c40e2772eba6.png,12019203863345181491,normal (88),images/50f000904bc748f6a0b8c40e2772eba6.png,masks/BrCaWisconsin_50f000904bc748f6a0b8c40e2772eba6.png,data/raw/BrCaWisconsin/Dataset_BUSI_with_GT/normal/normal (88).png,data/raw/BrCaWisconsin/Dataset_BUSI_with_GT/normal/normal (88)_mask.png,512,512,normal,train
BrCaWisconsin_78f722c0551d4537b0571b9e24cedda6.png,13099007950184301282,normal (41),images/78f722c0551d4537b0571b9e24cedda6.png,masks/BrCaWisconsin_78f722c0551d4537b0571b9e24cedda6.png,data/raw/BrCaWisconsin/Dataset_BUSI_with_GT/normal/normal (41).png,data/raw/BrCaWisconsin/Dataset_BUSI_with_GT/normal/normal (41)_mask.png,512,512,normal,train
BrCaWisconsin_c3ecd53d3cf24685879223134b60464e.png,14603654654248335125,normal (55),images/c3ecd53d3cf24685879223134b60464e.png,masks/BrCaWisconsin_c3ecd53d3cf24685879223134b60464e.png,data/raw/BrCaWisconsin/Dataset_BUSI_with_GT/normal/normal (55).png,data/raw/BrCaWisconsin/Dataset_BUSI_with_GT/normal/normal (55)_mask.png,512,512,normal,train
BrCaWisconsin_a1d9f6ea93da461f871520a0ba345488.png,17621015670619956324,normal (19),images/a1d9f6ea93da461f871520a0ba345488.png,masks/BrCaWisconsin_a1d9f6ea93da461f871520a0ba345488.png,data/raw/BrCaWisconsin/Dataset_BUSI_with_GT/normal/normal (19).png,data/raw/BrCaWisconsin/Dataset_BUSI_with_GT/normal/normal (19)_mask.png,512,512,normal,train
BrCaWisconsin_32299bf15a2e4f40a2a2064c2fb21f61.png,12075397682161971782,normal (102),images/32299bf15a2e4f40a2a2064c2fb21f61.png,masks/BrCaWisconsin_32299bf15a2e4f40a2a2064c2fb21f61.png,data/raw/BrCaWisconsin/Dataset_BUSI_with_GT/normal/normal (102).png,data/raw/BrCaWisconsin/Dataset_BUSI_with_GT/normal/normal (102)_mask.png,512,512,normal,train
BrCaWisconsin_b3b35cfdbc004e619c7029fb7ee5205f.png,2604953776936104644,normal (62),images/b3b35cfdbc004e619c7029fb7ee5205f.png,masks/BrCaWisconsin_b3b35cfdbc004e619c7029fb7ee5205f.png,data/raw/BrCaWisconsin/Dataset_BUSI_with_GT/normal/normal (62).png,data/raw/BrCaWisconsin/Dataset_BUSI_with_GT/normal/normal (62)_mask.png,512,512,normal,train
BrCaWisconsin_250d42f47a534ddab0d8ab85c61e9944.png,3145945378736973426,normal (74),images/250d42f47a534ddab0d8ab85c61e9944.png,masks/BrCaWisconsin_250d42f47a534ddab0d8ab85c61e9944.png,data/raw/BrCaWisconsin/Dataset_BUSI_with_GT/normal/normal (74).png,data/raw/BrCaWisconsin/Dataset_BUSI_with_GT/normal/normal (74)_mask.png,512,512,normal,train
BrCaWisconsin_3327b62284744945a2132180895e8cc2.png,12440726018028341250,normal (35),images/3327b62284744945a2132180895e8cc2.png,masks/BrCaWisconsin_3327b62284744945a2132180895e8cc2.png,data/raw/BrCaWisconsin/Dataset_BUSI_with_GT/normal/normal (35).png,data/raw/BrCaWisconsin/Dataset_BUSI_with_GT/normal/normal (35)_mask.png,512,512,normal,train
BrCaWisconsin_25bf93b519ea4e95a3355f1e23ad8a29.png,3941400401649787361,normal (60),images/25bf93b519ea4e95a3355f1e23ad8a29.png,masks/BrCaWisconsin_25bf93b519ea4e95a3355f1e23ad8a29.png,data/raw/BrCaWisconsin/Dataset_BUSI_with_GT/normal/normal (60).png,data/raw/BrCaWisconsin/Dataset_BUSI_with_GT/normal/normal (60)_mask.png,512,512,normal,train
BrCaWisconsin_15c9315099cc4c6b85dfa0d8539ebbce.png,12370170106051912690,normal (5),images/15c9315099cc4c6b85dfa0d8539ebbce.png,masks/BrCaWisconsin_15c9315099cc4c6b85dfa0d8539ebbce.png,data/raw/BrCaWisconsin/Dataset_BUSI_with_GT/normal/normal (5).png,data/raw/BrCaWisconsin/Dataset_BUSI_with_GT/normal/normal (5)_mask.png,512,512,normal,train
BrCaWisconsin_1e2f221dc57b478aa4ce5328dfe42d70.png,16900715702219850216,normal (36),images/1e2f221dc57b478aa4ce5328dfe42d70.png,masks/BrCaWisconsin_1e2f221dc57b478aa4ce5328dfe42d70.png,data/raw/BrCaWisconsin/Dataset_BUSI_with_GT/normal/normal (36).png,data/raw/BrCaWisconsin/Dataset_BUSI_with_GT/normal/normal (36)_mask.png,512,512,normal,train
BrCaWisconsin_bf4294b1ca694d01a0fe5c7ced814d00.png,12940633202359916905,normal (85),images/bf4294b1ca694d01a0fe5c7ced814d00.png,masks/BrCaWisconsin_bf4294b1ca694d01a0fe5c7ced814d00.png,data/raw/BrCaWisconsin/Dataset_BUSI_with_GT/normal/normal (85).png,data/raw/BrCaWisconsin/Dataset_BUSI_with_GT/normal/normal (85)_mask.png,512,512,normal,train
BrCaWisconsin_7a6daaaf01d2465d9b44025b784a7584.png,1346194537307493747,normal (127),images/7a6daaaf01d2465d9b44025b784a7584.png,masks/BrCaWisconsin_7a6daaaf01d2465d9b44025b784a7584.png,data/raw/BrCaWisconsin/Dataset_BUSI_with_GT/normal/normal (127).png,data/raw/BrCaWisconsin/Dataset_BUSI_with_GT/normal/normal (127)_mask.png,512,512,normal,train
BrCaWisconsin_a1832d164ebb4a12b27a468b05bdf023.png,7216072447900431052,normal (42),images/a1832d164ebb4a12b27a468b05bdf023.png,masks/BrCaWisconsin_a1832d164ebb4a12b27a468b05bdf023.png,data/raw/BrCaWisconsin/Dataset_BUSI_with_GT/normal/normal (42).png,data/raw/BrCaWisconsin/Dataset_BUSI_with_GT/normal/normal (42)_mask.png,512,512,normal,train
BrCaWisconsin_4bc71e14b18342a0841e2be912a232c0.png,5375514978449496909,normal (15),images/4bc71e14b18342a0841e2be912a232c0.png,masks/BrCaWisconsin_4bc71e14b18342a0841e2be912a232c0.png,data/raw/BrCaWisconsin/Dataset_BUSI_with_GT/normal/normal (15).png,data/raw/BrCaWisconsin/Dataset_BUSI_with_GT/normal/normal (15)_mask.png,512,512,normal,train
BrCaWisconsin_6fe76555ff4a41569184aa3a37947222.png,3054230928426032469,normal (22),images/6fe76555ff4a41569184aa3a37947222.png,masks/BrCaWisconsin_6fe76555ff4a41569184aa3a37947222.png,data/raw/BrCaWisconsin/Dataset_BUSI_with_GT/normal/normal (22).png,data/raw/BrCaWisconsin/Dataset_BUSI_with_GT/normal/normal (22)_mask.png,512,512,normal,train
BrCaWisconsin_816b060af8954fb1bdb39031affaabd8.png,7541599366090017615,normal (79),images/816b060af8954fb1bdb39031affaabd8.png,masks/BrCaWisconsin_816b060af8954fb1bdb39031affaabd8.png,data/raw/BrCaWisconsin/Dataset_BUSI_with_GT/normal/normal (79).png,data/raw/BrCaWisconsin/Dataset_BUSI_with_GT/normal/normal (79)_mask.png,512,512,normal,train
BrCaWisconsin_9dc36f14651e493f9bdf4215c30b7f43.png,5337655412673588970,normal (81),images/9dc36f14651e493f9bdf4215c30b7f43.png,masks/BrCaWisconsin_9dc36f14651e493f9bdf4215c30b7f43.png,data/raw/BrCaWisconsin/Dataset_BUSI_with_GT/normal/normal (81).png,data/raw/BrCaWisconsin/Dataset_BUSI_with_GT/normal/normal (81)_mask.png,512,512,normal,train
BrCaWisconsin_dbe692147cab4252a648838ee97360d0.png,9812333706352841410,normal (122),images/dbe692147cab4252a648838ee97360d0.png,masks/BrCaWisconsin_dbe692147cab4252a648838ee97360d0.png,data/raw/BrCaWisconsin/Dataset_BUSI_with_GT/normal/normal (122).png,data/raw/BrCaWisconsin/Dataset_BUSI_with_GT/normal/normal (122)_mask.png,512,512,normal,train
BrCaWisconsin_807b6dc3f50548fe843a2c23606fe3cf.png,6581366172919917959,normal (6),images/807b6dc3f50548fe843a2c23606fe3cf.png,masks/BrCaWisconsin_807b6dc3f50548fe843a2c23606fe3cf.png,data/raw/BrCaWisconsin/Dataset_BUSI_with_GT/normal/normal (6).png,data/raw/BrCaWisconsin/Dataset_BUSI_with_GT/normal/normal (6)_mask.png,512,512,normal,train
BrCaWisconsin_3b39f3e11bdd479bbb3a464fa7407e3b.png,15353428172522829300,normal (39),images/3b39f3e11bdd479bbb3a464fa7407e3b.png,masks/BrCaWisconsin_3b39f3e11bdd479bbb3a464fa7407e3b.png,data/raw/BrCaWisconsin/Dataset_BUSI_with_GT/normal/normal (39).png,data/raw/BrCaWisconsin/Dataset_BUSI_with_GT/normal/normal (39)_mask.png,512,512,normal,train
BrCaWisconsin_cfc8b545f33249ea99e86751a508ee21.png,2002642309349404785,normal (17),images/cfc8b545f33249ea99e86751a508ee21.png,masks/BrCaWisconsin_cfc8b545f33249ea99e86751a508ee21.png,data/raw/BrCaWisconsin/Dataset_BUSI_with_GT/normal/normal (17).png,data/raw/BrCaWisconsin/Dataset_BUSI_with_GT/normal/normal (17)_mask.png,512,512,normal,train
BrCaWisconsin_cc01c623603047b8a9120e8350d88979.png,3924700524444092303,normal (8),images/cc01c623603047b8a9120e8350d88979.png,masks/BrCaWisconsin_cc01c623603047b8a9120e8350d88979.png,data/raw/BrCaWisconsin/Dataset_BUSI_with_GT/normal/normal (8).png,data/raw/BrCaWisconsin/Dataset_BUSI_with_GT/normal/normal (8)_mask.png,512,512,normal,train
BrCaWisconsin_62f78ac949fc4b9e854c447647426ace.png,6243314766690486539,normal (97),images/62f78ac949fc4b9e854c447647426ace.png,masks/BrCaWisconsin_62f78ac949fc4b9e854c447647426ace.png,data/raw/BrCaWisconsin/Dataset_BUSI_with_GT/normal/normal (97).png,data/raw/BrCaWisconsin/Dataset_BUSI_with_GT/normal/normal (97)_mask.png,512,512,normal,train
BrCaWisconsin_8f0d9e89965548b6b617c4c31d8fd4c5.png,15935625494392720872,normal (106),images/8f0d9e89965548b6b617c4c31d8fd4c5.png,masks/BrCaWisconsin_8f0d9e89965548b6b617c4c31d8fd4c5.png,data/raw/BrCaWisconsin/Dataset_BUSI_with_GT/normal/normal (106).png,data/raw/BrCaWisconsin/Dataset_BUSI_with_GT/normal/normal (106)_mask.png,512,512,normal,train
BrCaWisconsin_e300d25bc1d142eda67903e0fb9d55c7.png,12368488299508188064,normal (119),images/e300d25bc1d142eda67903e0fb9d55c7.png,masks/BrCaWisconsin_e300d25bc1d142eda67903e0fb9d55c7.png,data/raw/BrCaWisconsin/Dataset_BUSI_with_GT/normal/normal (119).png,data/raw/BrCaWisconsin/Dataset_BUSI_with_GT/normal/normal (119)_mask.png,512,512,normal,train
BrCaWisconsin_d2f3c4ab94f646c28490c839036a31b7.png,6506251974288655292,normal (7),images/d2f3c4ab94f646c28490c839036a31b7.png,masks/BrCaWisconsin_d2f3c4ab94f646c28490c839036a31b7.png,data/raw/BrCaWisconsin/Dataset_BUSI_with_GT/normal/normal (7).png,data/raw/BrCaWisconsin/Dataset_BUSI_with_GT/normal/normal (7)_mask.png,512,512,normal,train
BrCaWisconsin_55e1c04c2c3348878da8678ba7e4b666.png,3795033251239081654,normal (38),images/55e1c04c2c3348878da8678ba7e4b666.png,masks/BrCaWisconsin_55e1c04c2c3348878da8678ba7e4b666.png,data/raw/BrCaWisconsin/Dataset_BUSI_with_GT/normal/normal (38).png,data/raw/BrCaWisconsin/Dataset_BUSI_with_GT/normal/normal (38)_mask.png,512,512,normal,train
BrCaWisconsin_e602672b292b4a8d9f4f241f1027aa06.png,14615005191918377369,normal (3),images/e602672b292b4a8d9f4f241f1027aa06.png,masks/BrCaWisconsin_e602672b292b4a8d9f4f241f1027aa06.png,data/raw/BrCaWisconsin/Dataset_BUSI_with_GT/normal/normal (3).png,data/raw/BrCaWisconsin/Dataset_BUSI_with_GT/normal/normal (3)_mask.png,512,512,normal,train
BrCaWisconsin_0a05722f333a4b5eac914e3198fee814.png,15300021830534322907,normal (123),images/0a05722f333a4b5eac914e3198fee814.png,masks/BrCaWisconsin_0a05722f333a4b5eac914e3198fee814.png,data/raw/BrCaWisconsin/Dataset_BUSI_with_GT/normal/normal (123).png,data/raw/BrCaWisconsin/Dataset_BUSI_with_GT/normal/normal (123)_mask.png,512,512,normal,test
BrCaWisconsin_d46a05c0daa84188b450f9e8d020a8a6.png,6752823583682654304,normal (66),images/d46a05c0daa84188b450f9e8d020a8a6.png,masks/BrCaWisconsin_d46a05c0daa84188b450f9e8d020a8a6.png,data/raw/BrCaWisconsin/Dataset_BUSI_with_GT/normal/normal (66).png,data/raw/BrCaWisconsin/Dataset_BUSI_with_GT/normal/normal (66)_mask.png,512,512,normal,train
BrCaWisconsin_65895f15a1f0446fbe33b30d0be42015.png,6589507992308639334,normal (80),images/65895f15a1f0446fbe33b30d0be42015.png,masks/BrCaWisconsin_65895f15a1f0446fbe33b30d0be42015.png,data/raw/BrCaWisconsin/Dataset_BUSI_with_GT/normal/normal (80).png,data/raw/BrCaWisconsin/Dataset_BUSI_with_GT/normal/normal (80)_mask.png,512,512,normal,train
BrCaWisconsin_b7bcb000a3694c169f776eed4823919d.png,6162852197554588982,normal (14),images/b7bcb000a3694c169f776eed4823919d.png,masks/BrCaWisconsin_b7bcb000a3694c169f776eed4823919d.png,data/raw/BrCaWisconsin/Dataset_BUSI_with_GT/normal/normal (14).png,data/raw/BrCaWisconsin/Dataset_BUSI_with_GT/normal/normal (14)_mask.png,512,512,normal,val
BrCaWisconsin_715b8ed8082146f092e4319998a3b3c4.png,13099016746277323490,normal (47),images/715b8ed8082146f092e4319998a3b3c4.png,masks/BrCaWisconsin_715b8ed8082146f092e4319998a3b3c4.png,data/raw/BrCaWisconsin/Dataset_BUSI_with_GT/normal/normal (47).png,data/raw/BrCaWisconsin/Dataset_BUSI_with_GT/normal/normal (47)_mask.png,512,512,normal,train
BrCaWisconsin_81addae2e1df4461b38e8ef3117b4657.png,4371493994949031606,normal (43),images/81addae2e1df4461b38e8ef3117b4657.png,masks/BrCaWisconsin_81addae2e1df4461b38e8ef3117b4657.png,data/raw/BrCaWisconsin/Dataset_BUSI_with_GT/normal/normal (43).png,data/raw/BrCaWisconsin/Dataset_BUSI_with_GT/normal/normal (43)_mask.png,512,512,normal,train
BrCaWisconsin_2d3d6826ab2b44d898c081c224123fe7.png,5309097621255910489,normal (100),images/2d3d6826ab2b44d898c081c224123fe7.png,masks/BrCaWisconsin_2d3d6826ab2b44d898c081c224123fe7.png,data/raw/BrCaWisconsin/Dataset_BUSI_with_GT/normal/normal (100).png,data/raw/BrCaWisconsin/Dataset_BUSI_with_GT/normal/normal (100)_mask.png,512,512,normal,val
BrCaWisconsin_ce5c1f57639348f592888b949306283d.png,2099304617894013417,normal (34),images/ce5c1f57639348f592888b949306283d.png,masks/BrCaWisconsin_ce5c1f57639348f592888b949306283d.png,data/raw/BrCaWisconsin/Dataset_BUSI_with_GT/normal/normal (34).png,data/raw/BrCaWisconsin/Dataset_BUSI_with_GT/normal/normal (34)_mask.png,512,512,normal,train
BrCaWisconsin_eb4266b0d9084c27b87b0b41ef6143f0.png,6028960203957173269,normal (11),images/eb4266b0d9084c27b87b0b41ef6143f0.png,masks/BrCaWisconsin_eb4266b0d9084c27b87b0b41ef6143f0.png,data/raw/BrCaWisconsin/Dataset_BUSI_with_GT/normal/normal (11).png,data/raw/BrCaWisconsin/Dataset_BUSI_with_GT/normal/normal (11)_mask.png,512,512,normal,test
BrCaWisconsin_d36b360c93b34991b8b925268befae39.png,6074736642575434511,normal (63),images/d36b360c93b34991b8b925268befae39.png,masks/BrCaWisconsin_d36b360c93b34991b8b925268befae39.png,data/raw/BrCaWisconsin/Dataset_BUSI_with_GT/normal/normal (63).png,data/raw/BrCaWisconsin/Dataset_BUSI_with_GT/normal/normal (63)_mask.png,512,512,normal,train
BrCaWisconsin_6f9b894b04284489ac045d3f6d87b8f3.png,7756980517036214818,normal (83),images/6f9b894b04284489ac045d3f6d87b8f3.png,masks/BrCaWisconsin_6f9b894b04284489ac045d3f6d87b8f3.png,data/raw/BrCaWisconsin/Dataset_BUSI_with_GT/normal/normal (83).png,data/raw/BrCaWisconsin/Dataset_BUSI_with_GT/normal/normal (83)_mask.png,512,512,normal,train
BrCaWisconsin_05b5301473a146ad8b0a19745e639173.png,6578163418155557220,normal (103),images/05b5301473a146ad8b0a19745e639173.png,masks/BrCaWisconsin_05b5301473a146ad8b0a19745e639173.png,data/raw/BrCaWisconsin/Dataset_BUSI_with_GT/normal/normal (103).png,data/raw/BrCaWisconsin/Dataset_BUSI_with_GT/normal/normal (103)_mask.png,512,512,normal,val
BrCaWisconsin_b3b90fca66bf4a068a957b16c6b013b5.png,2724280691256908482,normal (121),images/b3b90fca66bf4a068a957b16c6b013b5.png,masks/BrCaWisconsin_b3b90fca66bf4a068a957b16c6b013b5.png,data/raw/BrCaWisconsin/Dataset_BUSI_with_GT/normal/normal (121).png,data/raw/BrCaWisconsin/Dataset_BUSI_with_GT/normal/normal (121)_mask.png,512,512,normal,train
BrCaWisconsin_93972a51b2734468858cc32cd56ae620.png,10996282418192267535,normal (18),images/93972a51b2734468858cc32cd56ae620.png,masks/BrCaWisconsin_93972a51b2734468858cc32cd56ae620.png,data/raw/BrCaWisconsin/Dataset_BUSI_with_GT/normal/normal (18).png,data/raw/BrCaWisconsin/Dataset_BUSI_with_GT/normal/normal (18)_mask.png,512,512,normal,train
BrCaWisconsin_4d8c9960a4d54da1b7f3697e63830b74.png,12368470707190022948,normal (30),images/4d8c9960a4d54da1b7f3697e63830b74.png,masks/BrCaWisconsin_4d8c9960a4d54da1b7f3697e63830b74.png,data/raw/BrCaWisconsin/Dataset_BUSI_with_GT/normal/normal (30).png,data/raw/BrCaWisconsin/Dataset_BUSI_with_GT/normal/normal (30)_mask.png,512,512,normal,train
BrCaWisconsin_44691842c4ac4a789311f2217cd3cca4.png,10474124308330937400,normal (76),images/44691842c4ac4a789311f2217cd3cca4.png,masks/BrCaWisconsin_44691842c4ac4a789311f2217cd3cca4.png,data/raw/BrCaWisconsin/Dataset_BUSI_with_GT/normal/normal (76).png,data/raw/BrCaWisconsin/Dataset_BUSI_with_GT/normal/normal (76)_mask.png,512,512,normal,val
BrCaWisconsin_ad112a4d1b0b4f9485b6934e6716c6a0.png,5384803947760741857,normal (99),images/ad112a4d1b0b4f9485b6934e6716c6a0.png,masks/BrCaWisconsin_ad112a4d1b0b4f9485b6934e6716c6a0.png,data/raw/BrCaWisconsin/Dataset_BUSI_with_GT/normal/normal (99).png,data/raw/BrCaWisconsin/Dataset_BUSI_with_GT/normal/normal (99)_mask.png,512,512,normal,train
BrCaWisconsin_b58c38b8c00b4a78911bd66fdc377612.png,6223355430278726415,normal (21),images/b58c38b8c00b4a78911bd66fdc377612.png,masks/BrCaWisconsin_b58c38b8c00b4a78911bd66fdc377612.png,data/raw/BrCaWisconsin/Dataset_BUSI_with_GT/normal/normal (21).png,data/raw/BrCaWisconsin/Dataset_BUSI_with_GT/normal/normal (21)_mask.png,512,512,normal,train
BrCaWisconsin_2a9cf8b44dcc44428652c90f0c3631f2.png,6526685781718197106,normal (77),images/2a9cf8b44dcc44428652c90f0c3631f2.png,masks/BrCaWisconsin_2a9cf8b44dcc44428652c90f0c3631f2.png,data/raw/BrCaWisconsin/Dataset_BUSI_with_GT/normal/normal (77).png,data/raw/BrCaWisconsin/Dataset_BUSI_with_GT/normal/normal (77)_mask.png,512,512,normal,test
BrCaWisconsin_80bf4ff2dea34d95bd71449c6febd79d.png,15353428167690991092,normal (56),images/80bf4ff2dea34d95bd71449c6febd79d.png,masks/BrCaWisconsin_80bf4ff2dea34d95bd71449c6febd79d.png,data/raw/BrCaWisconsin/Dataset_BUSI_with_GT/normal/normal (56).png,data/raw/BrCaWisconsin/Dataset_BUSI_with_GT/normal/normal (56)_mask.png,512,512,normal,train
BrCaWisconsin_171c480a8c1548068e504789a9440bef.png,10858655504816379096,normal (116),images/171c480a8c1548068e504789a9440bef.png,masks/BrCaWisconsin_171c480a8c1548068e504789a9440bef.png,data/raw/BrCaWisconsin/Dataset_BUSI_with_GT/normal/normal (116).png,data/raw/BrCaWisconsin/Dataset_BUSI_with_GT/normal/normal (116)_mask.png,512,512,normal,train
BrCaWisconsin_a148620fb4db4d94ac4d286ed0108aec.png,10545977139442149046,normal (95),images/a148620fb4db4d94ac4d286ed0108aec.png,masks/BrCaWisconsin_a148620fb4db4d94ac4d286ed0108aec.png,data/raw/BrCaWisconsin/Dataset_BUSI_with_GT/normal/normal (95).png,data/raw/BrCaWisconsin/Dataset_BUSI_with_GT/normal/normal (95)_mask.png,512,512,normal,val
BrCaWisconsin_fddad0d4904f4900bf8ac5072bf20ba0.png,16793243043964005590,normal (111),images/fddad0d4904f4900bf8ac5072bf20ba0.png,masks/BrCaWisconsin_fddad0d4904f4900bf8ac5072bf20ba0.png,data/raw/BrCaWisconsin/Dataset_BUSI_with_GT/normal/normal (111).png,data/raw/BrCaWisconsin/Dataset_BUSI_with_GT/normal/normal (111)_mask.png,512,512,normal,train
BrCaWisconsin_0d41d1f68f7a479d9da30f0cda45c180.png,15452881686296224711,normal (92),images/0d41d1f68f7a479d9da30f0cda45c180.png,masks/BrCaWisconsin_0d41d1f68f7a479d9da30f0cda45c180.png,data/raw/BrCaWisconsin/Dataset_BUSI_with_GT/normal/normal (92).png,data/raw/BrCaWisconsin/Dataset_BUSI_with_GT/normal/normal (92)_mask.png,512,512,normal,val
BrCaWisconsin_3083446f2ae8474ab74ec73f042458e6.png,7687269258810505705,normal (130),images/3083446f2ae8474ab74ec73f042458e6.png,masks/BrCaWisconsin_3083446f2ae8474ab74ec73f042458e6.png,data/raw/BrCaWisconsin/Dataset_BUSI_with_GT/normal/normal (130).png,data/raw/BrCaWisconsin/Dataset_BUSI_with_GT/normal/normal (130)_mask.png,512,512,normal,train
BrCaWisconsin_92c6830fd9ec413d9fa408e90211c2f9.png,3864839036873123382,normal (50),images/92c6830fd9ec413d9fa408e90211c2f9.png,masks/BrCaWisconsin_92c6830fd9ec413d9fa408e90211c2f9.png,data/raw/BrCaWisconsin/Dataset_BUSI_with_GT/normal/normal (50).png,data/raw/BrCaWisconsin/Dataset_BUSI_with_GT/normal/normal (50)_mask.png,512,512,normal,val
BrCaWisconsin_97fb572b0fe347c195fc17f750e2af9c.png,9991968652992427317,normal (57),images/97fb572b0fe347c195fc17f750e2af9c.png,masks/BrCaWisconsin_97fb572b0fe347c195fc17f750e2af9c.png,data/raw/BrCaWisconsin/Dataset_BUSI_with_GT/normal/normal (57).png,data/raw/BrCaWisconsin/Dataset_BUSI_with_GT/normal/normal (57)_mask.png,512,512,normal,train
BrCaWisconsin_9ab7da4bc52d4d0bb86d6e70ad2e8c62.png,10760267530064455021,normal (71),images/9ab7da4bc52d4d0bb86d6e70ad2e8c62.png,masks/BrCaWisconsin_9ab7da4bc52d4d0bb86d6e70ad2e8c62.png,data/raw/BrCaWisconsin/Dataset_BUSI_with_GT/normal/normal (71).png,data/raw/BrCaWisconsin/Dataset_BUSI_with_GT/normal/normal (71)_mask.png,512,512,normal,train
BrCaWisconsin_4bd86fad733e4a71930b5e04bec70aa3.png,8594298999464039572,normal (94),images/4bd86fad733e4a71930b5e04bec70aa3.png,masks/BrCaWisconsin_4bd86fad733e4a71930b5e04bec70aa3.png,data/raw/BrCaWisconsin/Dataset_BUSI_with_GT/normal/normal (94).png,data/raw/BrCaWisconsin/Dataset_BUSI_with_GT/normal/normal (94)_mask.png,512,512,normal,train
BrCaWisconsin_54f573864aac4a8c8e17f6fe529d1851.png,3939429936226059013,normal (27),images/54f573864aac4a8c8e17f6fe529d1851.png,masks/BrCaWisconsin_54f573864aac4a8c8e17f6fe529d1851.png,data/raw/BrCaWisconsin/Dataset_BUSI_with_GT/normal/normal (27).png,data/raw/BrCaWisconsin/Dataset_BUSI_with_GT/normal/normal (27)_mask.png,512,512,normal,train
BrCaWisconsin_874da25925e941eca3a0d892bffb70da.png,2982568947195483833,normal (117),images/874da25925e941eca3a0d892bffb70da.png,masks/BrCaWisconsin_874da25925e941eca3a0d892bffb70da.png,data/raw/BrCaWisconsin/Dataset_BUSI_with_GT/normal/normal (117).png,data/raw/BrCaWisconsin/Dataset_BUSI_with_GT/normal/normal (117)_mask.png,512,512,normal,train
BrCaWisconsin_7d58a5c9b3a34f98b8e4972a6a58fcc8.png,2146452466279566056,normal (20),images/7d58a5c9b3a34f98b8e4972a6a58fcc8.png,masks/BrCaWisconsin_7d58a5c9b3a34f98b8e4972a6a58fcc8.png,data/raw/BrCaWisconsin/Dataset_BUSI_with_GT/normal/normal (20).png,data/raw/BrCaWisconsin/Dataset_BUSI_with_GT/normal/normal (20)_mask.png,512,512,normal,val
BrCaWisconsin_db1f4594a7d840188dd4ba3a7ae4bf31.png,6243314766153615627,normal (98),images/db1f4594a7d840188dd4ba3a7ae4bf31.png,masks/BrCaWisconsin_db1f4594a7d840188dd4ba3a7ae4bf31.png,data/raw/BrCaWisconsin/Dataset_BUSI_with_GT/normal/normal (98).png,data/raw/BrCaWisconsin/Dataset_BUSI_with_GT/normal/normal (98)_mask.png,512,512,normal,train
BrCaWisconsin_8332cdd3d6554e189ac72bc1d8e29129.png,10822698933643028675,normal (93),images/8332cdd3d6554e189ac72bc1d8e29129.png,masks/BrCaWisconsin_8332cdd3d6554e189ac72bc1d8e29129.png,data/raw/BrCaWisconsin/Dataset_BUSI_with_GT/normal/normal (93).png,data/raw/BrCaWisconsin/Dataset_BUSI_with_GT/normal/normal (93)_mask.png,512,512,normal,train
BrCaWisconsin_5a08c8ab0e9548d3921238f3c896f916.png,6092955462766351059,normal (70),images/5a08c8ab0e9548d3921238f3c896f916.png,masks/BrCaWisconsin_5a08c8ab0e9548d3921238f3c896f916.png,data/raw/BrCaWisconsin/Dataset_BUSI_with_GT/normal/normal (70).png,data/raw/BrCaWisconsin/Dataset_BUSI_with_GT/normal/normal (70)_mask.png,512,512,normal,train
BrCaWisconsin_a70e2208d1184d26827091e3bb9e8968.png,6463697676962099315,normal (110),images/a70e2208d1184d26827091e3bb9e8968.png,masks/BrCaWisconsin_a70e2208d1184d26827091e3bb9e8968.png,data/raw/BrCaWisconsin/Dataset_BUSI_with_GT/normal/normal (110).png,data/raw/BrCaWisconsin/Dataset_BUSI_with_GT/normal/normal (110)_mask.png,512,512,normal,val
BrCaWisconsin_31597a63dbd3474283d64661fff87629.png,17629943705037464676,normal (131),images/31597a63dbd3474283d64661fff87629.png,masks/BrCaWisconsin_31597a63dbd3474283d64661fff87629.png,data/raw/BrCaWisconsin/Dataset_BUSI_with_GT/normal/normal (131).png,data/raw/BrCaWisconsin/Dataset_BUSI_with_GT/normal/normal (131)_mask.png,512,512,normal,train
BrCaWisconsin_3fe7a68f8ee2467db2a7521bc016fbc6.png,14309503709895036486,normal (51),images/3fe7a68f8ee2467db2a7521bc016fbc6.png,masks/BrCaWisconsin_3fe7a68f8ee2467db2a7521bc016fbc6.png,data/raw/BrCaWisconsin/Dataset_BUSI_with_GT/normal/normal (51).png,data/raw/BrCaWisconsin/Dataset_BUSI_with_GT/normal/normal (51)_mask.png,512,512,normal,test
BrCaWisconsin_a168ecae4f99437b8d5b1a5cdc0e94f8.png,7687269258542070249,normal (26),images/a168ecae4f99437b8d5b1a5cdc0e94f8.png,masks/BrCaWisconsin_a168ecae4f99437b8d5b1a5cdc0e94f8.png,data/raw/BrCaWisconsin/Dataset_BUSI_with_GT/normal/normal (26).png,data/raw/BrCaWisconsin/Dataset_BUSI_with_GT/normal/normal (26)_mask.png,512,512,normal,train
BrEaST-Lesions_USG-images_and_masks_2f701cd9fc08470e89e9d8cf84c5658c.png,7216542084739340939,case212,images/2f701cd9fc08470e89e9d8cf84c5658c.png,masks/BrEaST-Lesions_USG-images_and_masks_2f701cd9fc08470e89e9d8cf84c5658c.png,data/raw/BrEaST-Lesions_USG-images_and_masks/case212.png,data/raw/BrEaST-Lesions_USG-images_and_masks/case212_tumor.png,512,512,,val
BrEaST-Lesions_USG-images_and_masks_d4bf8a95755d43189fc4f71a2c097ec7.png,12723942522718775054,case206,images/d4bf8a95755d43189fc4f71a2c097ec7.png,masks/BrEaST-Lesions_USG-images_and_masks_d4bf8a95755d43189fc4f71a2c097ec7.png,data/raw/BrEaST-Lesions_USG-images_and_masks/case206.png,data/raw/BrEaST-Lesions_USG-images_and_masks/case206_tumor.png,512,512,,test
BrEaST-Lesions_USG-images_and_masks_38908f1b4f76434eb2214dc995198b64.png,14741590798727376077,case128,images/38908f1b4f76434eb2214dc995198b64.png,masks/BrEaST-Lesions_USG-images_and_masks_38908f1b4f76434eb2214dc995198b64.png,data/raw/BrEaST-Lesions_USG-images_and_masks/case128.png,data/raw/BrEaST-Lesions_USG-images_and_masks/case128_tumor.png,512,512,,train
BrEaST-Lesions_USG-images_and_masks_52663011e3134a3aaf2184459842140c.png,4922375409307999195,case152,images/52663011e3134a3aaf2184459842140c.png,masks/BrEaST-Lesions_USG-images_and_masks_52663011e3134a3aaf2184459842140c.png,data/raw/BrEaST-Lesions_USG-images_and_masks/case152.png,data/raw/BrEaST-Lesions_USG-images_and_masks/case152_tumor.png,512,512,,train
BrEaST-Lesions_USG-images_and_masks_60b9d6afa0c947a598d46b4fd1f22d78.png,12163043864571265985,case010,images/60b9d6afa0c947a598d46b4fd1f22d78.png,masks/BrEaST-Lesions_USG-images_and_masks_60b9d6afa0c947a598d46b4fd1f22d78.png,data/raw/BrEaST-Lesions_USG-images_and_masks/case010.png,data/raw/BrEaST-Lesions_USG-images_and_masks/case010_tumor.png,512,512,,train
BrEaST-Lesions_USG-images_and_masks_36a4ca83e24543f3b8fb443d4b6fe3c2.png,5426104646694103422,case004,images/36a4ca83e24543f3b8fb443d4b6fe3c2.png,masks/BrEaST-Lesions_USG-images_and_masks_36a4ca83e24543f3b8fb443d4b6fe3c2.png,data/raw/BrEaST-Lesions_USG-images_and_masks/case004.png,data/raw/BrEaST-Lesions_USG-images_and_masks/case004_tumor.png,512,512,,train
BrEaST-Lesions_USG-images_and_masks_5e8bab1ec44143c9a394fec8feb948a7.png,15006361995417835901,case014,images/5e8bab1ec44143c9a394fec8feb948a7.png,masks/BrEaST-Lesions_USG-images_and_masks_5e8bab1ec44143c9a394fec8feb948a7.png,data/raw/BrEaST-Lesions_USG-images_and_masks/case014.png,data/raw/BrEaST-Lesions_USG-images_and_masks/case014_tumor.png,512,512,,train
BrEaST-Lesions_USG-images_and_masks_77019751e0c946a098cd87212241fadb.png,6220145748887245008,case038,images/77019751e0c946a098cd87212241fadb.png,masks/BrEaST-Lesions_USG-images_and_masks_77019751e0c946a098cd87212241fadb.png,data/raw/BrEaST-Lesions_USG-images_and_masks/case038.png,data/raw/BrEaST-Lesions_USG-images_and_masks/case038_tumor.png,512,512,,train
BrEaST-Lesions_USG-images_and_masks_cb59928e5c0a46e490636191120e3065.png,5966042084793885474,case222,images/cb59928e5c0a46e490636191120e3065.png,masks/BrEaST-Lesions_USG-images_and_masks_cb59928e5c0a46e490636191120e3065.png,data/raw/BrEaST-Lesions_USG-images_and_masks/case222.png,data/raw/BrEaST-Lesions_USG-images_and_masks/case222_tumor.png,512,512,,val
BrEaST-Lesions_USG-images_and_masks_e29a982d9bee4b4e9758d9c062e2e393.png,15236984692630842408,case236,images/e29a982d9bee4b4e9758d9c062e2e393.png,masks/BrEaST-Lesions_USG-images_and_masks_e29a982d9bee4b4e9758d9c062e2e393.png,data/raw/BrEaST-Lesions_USG-images_and_masks/case236.png,data/raw/BrEaST-Lesions_USG-images_and_masks/case236_tumor.png,512,512,,train
BrEaST-Lesions_USG-images_and_masks_a9ccbc5e60f245faa35a4f60bfc56b1b.png,3218331766618891802,case146,images/a9ccbc5e60f245faa35a4f60bfc56b1b.png,masks/BrEaST-Lesions_USG-images_and_masks_a9ccbc5e60f245faa35a4f60bfc56b1b.png,data/raw/BrEaST-Lesions_USG-images_and_masks/case146.png,data/raw/BrEaST-Lesions_USG-images_and_masks/case146_tumor.png,512,512,,train
BrEaST-Lesions_USG-images_and_masks_0a38e8512c2a44a78c818a32198ee785.png,15583974382515742311,case164,images/0a38e8512c2a44a78c818a32198ee785.png,masks/BrEaST-Lesions_USG-images_and_masks_0a38e8512c2a44a78c818a32198ee785.png,data/raw/BrEaST-Lesions_USG-images_and_masks/case164.png,data/raw/BrEaST-Lesions_USG-images_and_masks/case164_tumor.png,512,512,,train
BrEaST-Lesions_USG-images_and_masks_d2a375911d78470c983f9cddf6820bb3.png,3775644403114009688,case170,images/d2a375911d78470c983f9cddf6820bb3.png,masks/BrEaST-Lesions_USG-images_and_masks_d2a375911d78470c983f9cddf6820bb3.png,data/raw/BrEaST-Lesions_USG-images_and_masks/case170.png,data/raw/BrEaST-Lesions_USG-images_and_masks/case170_tumor.png,512,512,,val
BrEaST-Lesions_USG-images_and_masks_59aad766a0704d0eb96208210b2d648f.png,11199756074265337293,case158,images/59aad766a0704d0eb96208210b2d648f.png,masks/BrEaST-Lesions_USG-images_and_masks_59aad766a0704d0eb96208210b2d648f.png,data/raw/BrEaST-Lesions_USG-images_and_masks/case158.png,data/raw/BrEaST-Lesions_USG-images_and_masks/case158_tumor.png,512,512,,train
BrEaST-Lesions_USG-images_and_masks_2dd6c99aa6d64347be699da31325ca4b.png,16971650659140408854,case021,images/2dd6c99aa6d64347be699da31325ca4b.png,masks/BrEaST-Lesions_USG-images_and_masks_2dd6c99aa6d64347be699da31325ca4b.png,data/raw/BrEaST-Lesions_USG-images_and_masks/case021.png,data/raw/BrEaST-Lesions_USG-images_and_masks/case021_tumor.png,512,512,,test
BrEaST-Lesions_USG-images_and_masks_e95cb3aab32c4567bd3114b96c81b870.png,12491133354073215323,case217,images/e95cb3aab32c4567bd3114b96c81b870.png,masks/BrEaST-Lesions_USG-images_and_masks_e95cb3aab32c4567bd3114b96c81b870.png,data/raw/BrEaST-Lesions_USG-images_and_masks/case217.png,data/raw/BrEaST-Lesions_USG-images_and_masks/case217_tumor.png,512,512,,train
BrEaST-Lesions_USG-images_and_masks_29840478ab934b829c48e456c78db655.png,17939192828714609380,case167,images/29840478ab934b829c48e456c78db655.png,masks/BrEaST-Lesions_USG-images_and_masks_29840478ab934b829c48e456c78db655.png,data/raw/BrEaST-Lesions_USG-images_and_masks/case167.png,data/raw/BrEaST-Lesions_USG-images_and_masks/case167_tumor.png,512,512,,train
BrEaST-Lesions_USG-images_and_masks_dc4f7eb809214b918f8b223ed7124c0d.png,8312651238428723272,case159,images/dc4f7eb809214b918f8b223ed7124c0d.png,masks/BrEaST-Lesions_USG-images_and_masks_dc4f7eb809214b918f8b223ed7124c0d.png,data/raw/BrEaST-Lesions_USG-images_and_masks/case159.png,data/raw/BrEaST-Lesions_USG-images_and_masks/case159_tumor.png,512,512,,train
BrEaST-Lesions_USG-images_and_masks_26c4468c7c5e4007ab1cd3832e21bd7b.png,5422989613852676697,case171,images/26c4468c7c5e4007ab1cd3832e21bd7b.png,masks/BrEaST-Lesions_USG-images_and_masks_26c4468c7c5e4007ab1cd3832e21bd7b.png,data/raw/BrEaST-Lesions_USG-images_and_masks/case171.png,data/raw/BrEaST-Lesions_USG-images_and_masks/case171_tumor.png,512,512,,test
BrEaST-Lesions_USG-images_and_masks_c2484483cf704e578bf09d95dcb7a52d.png,11229396268888172843,case092,images/c2484483cf704e578bf09d95dcb7a52d.png,masks/BrEaST-Lesions_USG-images_and_masks_c2484483cf704e578bf09d95dcb7a52d.png,data/raw/BrEaST-Lesions_USG-images_and_masks/case092.png,data/raw/BrEaST-Lesions_USG-images_and_masks/case092_tumor.png,512,512,,train
BrEaST-Lesions_USG-images_and_masks_c690e153030a4f69ac1b3a99a1136686.png,3570995608203300864,case165,images/c690e153030a4f69ac1b3a99a1136686.png,masks/BrEaST-Lesions_USG-images_and_masks_c690e153030a4f69ac1b3a99a1136686.png,data/raw/BrEaST-Lesions_USG-images_and_masks/case165.png,data/raw/BrEaST-Lesions_USG-images_and_masks/case165_tumor.png,512,512,,train
BrEaST-Lesions_USG-images_and_masks_db48611d94014d30bef1da6d0018e055.png,4741852917480869550,case039,images/db48611d94014d30bef1da6d0018e055.png,masks/BrEaST-Lesions_USG-images_and_masks_db48611d94014d30bef1da6d0018e055.png,data/raw/BrEaST-Lesions_USG-images_and_masks/case039.png,data/raw/BrEaST-Lesions_USG-images_and_masks/case039_tumor.png,512,512,,train
BrEaST-Lesions_USG-images_and_masks_3ff2a28120994b3dad5c9416dd285b51.png,16779524789281022440,case005,images/3ff2a28120994b3dad5c9416dd285b51.png,masks/BrEaST-Lesions_USG-images_and_masks_3ff2a28120994b3dad5c9416dd285b51.png,data/raw/BrEaST-Lesions_USG-images_and_masks/case005.png,data/raw/BrEaST-Lesions_USG-images_and_masks/case005_tumor.png,512,512,,train
BrEaST-Lesions_USG-images_and_masks_e2f1ad1580cb4235be8e73d447ec02cb.png,16207554304589083376,case011,images/e2f1ad1580cb4235be8e73d447ec02cb.png,masks/BrEaST-Lesions_USG-images_and_masks_e2f1ad1580cb4235be8e73d447ec02cb.png,data/raw/BrEaST-Lesions_USG-images_and_masks/case011.png,data/raw/BrEaST-Lesions_USG-images_and_masks/case011_tumor.png,512,512,,train
BrEaST-Lesions_USG-images_and_masks_a9aaa81f336f4563ba6dbec8e8596678.png,7776808558497085600,case086,images/a9aaa81f336f4563ba6dbec8e8596678.png,masks/BrEaST-Lesions_USG-images_and_masks_a9aaa81f336f4563ba6dbec8e8596678.png,data/raw/BrEaST-Lesions_USG-images_and_masks/case086.png,data/raw/BrEaST-Lesions_USG-images_and_masks/case086_tumor.png,512,512,,train
BrEaST-Lesions_USG-images_and_masks_2376e8f50fe7438c8b73e647ab0720f0.png,14581050625520986715,case109,images/2376e8f50fe7438c8b73e647ab0720f0.png,masks/BrEaST-Lesions_USG-images_and_masks_2376e8f50fe7438c8b73e647ab0720f0.png,data/raw/BrEaST-Lesions_USG-images_and_masks/case109.png,data/raw/BrEaST-Lesions_USG-images_and_masks/case109_tumor.png,512,512,,train
BrEaST-Lesions_USG-images_and_masks_00e6a56ebe5b40e88b3079d70b8aac09.png,16782864916156046032,case207,images/00e6a56ebe5b40e88b3079d70b8aac09.png,masks/BrEaST-Lesions_USG-images_and_masks_00e6a56ebe5b40e88b3079d70b8aac09.png,data/raw/BrEaST-Lesions_USG-images_and_masks/case207.png,data/raw/BrEaST-Lesions_USG-images_and_masks/case207_tumor.png,512,512,,train
BrEaST-Lesions_USG-images_and_masks_b755290e89ab46bfa4d47465799d00c8.png,5867005368156705810,case173,images/b755290e89ab46bfa4d47465799d00c8.png,masks/BrEaST-Lesions_USG-images_and_masks_b755290e89ab46bfa4d47465799d00c8.png,data/raw/BrEaST-Lesions_USG-images_and_masks/case173.png,data/raw/BrEaST-Lesions_USG-images_and_masks/case173_tumor.png,512,512,,train
BrEaST-Lesions_USG-images_and_masks_ea0985780af647859024efd9fc380109.png,5991526289310900585,case203,images/ea0985780af647859024efd9fc380109.png,masks/BrEaST-Lesions_USG-images_and_masks_ea0985780af647859024efd9fc380109.png,data/raw/BrEaST-Lesions_USG-images_and_masks/case203.png,data/raw/BrEaST-Lesions_USG-images_and_masks/case203_tumor.png,512,512,,train
BrEaST-Lesions_USG-images_and_masks_66f0b42c3ce44fb2ab276c8a0ba7eb48.png,12455094389017220373,case035,images/66f0b42c3ce44fb2ab276c8a0ba7eb48.png,masks/BrEaST-Lesions_USG-images_and_masks_66f0b42c3ce44fb2ab276c8a0ba7eb48.png,data/raw/BrEaST-Lesions_USG-images_and_masks/case035.png,data/raw/BrEaST-Lesions_USG-images_and_masks/case035_tumor.png,512,512,,test
BrEaST-Lesions_USG-images_and_masks_6512e1b942f5401d94c5cbec350b3ebc.png,6144271858193115108,case125,images/6512e1b942f5401d94c5cbec350b3ebc.png,masks/BrEaST-Lesions_USG-images_and_masks_6512e1b942f5401d94c5cbec350b3ebc.png,data/raw/BrEaST-Lesions_USG-images_and_masks/case125.png,data/raw/BrEaST-Lesions_USG-images_and_masks/case125_tumor.png,512,512,,train
BrEaST-Lesions_USG-images_and_masks_22212bafc4bd4936a908bcdc673b3017.png,6586662453877924847,case255,images/22212bafc4bd4936a908bcdc673b3017.png,masks/BrEaST-Lesions_USG-images_and_masks_22212bafc4bd4936a908bcdc673b3017.png,data/raw/BrEaST-Lesions_USG-images_and_masks/case255.png,data/raw/BrEaST-Lesions_USG-images_and_masks/case255_tumor.png,512,512,,train
BrEaST-Lesions_USG-images_and_masks_a6402408650e485193d7cbc30e1ae62b.png,2678139707313425548,case063,images/a6402408650e485193d7cbc30e1ae62b.png,masks/BrEaST-Lesions_USG-images_and_masks_a6402408650e485193d7cbc30e1ae62b.png,data/raw/BrEaST-Lesions_USG-images_and_masks/case063.png,data/raw/BrEaST-Lesions_USG-images_and_masks/case063_tumor.png,512,512,,train
BrEaST-Lesions_USG-images_and_masks_3187ef1a78ac41f186c9b99da4ae5bd6.png,11631943452353163376,case205,images/3187ef1a78ac41f186c9b99da4ae5bd6.png,masks/BrEaST-Lesions_USG-images_and_masks_3187ef1a78ac41f186c9b99da4ae5bd6.png,data/raw/BrEaST-Lesions_USG-images_and_masks/case205.png,data/raw/BrEaST-Lesions_USG-images_and_masks/case205_tumor.png,512,512,,train
BrEaST-Lesions_USG-images_and_masks_749a849b642a45148ee23cdee8f73327.png,14440180157343506860,case211,images/749a849b642a45148ee23cdee8f73327.png,masks/BrEaST-Lesions_USG-images_and_masks_749a849b642a45148ee23cdee8f73327.png,data/raw/BrEaST-Lesions_USG-images_and_masks/case211.png,data/raw/BrEaST-Lesions_USG-images_and_masks/case211_tumor.png,512,512,,train
BrEaST-Lesions_USG-images_and_masks_70477d2860124dd79cdd11aa856a88d9.png,9706537611261597833,case239,images/70477d2860124dd79cdd11aa856a88d9.png,masks/BrEaST-Lesions_USG-images_and_masks_70477d2860124dd79cdd11aa856a88d9.png,data/raw/BrEaST-Lesions_USG-images_and_masks/case239.png,data/raw/BrEaST-Lesions_USG-images_and_masks/case239_tumor.png,512,512,,train
BrEaST-Lesions_USG-images_and_masks_f201426dfc3a42f2b28808b62f73b0c4.png,10766888680851497955,case019,images/f201426dfc3a42f2b28808b62f73b0c4.png,masks/BrEaST-Lesions_USG-images_and_masks_f201426dfc3a42f2b28808b62f73b0c4.png,data/raw/BrEaST-Lesions_USG-images_and_masks/case019.png,data/raw/BrEaST-Lesions_USG-images_and_masks/case019_tumor.png,512,512,,train
BrEaST-Lesions_USG-images_and_masks_ebf013d1b0a64d52be9a43111a653ae0.png,12207470292488246098,case196,images/ebf013d1b0a64d52be9a43111a653ae0.png,masks/BrEaST-Lesions_USG-images_and_masks_ebf013d1b0a64d52be9a43111a653ae0.png,data/raw/BrEaST-Lesions_USG-images_and_masks/case196.png,data/raw/BrEaST-Lesions_USG-images_and_masks/case196_tumor.png,512,512,,train
BrEaST-Lesions_USG-images_and_masks_b003a846680a4594b75a9a68054adb2d.png,5427271487133724977,case007,images/b003a846680a4594b75a9a68054adb2d.png,masks/BrEaST-Lesions_USG-images_and_masks_b003a846680a4594b75a9a68054adb2d.png,data/raw/BrEaST-Lesions_USG-images_and_masks/case007.png,data/raw/BrEaST-Lesions_USG-images_and_masks/case007_tumor.png,512,512,,test
BrEaST-Lesions_USG-images_and_masks_f6867d9b7159406dbe0ed5eb1547d135.png,16782888915557986040,case013,images/f6867d9b7159406dbe0ed5eb1547d135.png,masks/BrEaST-Lesions_USG-images_and_masks_f6867d9b7159406dbe0ed5eb1547d135.png,data/raw/BrEaST-Lesions_USG-images_and_masks/case013.png,data/raw/BrEaST-Lesions_USG-images_and_masks/case013_tumor.png,512,512,,train
BrEaST-Lesions_USG-images_and_masks_253093c75f3a4e7c95182918c54447c1.png,6362968709862314068,case198,images/253093c75f3a4e7c95182918c54447c1.png,masks/BrEaST-Lesions_USG-images_and_masks_253093c75f3a4e7c95182918c54447c1.png,data/raw/BrEaST-Lesions_USG-images_and_masks/case198.png,data/raw/BrEaST-Lesions_USG-images_and_masks/case198_tumor.png,512,512,,train
BrEaST-Lesions_USG-images_and_masks_aa16668413fb4eaf83149e71c4b35dc3.png,6002783887072486438,case182,images/aa16668413fb4eaf83149e71c4b35dc3.png,masks/BrEaST-Lesions_USG-images_and_masks_aa16668413fb4eaf83149e71c4b35dc3.png,data/raw/BrEaST-Lesions_USG-images_and_masks/case182.png,data/raw/BrEaST-Lesions_USG-images_and_masks/case182_tumor.png,512,512,,train
BrEaST-Lesions_USG-images_and_masks_c6758644b6844c8aa474bf2415f84ce9.png,16775038738686081272,case077,images/c6758644b6844c8aa474bf2415f84ce9.png,masks/BrEaST-Lesions_USG-images_and_masks_c6758644b6844c8aa474bf2415f84ce9.png,data/raw/BrEaST-Lesions_USG-images_and_masks/case077.png,data/raw/BrEaST-Lesions_USG-images_and_masks/case077_tumor.png,512,512,,train
BrEaST-Lesions_USG-images_and_masks_4a291a628b2e4493972cdef7e634e26a.png,17359380815568494816,case241,images/4a291a628b2e4493972cdef7e634e26a.png,masks/BrEaST-Lesions_USG-images_and_masks_4a291a628b2e4493972cdef7e634e26a.png,data/raw/BrEaST-Lesions_USG-images_and_masks/case241.png,data/raw/BrEaST-Lesions_USG-images_and_masks/case241_tumor.png,512,512,,test
BrEaST-Lesions_USG-images_and_masks_f54dc203afec4788a0a2ab7b7bcabdc2.png,12856556637303549607,case131,images/f54dc203afec4788a0a2ab7b7bcabdc2.png,masks/BrEaST-Lesions_USG-images_and_masks_f54dc203afec4788a0a2ab7b7bcabdc2.png,data/raw/BrEaST-Lesions_USG-images_and_masks/case131.png,data/raw/BrEaST-Lesions_USG-images_and_masks/case131_tumor.png,512,512,,train
BrEaST-Lesions_USG-images_and_masks_ff3cb6cd1e2b44bc9e05aeb6e6d50a92.png,12884715558091702280,case166,images/ff3cb6cd1e2b44bc9e05aeb6e6d50a92.png,masks/BrEaST-Lesions_USG-images_and_masks_ff3cb6cd1e2b44bc9e05aeb6e6d50a92.png,data/raw/BrEaST-Lesions_USG-images_and_masks/case166.png,data/raw/BrEaST-Lesions_USG-images_and_masks/case166_tumor.png,512,512,,test
BrEaST-Lesions_USG-images_and_masks_267f6620fb9f4d48892729d0837c2ee8.png,7844160922687737567,case172,images/267f6620fb9f4d48892729d0837c2ee8.png,masks/BrEaST-Lesions_USG-images_and_masks_267f6620fb9f4d48892729d0837c2ee8.png,data/raw/BrEaST-Lesions_USG-images_and_masks/case172.png,data/raw/BrEaST-Lesions_USG-images_and_masks/case172_tumor.png,512,512,,train
BrEaST-Lesions_USG-images_and_masks_fdbc9578fc5d4aa58b7eca0483cf4309.png,14549982415631870954,case199,images/fdbc9578fc5d4aa58b7eca0483cf4309.png,masks/BrEaST-Lesions_USG-images_and_masks_fdbc9578fc5d4aa58b7eca0483cf4309.png,data/raw/BrEaST-Lesions_USG-images_and_masks/case199.png,data/raw/BrEaST-Lesions_USG-images_and_masks/case199_tumor.png,512,512,,train
BrEaST-Lesions_USG-images_and_masks_00f60d3585b240a58e4d805460674b3d.png,10134759328643631128,case056,images/00f60d3585b240a58e4d805460674b3d.png,masks/BrEaST-Lesions_USG-images_and_masks_00f60d3585b240a58e4d805460674b3d.png,data/raw/BrEaST-Lesions_USG-images_and_masks/case056.png,data/raw/BrEaST-Lesions_USG-images_and_masks/case056_tumor.png,512,512,,test
BrEaST-Lesions_USG-images_and_masks_2579b3e0ae9345c08dc361461d2940e0.png,5391858622742018930,case110,images/2579b3e0ae9345c08dc361461d2940e0.png,masks/BrEaST-Lesions_USG-images_and_masks_2579b3e0ae9345c08dc361461d2940e0.png,data/raw/BrEaST-Lesions_USG-images_and_masks/case110.png,data/raw/BrEaST-Lesions_USG-images_and_masks/case110_tumor.png,512,512,,test
BrEaST-Lesions_USG-images_and_masks_d54a490ade3749c3b49b85c3f1c795e4.png,11189600389167473892,case104,images/d54a490ade3749c3b49b85c3f1c795e4.png,masks/BrEaST-Lesions_USG-images_and_masks_d54a490ade3749c3b49b85c3f1c795e4.png,data/raw/BrEaST-Lesions_USG-images_and_masks/case104.png,data/raw/BrEaST-Lesions_USG-images_and_masks/case104_tumor.png,512,512,,test
BrEaST-Lesions_USG-images_and_masks_7c77bfbbcf1547188eb09a583381a43c.png,16538437100406871484,case012,images/7c77bfbbcf1547188eb09a583381a43c.png,masks/BrEaST-Lesions_USG-images_and_masks_7c77bfbbcf1547188eb09a583381a43c.png,data/raw/BrEaST-Lesions_USG-images_and_masks/case012.png,data/raw/BrEaST-Lesions_USG-images_and_masks/case012_tumor.png,512,512,,train
BrEaST-Lesions_USG-images_and_masks_4800f64aff50452a86f0a8b4d6ba2967.png,4050232626356518263,case042,images/4800f64aff50452a86f0a8b4d6ba2967.png,masks/BrEaST-Lesions_USG-images_and_masks_4800f64aff50452a86f0a8b4d6ba2967.png,data/raw/BrEaST-Lesions_USG-images_and_masks/case042.png,data/raw/BrEaST-Lesions_USG-images_and_masks/case042_tumor.png,512,512,,train
BrEaST-Lesions_USG-images_and_masks_d11b9bc188b64a17972c9148fd02039d.png,5398367666801642410,case006,images/d11b9bc188b64a17972c9148fd02039d.png,masks/BrEaST-Lesions_USG-images_and_masks_d11b9bc188b64a17972c9148fd02039d.png,data/raw/BrEaST-Lesions_USG-images_and_masks/case006.png,data/raw/BrEaST-Lesions_USG-images_and_masks/case006_tumor.png,512,512,,train
BrEaST-Lesions_USG-images_and_masks_8de358d83a904038ac0451158146ad36.png,5283695813310125337,case238,images/8de358d83a904038ac0451158146ad36.png,masks/BrEaST-Lesions_USG-images_and_masks_8de358d83a904038ac0451158146ad36.png,data/raw/BrEaST-Lesions_USG-images_and_masks/case238.png,data/raw/BrEaST-Lesions_USG-images_and_masks/case238_tumor.png,512,512,,test
BrEaST-Lesions_USG-images_and_masks_d940a47b164141cab42ea4e4d5e69500.png,6542409219863561687,case210,images/d940a47b164141cab42ea4e4d5e69500.png,masks/BrEaST-Lesions_USG-images_and_masks_d940a47b164141cab42ea4e4d5e69500.png,data/raw/BrEaST-Lesions_USG-images_and_masks/case210.png,data/raw/BrEaST-Lesions_USG-images_and_masks/case210_tumor.png,512,512,,train
BrEaST-Lesions_USG-images_and_masks_8af5b3f8b5e3490983441fc4d03d6634.png,12298113614818515494,case204,images/8af5b3f8b5e3490983441fc4d03d6634.png,masks/BrEaST-Lesions_USG-images_and_masks_8af5b3f8b5e3490983441fc4d03d6634.png,data/raw/BrEaST-Lesions_USG-images_and_masks/case204.png,data/raw/BrEaST-Lesions_USG-images_and_masks/case204_tumor.png,512,512,,train
BrEaST-Lesions_USG-images_and_masks_87417e38b08f40e28d6d999ae8241edf.png,16206463451107992804,case094,images/87417e38b08f40e28d6d999ae8241edf.png,masks/BrEaST-Lesions_USG-images_and_masks_87417e38b08f40e28d6d999ae8241edf.png,data/raw/BrEaST-Lesions_USG-images_and_masks/case094.png,data/raw/BrEaST-Lesions_USG-images_and_masks/case094_tumor.png,512,512,,train
BrEaST-Lesions_USG-images_and_masks_1e9aed02788948c7815da4185b8e9363.png,15954024016075383216,case228,images/1e9aed02788948c7815da4185b8e9363.png,masks/BrEaST-Lesions_USG-images_and_masks_1e9aed02788948c7815da4185b8e9363.png,data/raw/BrEaST-Lesions_USG-images_and_masks/case228.png,data/raw/BrEaST-Lesions_USG-images_and_masks/case228_tumor.png,512,512,,train
BrEaST-Lesions_USG-images_and_masks_d6495e81576a4a88bedce1a016bca108.png,5928360341714456270,case200,images/d6495e81576a4a88bedce1a016bca108.png,masks/BrEaST-Lesions_USG-images_and_masks_d6495e81576a4a88bedce1a016bca108.png,data/raw/BrEaST-Lesions_USG-images_and_masks/case200.png,data/raw/BrEaST-Lesions_USG-images_and_masks/case200_tumor.png,512,512,,train
BrEaST-Lesions_USG-images_and_masks_6ba3a40f8ad249c18b2798343f5f8ea1.png,6587195653281271985,case214,images/6ba3a40f8ad249c18b2798343f5f8ea1.png,masks/BrEaST-Lesions_USG-images_and_masks_6ba3a40f8ad249c18b2798343f5f8ea1.png,data/raw/BrEaST-Lesions_USG-images_and_masks/case214.png,data/raw/BrEaST-Lesions_USG-images_and_masks/case214_tumor.png,512,512,,train
BrEaST-Lesions_USG-images_and_masks_0adcac499e3046a6898f435dfd03e9f1.png,15554142620527646290,case161,images/0adcac499e3046a6898f435dfd03e9f1.png,masks/BrEaST-Lesions_USG-images_and_masks_0adcac499e3046a6898f435dfd03e9f1.png,data/raw/BrEaST-Lesions_USG-images_and_masks/case161.png,data/raw/BrEaST-Lesions_USG-images_and_masks/case161_tumor.png,512,512,,train
BrEaST-Lesions_USG-images_and_masks_386993ffca1a4cd985848c7eee1b2c84.png,7253792221443230089,case027,images/386993ffca1a4cd985848c7eee1b2c84.png,masks/BrEaST-Lesions_USG-images_and_masks_386993ffca1a4cd985848c7eee1b2c84.png,data/raw/BrEaST-Lesions_USG-images_and_masks/case027.png,data/raw/BrEaST-Lesions_USG-images_and_masks/case027_tumor.png,512,512,,train
BrEaST-Lesions_USG-images_and_masks_adc403b22161416bb57cbebb1c8f5dac.png,14820685744709196372,case002,images/adc403b22161416bb57cbebb1c8f5dac.png,masks/BrEaST-Lesions_USG-images_and_masks_adc403b22161416bb57cbebb1c8f5dac.png,data/raw/BrEaST-Lesions_USG-images_and_masks/case002.png,data/raw/BrEaST-Lesions_USG-images_and_masks/case002_tumor.png,512,512,,train
BrEaST-Lesions_USG-images_and_masks_1b252968f3874815a707431ea6ff87b0.png,8308115849602188440,case016,images/1b252968f3874815a707431ea6ff87b0.png,masks/BrEaST-Lesions_USG-images_and_masks_1b252968f3874815a707431ea6ff87b0.png,data/raw/BrEaST-Lesions_USG-images_and_masks/case016.png,data/raw/BrEaST-Lesions_USG-images_and_masks/case016_tumor.png,512,512,,train
BrEaST-Lesions_USG-images_and_masks_935d64a14405455ebe97fd37cc81b1f6.png,6443325422517967974,case189,images/935d64a14405455ebe97fd37cc81b1f6.png,masks/BrEaST-Lesions_USG-images_and_masks_935d64a14405455ebe97fd37cc81b1f6.png,data/raw/BrEaST-Lesions_USG-images_and_masks/case189.png,data/raw/BrEaST-Lesions_USG-images_and_masks/case189_tumor.png,512,512,,test
BrEaST-Lesions_USG-images_and_masks_a7dceff4918443cd9fcfa8dcdede92c0.png,13067798025116695458,case033,images/a7dceff4918443cd9fcfa8dcdede92c0.png,masks/BrEaST-Lesions_USG-images_and_masks_a7dceff4918443cd9fcfa8dcdede92c0.png,data/raw/BrEaST-Lesions_USG-images_and_masks/case033.png,data/raw/BrEaST-Lesions_USG-images_and_masks/case033_tumor.png,512,512,,train
BrEaST-Lesions_USG-images_and_masks_abbc0c04c81d4a579e94d035f293afa8.png,5644096163600637486,case176,images/abbc0c04c81d4a579e94d035f293afa8.png,masks/BrEaST-Lesions_USG-images_and_masks_abbc0c04c81d4a579e94d035f293afa8.png,data/raw/BrEaST-Lesions_USG-images_and_masks/case176.png,data/raw/BrEaST-Lesions_USG-images_and_masks/case176_tumor.png,512,512,,train
BrEaST-Lesions_USG-images_and_masks_dc7defdb806342a0a7d0ca960386c21d.png,15628300636885669616,case175,images/dc7defdb806342a0a7d0ca960386c21d.png,masks/BrEaST-Lesions_USG-images_and_masks_dc7defdb806342a0a7d0ca960386c21d.png,data/raw/BrEaST-Lesions_USG-images_and_masks/case175.png,data/raw/BrEaST-Lesions_USG-images_and_masks/case175_tumor.png,512,512,,train
BrEaST-Lesions_USG-images_and_masks_fd6584e89f944a2eb5acc7bb35029205.png,7621857271262092886,case162,images/fd6584e89f944a2eb5acc7bb35029205.png,masks/BrEaST-Lesions_USG-images_and_masks_fd6584e89f944a2eb5acc7bb35029205.png,data/raw/BrEaST-Lesions_USG-images_and_masks/case162.png,data/raw/BrEaST-Lesions_USG-images_and_masks/case162_tumor.png,512,512,,train
BrEaST-Lesions_USG-images_and_masks_644a90271bdc4bfbb7c378fba69b48a2.png,5318853584040826908,case080,images/644a90271bdc4bfbb7c378fba69b48a2.png,masks/BrEaST-Lesions_USG-images_and_masks_644a90271bdc4bfbb7c378fba69b48a2.png,data/raw/BrEaST-Lesions_USG-images_and_masks/case080.png,data/raw/BrEaST-Lesions_USG-images_and_masks/case080_tumor.png,512,512,,train
BrEaST-Lesions_USG-images_and_masks_5a36b08e8d23427f8301e2b4c16fd889.png,14889580562551694318,case049,images/5a36b08e8d23427f8301e2b4c16fd889.png,masks/BrEaST-Lesions_USG-images_and_masks_5a36b08e8d23427f8301e2b4c16fd889.png,data/raw/BrEaST-Lesions_USG-images_and_masks/case049.png,data/raw/BrEaST-Lesions_USG-images_and_masks/case049_tumor.png,512,512,,train
BrEaST-Lesions_USG-images_and_masks_e7debe7271fe4616b3f494dd0bd66a61.png,6590688850218902240,case224,images/e7debe7271fe4616b3f494dd0bd66a61.png,masks/BrEaST-Lesions_USG-images_and_masks_e7debe7271fe4616b3f494dd0bd66a61.png,data/raw/BrEaST-Lesions_USG-images_and_masks/case224.png,data/raw/BrEaST-Lesions_USG-images_and_masks/case224_tumor.png,512,512,,test
BrEaST-Lesions_USG-images_and_masks_16ab4bb0a7854a9e82fef365c740dc22.png,1934905915816447706,case154,images/16ab4bb0a7854a9e82fef365c740dc22.png,masks/BrEaST-Lesions_USG-images_and_masks_16ab4bb0a7854a9e82fef365c740dc22.png,data/raw/BrEaST-Lesions_USG-images_and_masks/case154.png,data/raw/BrEaST-Lesions_USG-images_and_masks/case154_tumor.png,512,512,,train
BrEaST-Lesions_USG-images_and_masks_5d08257cdbd14d1f90e8cb5503fd4718.png,11697155395026558734,case163,images/5d08257cdbd14d1f90e8cb5503fd4718.png,masks/BrEaST-Lesions_USG-images_and_masks_5d08257cdbd14d1f90e8cb5503fd4718.png,data/raw/BrEaST-Lesions_USG-images_and_masks/case163.png,data/raw/BrEaST-Lesions_USG-images_and_masks/case163_tumor.png,512,512,,test
BrEaST-Lesions_USG-images_and_masks_ad70390c6fcc4782a783abb2aeaf4af4.png,9968088256885913936,case177,images/ad70390c6fcc4782a783abb2aeaf4af4.png,masks/BrEaST-Lesions_USG-images_and_masks_ad70390c6fcc4782a783abb2aeaf4af4.png,data/raw/BrEaST-Lesions_USG-images_and_masks/case177.png,data/raw/BrEaST-Lesions_USG-images_and_masks/case177_tumor.png,512,512,,train
BrEaST-Lesions_USG-images_and_masks_4c397c9ba5da4e51a8c4da38a6e47614.png,5642546159207962566,case068,images/4c397c9ba5da4e51a8c4da38a6e47614.png,masks/BrEaST-Lesions_USG-images_and_masks_4c397c9ba5da4e51a8c4da38a6e47614.png,data/raw/BrEaST-Lesions_USG-images_and_masks/case068.png,data/raw/BrEaST-Lesions_USG-images_and_masks/case068_tumor.png,512,512,,train
BrEaST-Lesions_USG-images_and_masks_cb2032668d97446abb2df4a0bbc022a4.png,5857578190794020439,case188,images/cb2032668d97446abb2df4a0bbc022a4.png,masks/BrEaST-Lesions_USG-images_and_masks_cb2032668d97446abb2df4a0bbc022a4.png,data/raw/BrEaST-Lesions_USG-images_and_masks/case188.png,data/raw/BrEaST-Lesions_USG-images_and_masks/case188_tumor.png,512,512,,train
BrEaST-Lesions_USG-images_and_masks_e0195482b98d49e7930490d4a2ef212c.png,3941031518761707689,case017,images/e0195482b98d49e7930490d4a2ef212c.png,masks/BrEaST-Lesions_USG-images_and_masks_e0195482b98d49e7930490d4a2ef212c.png,data/raw/BrEaST-Lesions_USG-images_and_masks/case017.png,data/raw/BrEaST-Lesions_USG-images_and_masks/case017_tumor.png,512,512,,train
BrEaST-Lesions_USG-images_and_masks_b4cfc185b0a347aab86b4ea968a6a9fd.png,14580796094965532755,case003,images/b4cfc185b0a347aab86b4ea968a6a9fd.png,masks/BrEaST-Lesions_USG-images_and_masks_b4cfc185b0a347aab86b4ea968a6a9fd.png,data/raw/BrEaST-Lesions_USG-images_and_masks/case003.png,data/raw/BrEaST-Lesions_USG-images_and_masks/case003_tumor.png,512,512,,train
BrEaST-Lesions_USG-images_and_masks_ff4e61b58b39416589ed4aea2a32e62f.png,17363888830591058624,case215,images/ff4e61b58b39416589ed4aea2a32e62f.png,masks/BrEaST-Lesions_USG-images_and_masks_ff4e61b58b39416589ed4aea2a32e62f.png,data/raw/BrEaST-Lesions_USG-images_and_masks/case215.png,data/raw/BrEaST-Lesions_USG-images_and_masks/case215_tumor.png,512,512,,train
BrEaST-Lesions_USG-images_and_masks_1410222f49f84fffa69b2306f2270d36.png,3250590839554886539,case140,images/1410222f49f84fffa69b2306f2270d36.png,masks/BrEaST-Lesions_USG-images_and_masks_1410222f49f84fffa69b2306f2270d36.png,data/raw/BrEaST-Lesions_USG-images_and_masks/case140.png,data/raw/BrEaST-Lesions_USG-images_and_masks/case140_tumor.png,512,512,,train
BrEaST-Lesions_USG-images_and_masks_5e7aaee58b654990b2c5941815d85225.png,5942804199571236684,case201,images/5e7aaee58b654990b2c5941815d85225.png,masks/BrEaST-Lesions_USG-images_and_masks_5e7aaee58b654990b2c5941815d85225.png,data/raw/BrEaST-Lesions_USG-images_and_masks/case201.png,data/raw/BrEaST-Lesions_USG-images_and_masks/case201_tumor.png,512,512,,train
BrEaST-Lesions_USG-images_and_masks_2f77c6421ccf4e5b959765afe96ce545.png,14151335572227714670,case229,images/2f77c6421ccf4e5b959765afe96ce545.png,masks/BrEaST-Lesions_USG-images_and_masks_2f77c6421ccf4e5b959765afe96ce545.png,data/raw/BrEaST-Lesions_USG-images_and_masks/case229.png,data/raw/BrEaST-Lesions_USG-images_and_masks/case229_tumor.png,512,512,,train
BrEaST-Lesions_USG-images_and_masks_d092e33eab7e43afad82077dab9e56b5.png,6436024131510897304,case230,images/d092e33eab7e43afad82077dab9e56b5.png,masks/BrEaST-Lesions_USG-images_and_masks_d092e33eab7e43afad82077dab9e56b5.png,data/raw/BrEaST-Lesions_USG-images_and_masks/case230.png,data/raw/BrEaST-Lesions_USG-images_and_masks/case230_tumor.png,512,512,,train
BrEaST-Lesions_USG-images_and_masks_f869797bffa243f1a2aa0aff54bc0d59.png,17359314931676254416,case116,images/f869797bffa243f1a2aa0aff54bc0d59.png,masks/BrEaST-Lesions_USG-images_and_masks_f869797bffa243f1a2aa0aff54bc0d59.png,data/raw/BrEaST-Lesions_USG-images_and_masks/case116.png,data/raw/BrEaST-Lesions_USG-images_and_masks/case116_tumor.png,512,512,,train
BrEaST-Lesions_USG-images_and_masks_bc3d3b7b603f46debb489c291e05f40d.png,10012863468866241024,case050,images/bc3d3b7b603f46debb489c291e05f40d.png,masks/BrEaST-Lesions_USG-images_and_masks_bc3d3b7b603f46debb489c291e05f40d.png,data/raw/BrEaST-Lesions_USG-images_and_masks/case050.png,data/raw/BrEaST-Lesions_USG-images_and_masks/case050_tumor.png,512,512,,train
BrEaST-Lesions_USG-images_and_masks_5c045f4d7d2c4388a4fd695eb29b98a5.png,6150068005629611724,case099,images/5c045f4d7d2c4388a4fd695eb29b98a5.png,masks/BrEaST-Lesions_USG-images_and_masks_5c045f4d7d2c4388a4fd695eb29b98a5.png,data/raw/BrEaST-Lesions_USG-images_and_masks/case099.png,data/raw/BrEaST-Lesions_USG-images_and_masks/case099_tumor.png,512,512,,train
BrEaST-Lesions_USG-images_and_masks_4b013b3426fd481aadde124773ecaf78.png,3867619650235127320,case029,images/4b013b3426fd481aadde124773ecaf78.png,masks/BrEaST-Lesions_USG-images_and_masks_4b013b3426fd481aadde124773ecaf78.png,data/raw/BrEaST-Lesions_USG-images_and_masks/case029.png,data/raw/BrEaST-Lesions_USG-images_and_masks/case029_tumor.png,512,512,,train
BrEaST-Lesions_USG-images_and_masks_aa8022f4b18f49bab06c33e0a8650107.png,8154798388163438889,case015,images/aa8022f4b18f49bab06c33e0a8650107.png,masks/BrEaST-Lesions_USG-images_and_masks_aa8022f4b18f49bab06c33e0a8650107.png,data/raw/BrEaST-Lesions_USG-images_and_masks/case015.png,data/raw/BrEaST-Lesions_USG-images_and_masks/case015_tumor.png,512,512,,train
BrEaST-Lesions_USG-images_and_masks_099149f265444b6990d9b93ef2b232f8.png,7883034681229592134,case001,images/099149f265444b6990d9b93ef2b232f8.png,masks/BrEaST-Lesions_USG-images_and_masks_099149f265444b6990d9b93ef2b232f8.png,data/raw/BrEaST-Lesions_USG-images_and_masks/case001.png,data/raw/BrEaST-Lesions_USG-images_and_masks/case001_tumor.png,512,512,,train
BrEaST-Lesions_USG-images_and_masks_6df41ec1c22140cb806759eaaf0626fd.png,7051874711020293325,case178,images/6df41ec1c22140cb806759eaaf0626fd.png,masks/BrEaST-Lesions_USG-images_and_masks_6df41ec1c22140cb806759eaaf0626fd.png,data/raw/BrEaST-Lesions_USG-images_and_masks/case178.png,data/raw/BrEaST-Lesions_USG-images_and_masks/case178_tumor.png,512,512,,train
BrEaST-Lesions_USG-images_and_masks_0b93707f4263441f8388c708374f2112.png,5320204899557153048,case208,images/0b93707f4263441f8388c708374f2112.png,masks/BrEaST-Lesions_USG-images_and_masks_0b93707f4263441f8388c708374f2112.png,data/raw/BrEaST-Lesions_USG-images_and_masks/case208.png,data/raw/BrEaST-Lesions_USG-images_and_masks/case208_tumor.png,512,512,,train
BrEaST-Lesions_USG-images_and_masks_60d53e1bda2644ffb5eedb96c49ef71f.png,6765616988645461646,case149,images/60d53e1bda2644ffb5eedb96c49ef71f.png,masks/BrEaST-Lesions_USG-images_and_masks_60d53e1bda2644ffb5eedb96c49ef71f.png,data/raw/BrEaST-Lesions_USG-images_and_masks/case149.png,data/raw/BrEaST-Lesions_USG-images_and_masks/case149_tumor.png,512,512,,train
BrEaST-Lesions_USG-images_and_masks_c8686861ed8640ea951e03836999fb6c.png,14580097215598138968,case044,images/c8686861ed8640ea951e03836999fb6c.png,masks/BrEaST-Lesions_USG-images_and_masks_c8686861ed8640ea951e03836999fb6c.png,data/raw/BrEaST-Lesions_USG-images_and_masks/case044.png,data/raw/BrEaST-Lesions_USG-images_and_masks/case044_tumor.png,512,512,,train
BrEaST-Lesions_USG-images_and_masks_af7d8a94c8fa4566bc9f0a30029e874f.png,6146669777168944352,case102,images/af7d8a94c8fa4566bc9f0a30029e874f.png,masks/BrEaST-Lesions_USG-images_and_masks_af7d8a94c8fa4566bc9f0a30029e874f.png,data/raw/BrEaST-Lesions_USG-images_and_masks/case102.png,data/raw/BrEaST-Lesions_USG-images_and_masks/case102_tumor.png,512,512,,train
BrEaST-Lesions_USG-images_and_masks_f3b713c8d9f34081ba1523cfb1377d22.png,5821701686495139282,case190,images/f3b713c8d9f34081ba1523cfb1377d22.png,masks/BrEaST-Lesions_USG-images_and_masks_f3b713c8d9f34081ba1523cfb1377d22.png,data/raw/BrEaST-Lesions_USG-images_and_masks/case190.png,data/raw/BrEaST-Lesions_USG-images_and_masks/case190_tumor.png,512,512,,train
BrEaST-Lesions_USG-images_and_masks_f4503843dc334a9795f879c783f7b0d6.png,16781721372255251192,case253,images/f4503843dc334a9795f879c783f7b0d6.png,masks/BrEaST-Lesions_USG-images_and_masks_f4503843dc334a9795f879c783f7b0d6.png,data/raw/BrEaST-Lesions_USG-images_and_masks/case253.png,data/raw/BrEaST-Lesions_USG-images_and_masks/case253_tumor.png,512,512,,train
BrEaST-Lesions_USG-images_and_masks_deddebdba0e541c69f057f3b2c33bffe.png,17646463267793721592,case174,images/deddebdba0e541c69f057f3b2c33bffe.png,masks/BrEaST-Lesions_USG-images_and_masks_deddebdba0e541c69f057f3b2c33bffe.png,data/raw/BrEaST-Lesions_USG-images_and_masks/case174.png,data/raw/BrEaST-Lesions_USG-images_and_masks/case174_tumor.png,512,512,,train
BrEaST-Lesions_USG-images_and_masks_40b66f5aa2b84e96a5446df34aad9215.png,6148914692831848039,case160,images/40b66f5aa2b84e96a5446df34aad9215.png,masks/BrEaST-Lesions_USG-images_and_masks_40b66f5aa2b84e96a5446df34aad9215.png,data/raw/BrEaST-Lesions_USG-images_and_masks/case160.png,data/raw/BrEaST-Lesions_USG-images_and_masks/case160_tumor.png,512,512,,val
BrEaST-Lesions_USG-images_and_masks_daf51cb417be4ece8c46a0513aa25c32.png,5569384199532397511,case065,images/daf51cb417be4ece8c46a0513aa25c32.png,masks/BrEaST-Lesions_USG-images_and_masks_daf51cb417be4ece8c46a0513aa25c32.png,data/raw/BrEaST-Lesions_USG-images_and_masks/case065.png,data/raw/BrEaST-Lesions_USG-images_and_masks/case065_tumor.png,512,512,,train
BrEaST-Lesions_USG-images_and_masks_40eea1c577084ff38b057e3d7e516d93.png,2776656736472805569,case148,images/40eea1c577084ff38b057e3d7e516d93.png,masks/BrEaST-Lesions_USG-images_and_masks_40eea1c577084ff38b057e3d7e516d93.png,data/raw/BrEaST-Lesions_USG-images_and_masks/case148.png,data/raw/BrEaST-Lesions_USG-images_and_masks/case148_tumor.png,512,512,,train
BrEaST-Lesions_USG-images_and_masks_20c42b2c00b5459daf0c6ee2e67f964c.png,12200919145036524210,case123,images/20c42b2c00b5459daf0c6ee2e67f964c.png,masks/BrEaST-Lesions_USG-images_and_masks_20c42b2c00b5459daf0c6ee2e67f964c.png,data/raw/BrEaST-Lesions_USG-images_and_masks/case123.png,data/raw/BrEaST-Lesions_USG-images_and_masks/case123_tumor.png,512,512,,train
BrEaST-Lesions_USG-images_and_masks_215c47e7b30e4aa9a99050568efd69d6.png,6003657683919086551,case028,images/215c47e7b30e4aa9a99050568efd69d6.png,masks/BrEaST-Lesions_USG-images_and_masks_215c47e7b30e4aa9a99050568efd69d6.png,data/raw/BrEaST-Lesions_USG-images_and_masks/case028.png,data/raw/BrEaST-Lesions_USG-images_and_masks/case028_tumor.png,512,512,,train
BrEaST-Lesions_USG-images_and_masks_2a22415f9fde43078bbe1d31777f713a.png,13289080491045823821,case137,images/2a22415f9fde43078bbe1d31777f713a.png,masks/BrEaST-Lesions_USG-images_and_masks_2a22415f9fde43078bbe1d31777f713a.png,data/raw/BrEaST-Lesions_USG-images_and_masks/case137.png,data/raw/BrEaST-Lesions_USG-images_and_masks/case137_tumor.png,512,512,,train
BrEaST-Lesions_USG-images_and_masks_cb5d7025aa5d4bd0a650f983451b1c4f.png,6001423937937295175,case071,images/cb5d7025aa5d4bd0a650f983451b1c4f.png,masks/BrEaST-Lesions_USG-images_and_masks_cb5d7025aa5d4bd0a650f983451b1c4f.png,data/raw/BrEaST-Lesions_USG-images_and_masks/case071.png,data/raw/BrEaST-Lesions_USG-images_and_masks/case071_tumor.png,512,512,,train
BrEaST-Lesions_USG-images_and_masks_354af5f5f8e043b18eef75c17f6bc492.png,14540672177718973531,case247,images/354af5f5f8e043b18eef75c17f6bc492.png,masks/BrEaST-Lesions_USG-images_and_masks_354af5f5f8e043b18eef75c17f6bc492.png,data/raw/BrEaST-Lesions_USG-images_and_masks/case247.png,data/raw/BrEaST-Lesions_USG-images_and_masks/case247_tumor.png,512,512,,train
BrEaST-Lesions_USG-images_and_masks_282a7db58c6f49f5b0c12588e409ef16.png,5423916642060104144,case202,images/282a7db58c6f49f5b0c12588e409ef16.png,masks/BrEaST-Lesions_USG-images_and_masks_282a7db58c6f49f5b0c12588e409ef16.png,data/raw/BrEaST-Lesions_USG-images_and_masks/case202.png,data/raw/BrEaST-Lesions_USG-images_and_masks/case202_tumor.png,512,512,,train
BrEaST-Lesions_USG-images_and_masks_83c9ad5708b145bb88e46d86d00a8746.png,16784014935627196640,case216,images/83c9ad5708b145bb88e46d86d00a8746.png,masks/BrEaST-Lesions_USG-images_and_masks_83c9ad5708b145bb88e46d86d00a8746.png,data/raw/BrEaST-Lesions_USG-images_and_masks/case216.png,data/raw/BrEaST-Lesions_USG-images_and_masks/case216_tumor.png,512,512,,train
BrEaST-Lesions_USG-images_and_masks_4bb268d1dd824f908cc681bd67249eed.png,3269915236288556212,case184,images/4bb268d1dd824f908cc681bd67249eed.png,masks/BrEaST-Lesions_USG-images_and_masks_4bb268d1dd824f908cc681bd67249eed.png,data/raw/BrEaST-Lesions_USG-images_and_masks/case184.png,data/raw/BrEaST-Lesions_USG-images_and_masks/case184_tumor.png,512,512,,test
BrEaST-Lesions_USG-images_and_masks_b356f4fc1f4644548461e1f0792d4bd5.png,15800049838066007197,case147,images/b356f4fc1f4644548461e1f0792d4bd5.png,masks/BrEaST-Lesions_USG-images_and_masks_b356f4fc1f4644548461e1f0792d4bd5.png,data/raw/BrEaST-Lesions_USG-images_and_masks/case147.png,data/raw/BrEaST-Lesions_USG-images_and_masks/case147_tumor.png,512,512,,train
BrEaST-Lesions_USG-images_and_masks_7ac124c1c43948129835e3e8c91292fa.png,10743738735756532830,case237,images/7ac124c1c43948129835e3e8c91292fa.png,masks/BrEaST-Lesions_USG-images_and_masks_7ac124c1c43948129835e3e8c91292fa.png,data/raw/BrEaST-Lesions_USG-images_and_masks/case237.png,data/raw/BrEaST-Lesions_USG-images_and_masks/case237_tumor.png,512,512,,train
BrEaST-Lesions_USG-images_and_masks_3427457121fc4569a3c0ed8808f10b48.png,6761395450721217614,case098,images/3427457121fc4569a3c0ed8808f10b48.png,masks/BrEaST-Lesions_USG-images_and_masks_3427457121fc4569a3c0ed8808f10b48.png,data/raw/BrEaST-Lesions_USG-images_and_masks/case098.png,data/raw/BrEaST-Lesions_USG-images_and_masks/case098_tumor.png,512,512,,train
BrEaST-Lesions_USG-images_and_masks_a2e718c1a6df478bb57021df080ac01c.png,8597592364414146068,case073,images/a2e718c1a6df478bb57021df080ac01c.png,masks/BrEaST-Lesions_USG-images_and_masks_a2e718c1a6df478bb57021df080ac01c.png,data/raw/BrEaST-Lesions_USG-images_and_masks/case073.png,data/raw/BrEaST-Lesions_USG-images_and_masks/case073_tumor.png,512,512,,train
BrEaST-Lesions_USG-images_and_masks_b9ed1c6315d84991829ef70b3c4a0412.png,5784139627482470512,case067,images/b9ed1c6315d84991829ef70b3c4a0412.png,masks/BrEaST-Lesions_USG-images_and_masks_b9ed1c6315d84991829ef70b3c4a0412.png,data/raw/BrEaST-Lesions_USG-images_and_masks/case067.png,data/raw/BrEaST-Lesions_USG-images_and_masks/case067_tumor.png,512,512,,val
BrEaST-Lesions_USG-images_and_masks_07fe256c15304132949595e2fccbf81c.png,16454998046854149875,case107,images/07fe256c15304132949595e2fccbf81c.png,masks/BrEaST-Lesions_USG-images_and_masks_07fe256c15304132949595e2fccbf81c.png,data/raw/BrEaST-Lesions_USG-images_and_masks/case107.png,data/raw/BrEaST-Lesions_USG-images_and_masks/case107_tumor.png,512,512,,train
BrEaST-Lesions_USG-images_and_masks_1f9861948e6940ab8b2d13570708f6ec.png,16494619094430303968,case129,images/1f9861948e6940ab8b2d13570708f6ec.png,masks/BrEaST-Lesions_USG-images_and_masks_1f9861948e6940ab8b2d13570708f6ec.png,data/raw/BrEaST-Lesions_USG-images_and_masks/case129.png,data/raw/BrEaST-Lesions_USG-images_and_masks/case129_tumor.png,512,512,,train
BrEaST-Lesions_USG-images_and_masks_962f8e1d00af44c58c8433c8fdce20aa.png,4102364259572188493,case113,images/962f8e1d00af44c58c8433c8fdce20aa.png,masks/BrEaST-Lesions_USG-images_and_masks_962f8e1d00af44c58c8433c8fdce20aa.png,data/raw/BrEaST-Lesions_USG-images_and_masks/case113.png,data/raw/BrEaST-Lesions_USG-images_and_masks/case113_tumor.png,512,512,,train
BrEaST-Lesions_USG-images_and_masks_8944cb4215174ffe84c42782f2704f15.png,10614080452910483204,case223,images/8944cb4215174ffe84c42782f2704f15.png,masks/BrEaST-Lesions_USG-images_and_masks_8944cb4215174ffe84c42782f2704f15.png,data/raw/BrEaST-Lesions_USG-images_and_masks/case223.png,data/raw/BrEaST-Lesions_USG-images_and_masks/case223_tumor.png,512,512,,test
BrEaST-Lesions_USG-images_and_masks_92fdd9469fbc4282946338c68ade2ad1.png,7147964694801986740,case153,images/92fdd9469fbc4282946338c68ade2ad1.png,masks/BrEaST-Lesions_USG-images_and_masks_92fdd9469fbc4282946338c68ade2ad1.png,data/raw/BrEaST-Lesions_USG-images_and_masks/case153.png,data/raw/BrEaST-Lesions_USG-images_and_masks/case153_tumor.png,512,512,,train
BrEaST-Lesions_USG-images_and_masks_c5446c7f6f3d484eb39805133e10c9af.png,5931925077456350404,case108,images/c5446c7f6f3d484eb39805133e10c9af.png,masks/BrEaST-Lesions_USG-images_and_masks_c5446c7f6f3d484eb39805133e10c9af.png,data/raw/BrEaST-Lesions_USG-images_and_masks/case108.png,data/raw/BrEaST-Lesions_USG-images_and_masks/case108_tumor.png,512,512,,train
BrEaST-Lesions_USG-images_and_masks_7f8d1c066ef74349a9eeb4d764f5d62d.png,11985938627915451018,case087,images/7f8d1c066ef74349a9eeb4d764f5d62d.png,masks/BrEaST-Lesions_USG-images_and_masks_7f8d1c066ef74349a9eeb4d764f5d62d.png,data/raw/BrEaST-Lesions_USG-images_and_masks/case087.png,data/raw/BrEaST-Lesions_USG-images_and_masks/case087_tumor.png,512,512,,train
BrEaST-Lesions_USG-images_and_masks_2d7b3039872c4c98b962fb6ecb683b88.png,16496954423840525032,case112,images/2d7b3039872c4c98b962fb6ecb683b88.png,masks/BrEaST-Lesions_USG-images_and_masks_2d7b3039872c4c98b962fb6ecb683b88.png,data/raw/BrEaST-Lesions_USG-images_and_masks/case112.png,data/raw/BrEaST-Lesions_USG-images_and_masks/case112_tumor.png,512,512,,train
BrEaST-Lesions_USG-images_and_masks_dd9872a58a37472487a24a71c84d13f7.png,16779528876808747256,case106,images/dd9872a58a37472487a24a71c84d13f7.png,masks/BrEaST-Lesions_USG-images_and_masks_dd9872a58a37472487a24a71c84d13f7.png,data/raw/BrEaST-Lesions_USG-images_and_masks/case106.png,data/raw/BrEaST-Lesions_USG-images_and_masks/case106_tumor.png,512,512,,train
BrEaST-Lesions_USG-images_and_masks_59c3499311e1420b89452d0047f1617c.png,7072279355967720652,case034,images/59c3499311e1420b89452d0047f1617c.png,masks/BrEaST-Lesions_USG-images_and_masks_59c3499311e1420b89452d0047f1617c.png,data/raw/BrEaST-Lesions_USG-images_and_masks/case034.png,data/raw/BrEaST-Lesions_USG-images_and_masks/case034_tumor.png,512,512,,train
BrEaST-Lesions_USG-images_and_masks_0cd1909488384f0b887ab0f85ef27d75.png,10857275232885705932,case066,images/0cd1909488384f0b887ab0f85ef27d75.png,masks/BrEaST-Lesions_USG-images_and_masks_0cd1909488384f0b887ab0f85ef27d75.png,data/raw/BrEaST-Lesions_USG-images_and_masks/case066.png,data/raw/BrEaST-Lesions_USG-images_and_masks/case066_tumor.png,512,512,,train
BrEaST-Lesions_USG-images_and_masks_a2359adf0b3749299a714ddbffccb73a.png,5932742357768837400,case020,images/a2359adf0b3749299a714ddbffccb73a.png,masks/BrEaST-Lesions_USG-images_and_masks_a2359adf0b3749299a714ddbffccb73a.png,data/raw/BrEaST-Lesions_USG-images_and_masks/case020.png,data/raw/BrEaST-Lesions_USG-images_and_masks/case020_tumor.png,512,512,,val
BrEaST-Lesions_USG-images_and_masks_bd905317d68b4d119893b4650c4d8c9f.png,3815004719556088982,case072,images/bd905317d68b4d119893b4650c4d8c9f.png,masks/BrEaST-Lesions_USG-images_and_masks_bd905317d68b4d119893b4650c4d8c9f.png,data/raw/BrEaST-Lesions_USG-images_and_masks/case072.png,data/raw/BrEaST-Lesions_USG-images_and_masks/case072_tumor.png,512,512,,train
BrEaST-Lesions_USG-images_and_masks_ea31f156be5044b9a6e0400e90e737c0.png,8885999290361207128,case093,images/ea31f156be5044b9a6e0400e90e737c0.png,masks/BrEaST-Lesions_USG-images_and_masks_ea31f156be5044b9a6e0400e90e737c0.png,data/raw/BrEaST-Lesions_USG-images_and_masks/case093.png,data/raw/BrEaST-Lesions_USG-images_and_masks/case093_tumor.png,512,512,,train
BrEaST-Lesions_USG-images_and_masks_1f0c0458f8be438e89843665f03ce01e.png,14596811098946876786,case183,images/1f0c0458f8be438e89843665f03ce01e.png,masks/BrEaST-Lesions_USG-images_and_masks_1f0c0458f8be438e89843665f03ce01e.png,data/raw/BrEaST-Lesions_USG-images_and_masks/case183.png,data/raw/BrEaST-Lesions_USG-images_and_masks/case183_tumor.png,512,512,,train
BrEaST-Lesions_USG-images_and_masks_4706cb86fce443cfb5669ae35b58a279.png,6011226406374899033,case064,images/4706cb86fce443cfb5669ae35b58a279.png,masks/BrEaST-Lesions_USG-images_and_masks_4706cb86fce443cfb5669ae35b58a279.png,data/raw/BrEaST-Lesions_USG-images_and_masks/case064.png,data/raw/BrEaST-Lesions_USG-images_and_masks/case064_tumor.png,512,512,,train
BrEaST-Lesions_USG-images_and_masks_a63acb0057e547fe85febc019af1023d.png,5356303726604621716,case130,images/a63acb0057e547fe85febc019af1023d.png,masks/BrEaST-Lesions_USG-images_and_masks_a63acb0057e547fe85febc019af1023d.png,data/raw/BrEaST-Lesions_USG-images_and_masks/case130.png,data/raw/BrEaST-Lesions_USG-images_and_masks/case130_tumor.png,512,512,,train
BrEaST-Lesions_USG-images_and_masks_b4debb22ec96482094a8220d48920718.png,6506481339939441740,case070,images/b4debb22ec96482094a8220d48920718.png,masks/BrEaST-Lesions_USG-images_and_masks_b4debb22ec96482094a8220d48920718.png,data/raw/BrEaST-Lesions_USG-images_and_masks/case070.png,data/raw/BrEaST-Lesions_USG-images_and_masks/case070_tumor.png,512,512,,train
BrEaST-Lesions_USG-images_and_masks_ab79a538ff4143dc9878ec52762b88f1.png,10657148582474808314,case058,images/ab79a538ff4143dc9878ec52762b88f1.png,masks/BrEaST-Lesions_USG-images_and_masks_ab79a538ff4143dc9878ec52762b88f1.png,data/raw/BrEaST-Lesions_USG-images_and_masks/case058.png,data/raw/BrEaST-Lesions_USG-images_and_masks/case058_tumor.png,512,512,,test
BrEaST-Lesions_USG-images_and_masks_90be31d3bade4504a5a6eebf4166d903.png,6077156302272098424,case076,images/90be31d3bade4504a5a6eebf4166d903.png,masks/BrEaST-Lesions_USG-images_and_masks_90be31d3bade4504a5a6eebf4166d903.png,data/raw/BrEaST-Lesions_USG-images_and_masks/case076.png,data/raw/BrEaST-Lesions_USG-images_and_masks/case076_tumor.png,512,512,,train
BrEaST-Lesions_USG-images_and_masks_989084a489cf435ea492241f30ea4e9e.png,5878802436869220135,case240,images/989084a489cf435ea492241f30ea4e9e.png,masks/BrEaST-Lesions_USG-images_and_masks_989084a489cf435ea492241f30ea4e9e.png,data/raw/BrEaST-Lesions_USG-images_and_masks/case240.png,data/raw/BrEaST-Lesions_USG-images_and_masks/case240_tumor.png,512,512,,train
BrEaST-Lesions_USG-images_and_masks_25e7658a2e5c4c4bbfc1946c0811256f.png,7739799256603258478,case254,images/25e7658a2e5c4c4bbfc1946c0811256f.png,masks/BrEaST-Lesions_USG-images_and_masks_25e7658a2e5c4c4bbfc1946c0811256f.png,data/raw/BrEaST-Lesions_USG-images_and_masks/case254.png,data/raw/BrEaST-Lesions_USG-images_and_masks/case254_tumor.png,512,512,,train
BrEaST-Lesions_USG-images_and_masks_1545e5e3fed442578a92deffc2f949eb.png,11589077718687601904,case062,images/1545e5e3fed442578a92deffc2f949eb.png,masks/BrEaST-Lesions_USG-images_and_masks_1545e5e3fed442578a92deffc2f949eb.png,data/raw/BrEaST-Lesions_USG-images_and_masks/case062.png,data/raw/BrEaST-Lesions_USG-images_and_masks/case062_tumor.png,512,512,,val
BrEaST-Lesions_USG-images_and_masks_bede24bc0d6e46bc9efd2bb7168d16dc.png,15171871188836272460,case124,images/bede24bc0d6e46bc9efd2bb7168d16dc.png,masks/BrEaST-Lesions_USG-images_and_masks_bede24bc0d6e46bc9efd2bb7168d16dc.png,data/raw/BrEaST-Lesions_USG-images_and_masks/case124.png,data/raw/BrEaST-Lesions_USG-images_and_masks/case124_tumor.png,512,512,,train
BrEaST-Lesions_USG-images_and_masks_dc90e53243ce414da31878e3660fc0c0.png,16975663132891262381,case138,images/dc90e53243ce414da31878e3660fc0c0.png,masks/BrEaST-Lesions_USG-images_and_masks_dc90e53243ce414da31878e3660fc0c0.png,data/raw/BrEaST-Lesions_USG-images_and_masks/case138.png,data/raw/BrEaST-Lesions_USG-images_and_masks/case138_tumor.png,512,512,,train
BrEaST-Lesions_USG-images_and_masks_d01883b06b294e31ab29507f6a25ac8f.png,7286046734535685348,case197,images/d01883b06b294e31ab29507f6a25ac8f.png,masks/BrEaST-Lesions_USG-images_and_masks_d01883b06b294e31ab29507f6a25ac8f.png,data/raw/BrEaST-Lesions_USG-images_and_masks/case197.png,data/raw/BrEaST-Lesions_USG-images_and_masks/case197_tumor.png,512,512,,train
BrEaST-Lesions_USG-images_and_masks_e0e90d4dc76d4704ad54e38b4db89b2e.png,9833765059540767382,case018,images/e0e90d4dc76d4704ad54e38b4db89b2e.png,masks/BrEaST-Lesions_USG-images_and_masks_e0e90d4dc76d4704ad54e38b4db89b2e.png,data/raw/BrEaST-Lesions_USG-images_and_masks/case018.png,data/raw/BrEaST-Lesions_USG-images_and_masks/case018_tumor.png,512,512,,train
BrEaST-Lesions_USG-images_and_masks_0c25e24133ba47979b943ae5a52d175b.png,5351783041412520563,case043,images/0c25e24133ba47979b943ae5a52d175b.png,masks/BrEaST-Lesions_USG-images_and_masks_0c25e24133ba47979b943ae5a52d175b.png,data/raw/BrEaST-Lesions_USG-images_and_masks/case043.png,data/raw/BrEaST-Lesions_USG-images_and_masks/case043_tumor.png,512,512,,train
BrEaST-Lesions_USG-images_and_masks_9612fac40ee64beb8e416ca7262017df.png,17941433382858397944,case105,images/9612fac40ee64beb8e416ca7262017df.png,masks/BrEaST-Lesions_USG-images_and_masks_9612fac40ee64beb8e416ca7262017df.png,data/raw/BrEaST-Lesions_USG-images_and_masks/case105.png,data/raw/BrEaST-Lesions_USG-images_and_masks/case105_tumor.png,512,512,,train
BrEaST-Lesions_USG-images_and_masks_5889ace6baa84c03a3b74d2f83c6461e.png,14229914443229282773,case139,images/5889ace6baa84c03a3b74d2f83c6461e.png,masks/BrEaST-Lesions_USG-images_and_masks_5889ace6baa84c03a3b74d2f83c6461e.png,data/raw/BrEaST-Lesions_USG-images_and_masks/case139.png,data/raw/BrEaST-Lesions_USG-images_and_masks/case139_tumor.png,512,512,,train
BrEaST-Lesions_USG-images_and_masks_b03f8ca57b9644deb3d73d072b3ee60f.png,12852127429339715993,case111,images/b03f8ca57b9644deb3d73d072b3ee60f.png,masks/BrEaST-Lesions_USG-images_and_masks_b03f8ca57b9644deb3d73d072b3ee60f.png,data/raw/BrEaST-Lesions_USG-images_and_masks/case111.png,data/raw/BrEaST-Lesions_USG-images_and_masks/case111_tumor.png,512,512,,train
BrEaST-Lesions_USG-images_and_masks_d323f0219d9c452695fe50afec38dafe.png,6229561704301878090,case059,images/d323f0219d9c452695fe50afec38dafe.png,masks/BrEaST-Lesions_USG-images_and_masks_d323f0219d9c452695fe50afec38dafe.png,data/raw/BrEaST-Lesions_USG-images_and_masks/case059.png,data/raw/BrEaST-Lesions_USG-images_and_masks/case059_tumor.png,512,512,,train
BrEaST-Lesions_USG-images_and_masks_ace5dacf3b9b4ab1b577fe859ed5d5df.png,5880939871934111792,case057,images/ace5dacf3b9b4ab1b577fe859ed5d5df.png,masks/BrEaST-Lesions_USG-images_and_masks_ace5dacf3b9b4ab1b577fe859ed5d5df.png,data/raw/BrEaST-Lesions_USG-images_and_masks/case057.png,data/raw/BrEaST-Lesions_USG-images_and_masks/case057_tumor.png,512,512,,val
BrEaST-Lesions_USG-images_and_masks_8f5fa379fd6e48b98360c34b8ea6b55c.png,1609522729758189418,case032,images/8f5fa379fd6e48b98360c34b8ea6b55c.png,masks/BrEaST-Lesions_USG-images_and_masks_8f5fa379fd6e48b98360c34b8ea6b55c.png,data/raw/BrEaST-Lesions_USG-images_and_masks/case032.png,data/raw/BrEaST-Lesions_USG-images_and_masks/case032_tumor.png,512,512,,test
BrEaST-Lesions_USG-images_and_masks_0d8316d73e574c259f21b0cb62b35e26.png,1611128438340348608,case081,images/0d8316d73e574c259f21b0cb62b35e26.png,masks/BrEaST-Lesions_USG-images_and_masks_0d8316d73e574c259f21b0cb62b35e26.png,data/raw/BrEaST-Lesions_USG-images_and_masks/case081.png,data/raw/BrEaST-Lesions_USG-images_and_masks/case081_tumor.png,512,512,,val
BrEaST-Lesions_USG-images_and_masks_8ce3e1480613457aba3996794c6ee160.png,15660500849897069917,case048,images/8ce3e1480613457aba3996794c6ee160.png,masks/BrEaST-Lesions_USG-images_and_masks_8ce3e1480613457aba3996794c6ee160.png,data/raw/BrEaST-Lesions_USG-images_and_masks/case048.png,data/raw/BrEaST-Lesions_USG-images_and_masks/case048_tumor.png,512,512,,train
BrEaST-Lesions_USG-images_and_masks_77520e9c777a4f95b79abdf95085773d.png,3183667545455239625,case075,images/77520e9c777a4f95b79abdf95085773d.png,masks/BrEaST-Lesions_USG-images_and_masks_77520e9c777a4f95b79abdf95085773d.png,data/raw/BrEaST-Lesions_USG-images_and_masks/case075.png,data/raw/BrEaST-Lesions_USG-images_and_masks/case075_tumor.png,512,512,,train
BrEaST-Lesions_USG-images_and_masks_19404631d5c44e73b8178d5468af4816.png,17647615366867342032,case095,images/19404631d5c44e73b8178d5468af4816.png,masks/BrEaST-Lesions_USG-images_and_masks_19404631d5c44e73b8178d5468af4816.png,data/raw/BrEaST-Lesions_USG-images_and_masks/case095.png,data/raw/BrEaST-Lesions_USG-images_and_masks/case095_tumor.png,512,512,,val
BrEaST-Lesions_USG-images_and_masks_3fa69623acd8446382a4ba5990d5c8f4.png,10756059818986819087,case115,images/3fa69623acd8446382a4ba5990d5c8f4.png,masks/BrEaST-Lesions_USG-images_and_masks_3fa69623acd8446382a4ba5990d5c8f4.png,data/raw/BrEaST-Lesions_USG-images_and_masks/case115.png,data/raw/BrEaST-Lesions_USG-images_and_masks/case115_tumor.png,512,512,,val
BrEaST-Lesions_USG-images_and_masks_69bf246a870340d0b27de5bd165b1bee.png,16785174035962841840,case101,images/69bf246a870340d0b27de5bd165b1bee.png,masks/BrEaST-Lesions_USG-images_and_masks_69bf246a870340d0b27de5bd165b1bee.png,data/raw/BrEaST-Lesions_USG-images_and_masks/case101.png,data/raw/BrEaST-Lesions_USG-images_and_masks/case101_tumor.png,512,512,,test
BrEaST-Lesions_USG-images_and_masks_790c7902887642acbc2af7801363e50d.png,6217868454548428613,case026,images/790c7902887642acbc2af7801363e50d.png,masks/BrEaST-Lesions_USG-images_and_masks_790c7902887642acbc2af7801363e50d.png,data/raw/BrEaST-Lesions_USG-images_and_masks/case026.png,data/raw/BrEaST-Lesions_USG-images_and_masks/case026_tumor.png,512,512,,train
BrEaST-Lesions_USG-images_and_masks_ac770e840a474968ad43832055dfc077.png,17361632375167699176,case100,images/ac770e840a474968ad43832055dfc077.png,masks/BrEaST-Lesions_USG-images_and_masks_ac770e840a474968ad43832055dfc077.png,data/raw/BrEaST-Lesions_USG-images_and_masks/case100.png,data/raw/BrEaST-Lesions_USG-images_and_masks/case100_tumor.png,512,512,,train
BrEaST-Lesions_USG-images_and_masks_a3f96a2604d54f889325df42fe0b8335.png,5933133697497329764,case231,images/a3f96a2604d54f889325df42fe0b8335.png,masks/BrEaST-Lesions_USG-images_and_masks_a3f96a2604d54f889325df42fe0b8335.png,data/raw/BrEaST-Lesions_USG-images_and_masks/case231.png,data/raw/BrEaST-Lesions_USG-images_and_masks/case231_tumor.png,512,512,,train
BrEaST-Lesions_USG-images_and_masks_ad4c27377ee842dcae4ec064107c02bb.png,4961878728525961851,case114,images/ad4c27377ee842dcae4ec064107c02bb.png,masks/BrEaST-Lesions_USG-images_and_masks_ad4c27377ee842dcae4ec064107c02bb.png,data/raw/BrEaST-Lesions_USG-images_and_masks/case114.png,data/raw/BrEaST-Lesions_USG-images_and_masks/case114_tumor.png,512,512,,train
BrEaST-Lesions_USG-images_and_masks_1bd4ee34b00f40c589da174a46795eb5.png,13070931862293448583,case141,images/1bd4ee34b00f40c589da174a46795eb5.png,masks/BrEaST-Lesions_USG-images_and_masks_1bd4ee34b00f40c589da174a46795eb5.png,data/raw/BrEaST-Lesions_USG-images_and_masks/case141.png,data/raw/BrEaST-Lesions_USG-images_and_masks/case141_tumor.png,512,512,,train
BrEaST-Lesions_USG-images_and_masks_c75d7a447ecd4ea087d2f33ed812d4e2.png,5347381937223534877,case074,images/c75d7a447ecd4ea087d2f33ed812d4e2.png,masks/BrEaST-Lesions_USG-images_and_masks_c75d7a447ecd4ea087d2f33ed812d4e2.png,data/raw/BrEaST-Lesions_USG-images_and_masks/case074.png,data/raw/BrEaST-Lesions_USG-images_and_masks/case074_tumor.png,512,512,,train
BrEaST-Lesions_USG-images_and_masks_aaa58e68e8174ee7a283f25906002962.png,7082557380758424941,case060,images/aaa58e68e8174ee7a283f25906002962.png,masks/BrEaST-Lesions_USG-images_and_masks_aaa58e68e8174ee7a283f25906002962.png,data/raw/BrEaST-Lesions_USG-images_and_masks/case060.png,data/raw/BrEaST-Lesions_USG-images_and_masks/case060_tumor.png,512,512,,train
BrEaST-Lesions_USG-images_and_masks_9f14e762234e46ffb658bdb7e1148282.png,7215514657212547778,case155,images/9f14e762234e46ffb658bdb7e1148282.png,masks/BrEaST-Lesions_USG-images_and_masks_9f14e762234e46ffb658bdb7e1148282.png,data/raw/BrEaST-Lesions_USG-images_and_masks/case155.png,data/raw/BrEaST-Lesions_USG-images_and_masks/case155_tumor.png,512,512,,train
BrEaST-Lesions_USG-images_and_masks_0855733c121f43379f0362fecb07ff39.png,16786266890156946672,case225,images/0855733c121f43379f0362fecb07ff39.png,masks/BrEaST-Lesions_USG-images_and_masks_0855733c121f43379f0362fecb07ff39.png,data/raw/BrEaST-Lesions_USG-images_and_masks/case225.png,data/raw/BrEaST-Lesions_USG-images_and_masks/case225_tumor.png,512,512,,train
BrEaST-Lesions_USG-images_and_masks_653da62e4ebc496eabe00a4713d5bb85.png,7240315604279134350,case069,images/653da62e4ebc496eabe00a4713d5bb85.png,masks/BrEaST-Lesions_USG-images_and_masks_653da62e4ebc496eabe00a4713d5bb85.png,data/raw/BrEaST-Lesions_USG-images_and_masks/case069.png,data/raw/BrEaST-Lesions_USG-images_and_masks/case069_tumor.png,512,512,,train
BrEaST-Lesions_USG-images_and_masks_c71101bab5994d3f8d1d32f55af895e7.png,5428360017244210846,case179,images/c71101bab5994d3f8d1d32f55af895e7.png,masks/BrEaST-Lesions_USG-images_and_masks_c71101bab5994d3f8d1d32f55af895e7.png,data/raw/BrEaST-Lesions_USG-images_and_masks/case179.png,data/raw/BrEaST-Lesions_USG-images_and_masks/case179_tumor.png,512,512,,train
BrEaST-Lesions_USG-images_and_masks_8ace7220bdfa4ac1ab6adc7cd8938946.png,7554317931448325204,case248,images/8ace7220bdfa4ac1ab6adc7cd8938946.png,masks/BrEaST-Lesions_USG-images_and_masks_8ace7220bdfa4ac1ab6adc7cd8938946.png,data/raw/BrEaST-Lesions_USG-images_and_masks/case248.png,data/raw/BrEaST-Lesions_USG-images_and_masks/case248_tumor.png,512,512,,train
BrEaST-Lesions_USG-images_and_masks_f1ef50e51e0443179c21b44742351042.png,15909752722900437192,case089,images/f1ef50e51e0443179c21b44742351042.png,masks/BrEaST-Lesions_USG-images_and_masks_f1ef50e51e0443179c21b44742351042.png,data/raw/BrEaST-Lesions_USG-images_and_masks/case089.png,data/raw/BrEaST-Lesions_USG-images_and_masks/case089_tumor.png,512,512,,train
BrEaST-Lesions_USG-images_and_masks_7dde211fe48241bca5a7d6f43d4670a4.png,16780645980689964796,case103,images/7dde211fe48241bca5a7d6f43d4670a4.png,masks/BrEaST-Lesions_USG-images_and_masks_7dde211fe48241bca5a7d6f43d4670a4.png,data/raw/BrEaST-Lesions_USG-images_and_masks/case103.png,data/raw/BrEaST-Lesions_USG-images_and_masks/case103_tumor.png,512,512,,test
BrEaST-Lesions_USG-images_and_masks_d3bf99e6a7284c72bdb16cb08bbbcfc5.png,6508314120200360883,case051,images/d3bf99e6a7284c72bdb16cb08bbbcfc5.png,masks/BrEaST-Lesions_USG-images_and_masks_d3bf99e6a7284c72bdb16cb08bbbcfc5.png,data/raw/BrEaST-Lesions_USG-images_and_masks/case051.png,data/raw/BrEaST-Lesions_USG-images_and_masks/case051_tumor.png,512,512,,train
BrEaST-Lesions_USG-images_and_masks_0457960d25e344d9982bb2b4a2d873d2.png,5572589310102070757,case117,images/0457960d25e344d9982bb2b4a2d873d2.png,masks/BrEaST-Lesions_USG-images_and_masks_0457960d25e344d9982bb2b4a2d873d2.png,data/raw/BrEaST-Lesions_USG-images_and_masks/case117.png,data/raw/BrEaST-Lesions_USG-images_and_masks/case117_tumor.png,512,512,,val
BrEaST-Lesions_USG-images_and_masks_b4211debe66a426491d7a5915bf39626.png,10901918607315719447,case246,images/b4211debe66a426491d7a5915bf39626.png,masks/BrEaST-Lesions_USG-images_and_masks_b4211debe66a426491d7a5915bf39626.png,data/raw/BrEaST-Lesions_USG-images_and_masks/case246.png,data/raw/BrEaST-Lesions_USG-images_and_masks/case246_tumor.png,512,512,,train
BrEaST-Lesions_USG-images_and_masks_8007106a6aa7429db1fbf4bdb9b36577.png,3218861428992191128,case136,images/8007106a6aa7429db1fbf4bdb9b36577.png,masks/BrEaST-Lesions_USG-images_and_masks_8007106a6aa7429db1fbf4bdb9b36577.png,data/raw/BrEaST-Lesions_USG-images_and_masks/case136.png,data/raw/BrEaST-Lesions_USG-images_and_masks/case136_tumor.png,512,512,,train
BrEaST-Lesions_USG-images_and_masks_1ac6e132522b4e8fa830766f2d14b1a1.png,16730676290816849944,case185,images/1ac6e132522b4e8fa830766f2d14b1a1.png,masks/BrEaST-Lesions_USG-images_and_masks_1ac6e132522b4e8fa830766f2d14b1a1.png,data/raw/BrEaST-Lesions_USG-images_and_masks/case185.png,data/raw/BrEaST-Lesions_USG-images_and_masks/case185_tumor.png,512,512,,train
BrEaST-Lesions_USG-images_and_masks_afbf8bf8bb4547cbbbdb40d0e2ab8b62.png,3185428829449397902,case191,images/afbf8bf8bb4547cbbbdb40d0e2ab8b62.png,masks/BrEaST-Lesions_USG-images_and_masks_afbf8bf8bb4547cbbbdb40d0e2ab8b62.png,data/raw/BrEaST-Lesions_USG-images_and_masks/case191.png,data/raw/BrEaST-Lesions_USG-images_and_masks/case191_tumor.png,512,512,,train
BrEaST-Lesions_USG-images_and_masks_2d2e28b495ed4ea793ebfd6635b0e36a.png,4996827119893556169,case088,images/2d2e28b495ed4ea793ebfd6635b0e36a.png,masks/BrEaST-Lesions_USG-images_and_masks_2d2e28b495ed4ea793ebfd6635b0e36a.png,data/raw/BrEaST-Lesions_USG-images_and_masks/case088.png,data/raw/BrEaST-Lesions_USG-images_and_masks/case088_tumor.png,512,512,,val
BrEaST-Lesions_USG-images_and_masks_6f49a0581d7d49e1aa49110a3114a88c.png,7733327461029408334,case122,images/6f49a0581d7d49e1aa49110a3114a88c.png,masks/BrEaST-Lesions_USG-images_and_masks_6f49a0581d7d49e1aa49110a3114a88c.png,data/raw/BrEaST-Lesions_USG-images_and_masks/case122.png,data/raw/BrEaST-Lesions_USG-images_and_masks/case122_tumor.png,512,512,,test
BrEaST-Lesions_USG-images_and_masks_df15f16fa742446299bc05e1aea8be89.png,5281130247153940658,case252,images/df15f16fa742446299bc05e1aea8be89.png,masks/BrEaST-Lesions_USG-images_and_masks_df15f16fa742446299bc05e1aea8be89.png,data/raw/BrEaST-Lesions_USG-images_and_masks/case252.png,data/raw/BrEaST-Lesions_USG-images_and_masks/case252_tumor.png,512,512,,train
BrEaST-Lesions_USG-images_and_masks_30d45b77bc5042ce8092b6332d5f5a25.png,14000360894542262871,case249,images/30d45b77bc5042ce8092b6332d5f5a25.png,masks/BrEaST-Lesions_USG-images_and_masks_30d45b77bc5042ce8092b6332d5f5a25.png,data/raw/BrEaST-Lesions_USG-images_and_masks/case249.png,data/raw/BrEaST-Lesions_USG-images_and_masks/case249_tumor.png,512,512,,train
BrEaST-Lesions_USG-images_and_masks_5f371bcb6f8a4f2f99d83d01ce7218b4.png,1254625523501066499,case023,images/5f371bcb6f8a4f2f99d83d01ce7218b4.png,masks/BrEaST-Lesions_USG-images_and_masks_5f371bcb6f8a4f2f99d83d01ce7218b4.png,data/raw/BrEaST-Lesions_USG-images_and_masks/case023.png,data/raw/BrEaST-Lesions_USG-images_and_masks/case023_tumor.png,512,512,,val
BrEaST-Lesions_USG-images_and_masks_4bf3acea92b545aba4e824c0a13933a4.png,12350387142099922302,case250,images/4bf3acea92b545aba4e824c0a13933a4.png,masks/BrEaST-Lesions_USG-images_and_masks_4bf3acea92b545aba4e824c0a13933a4.png,data/raw/BrEaST-Lesions_USG-images_and_masks/case250.png,data/raw/BrEaST-Lesions_USG-images_and_masks/case250_tumor.png,512,512,,train
BrEaST-Lesions_USG-images_and_masks_55db7292902c4670b05855772094ffaf.png,17701780202358204230,case244,images/55db7292902c4670b05855772094ffaf.png,masks/BrEaST-Lesions_USG-images_and_masks_55db7292902c4670b05855772094ffaf.png,data/raw/BrEaST-Lesions_USG-images_and_masks/case244.png,data/raw/BrEaST-Lesions_USG-images_and_masks/case244_tumor.png,512,512,,train
BrEaST-Lesions_USG-images_and_masks_67fd96dbeef54feb94b224d85d3d6e7e.png,8161778526179448029,case091,images/67fd96dbeef54feb94b224d85d3d6e7e.png,masks/BrEaST-Lesions_USG-images_and_masks_67fd96dbeef54feb94b224d85d3d6e7e.png,data/raw/BrEaST-Lesions_USG-images_and_masks/case091.png,data/raw/BrEaST-Lesions_USG-images_and_masks/case091_tumor.png,512,512,,train
BrEaST-Lesions_USG-images_and_masks_07f2b0122ba64d77aa083c8fb02de5ae.png,7756841543800564395,case085,images/07f2b0122ba64d77aa083c8fb02de5ae.png,masks/BrEaST-Lesions_USG-images_and_masks_07f2b0122ba64d77aa083c8fb02de5ae.png,data/raw/BrEaST-Lesions_USG-images_and_masks/case085.png,data/raw/BrEaST-Lesions_USG-images_and_masks/case085_tumor.png,512,512,,train
BrEaST-Lesions_USG-images_and_masks_5acb9cf65bbd4ada8e037a08f24118ee.png,16926806947694025624,case052,images/5acb9cf65bbd4ada8e037a08f24118ee.png,masks/BrEaST-Lesions_USG-images_and_masks_5acb9cf65bbd4ada8e037a08f24118ee.png,data/raw/BrEaST-Lesions_USG-images_and_masks/case052.png,data/raw/BrEaST-Lesions_USG-images_and_masks/case052_tumor.png,512,512,,train
BrEaST-Lesions_USG-images_and_masks_474aff66ba33490581aea901bf9e5e12.png,11937580050411392783,case046,images/474aff66ba33490581aea901bf9e5e12.png,masks/BrEaST-Lesions_USG-images_and_masks_474aff66ba33490581aea901bf9e5e12.png,data/raw/BrEaST-Lesions_USG-images_and_masks/case046.png,data/raw/BrEaST-Lesions_USG-images_and_masks/case046_tumor.png,512,512,,test
BrEaST-Lesions_USG-images_and_masks_8de872edc0fb440a9f974878c54ce6e2.png,6004516722909761004,case090,images/8de872edc0fb440a9f974878c54ce6e2.png,masks/BrEaST-Lesions_USG-images_and_masks_8de872edc0fb440a9f974878c54ce6e2.png,data/raw/BrEaST-Lesions_USG-images_and_masks/case090.png,data/raw/BrEaST-Lesions_USG-images_and_masks/case090_tumor.png,512,512,,train
BrEaST-Lesions_USG-images_and_masks_9e8c7fe4f1394a4181863bcef7ba54a5.png,15631912619297773744,case084,images/9e8c7fe4f1394a4181863bcef7ba54a5.png,masks/BrEaST-Lesions_USG-images_and_masks_9e8c7fe4f1394a4181863bcef7ba54a5.png,data/raw/BrEaST-Lesions_USG-images_and_masks/case084.png,data/raw/BrEaST-Lesions_USG-images_and_masks/case084_tumor.png,512,512,,train
BrEaST-Lesions_USG-images_and_masks_8cfa60cc179e4befb1e2492e409c6f91.png,3517180904733669347,case126,images/8cfa60cc179e4befb1e2492e409c6f91.png,masks/BrEaST-Lesions_USG-images_and_masks_8cfa60cc179e4befb1e2492e409c6f91.png,data/raw/BrEaST-Lesions_USG-images_and_masks/case126.png,data/raw/BrEaST-Lesions_USG-images_and_masks/case126_tumor.png,512,512,,train
BrEaST-Lesions_USG-images_and_masks_84e485f28d0a46958547cfff9a15a1ec.png,16787366230253413604,case132,images/84e485f28d0a46958547cfff9a15a1ec.png,masks/BrEaST-Lesions_USG-images_and_masks_84e485f28d0a46958547cfff9a15a1ec.png,data/raw/BrEaST-Lesions_USG-images_and_masks/case132.png,data/raw/BrEaST-Lesions_USG-images_and_masks/case132_tumor.png,512,512,,val
BrEaST-Lesions_USG-images_and_masks_a8145caff1804ca9ab172eaed9b61208.png,1571058413290138314,case037,images/a8145caff1804ca9ab172eaed9b61208.png,masks/BrEaST-Lesions_USG-images_and_masks_a8145caff1804ca9ab172eaed9b61208.png,data/raw/BrEaST-Lesions_USG-images_and_masks/case037.png,data/raw/BrEaST-Lesions_USG-images_and_masks/case037_tumor.png,512,512,,val
BrEaST-Lesions_USG-images_and_masks_c605a439664d4140a04c87b4b4e1e76b.png,8058229022864939433,case150,images/c605a439664d4140a04c87b4b4e1e76b.png,masks/BrEaST-Lesions_USG-images_and_masks_c605a439664d4140a04c87b4b4e1e76b.png,data/raw/BrEaST-Lesions_USG-images_and_masks/case150.png,data/raw/BrEaST-Lesions_USG-images_and_masks/case150_tumor.png,512,512,,val
BrEaST-Lesions_USG-images_and_masks_d9088289bf5649f98b344fceb8865322.png,5355295203478775214,case133,images/d9088289bf5649f98b344fceb8865322.png,masks/BrEaST-Lesions_USG-images_and_masks_d9088289bf5649f98b344fceb8865322.png,data/raw/BrEaST-Lesions_USG-images_and_masks/case133.png,data/raw/BrEaST-Lesions_USG-images_and_masks/case133_tumor.png,512,512,,train
BrEaST-Lesions_USG-images_and_masks_4cd75b2b992945d7905d6710f37816f7.png,7946789319781272808,case220,images/4cd75b2b992945d7905d6710f37816f7.png,masks/BrEaST-Lesions_USG-images_and_masks_4cd75b2b992945d7905d6710f37816f7.png,data/raw/BrEaST-Lesions_USG-images_and_masks/case220.png,data/raw/BrEaST-Lesions_USG-images_and_masks/case220_tumor.png,512,512,,train
BrEaST-Lesions_USG-images_and_masks_cad521d3d8c445b0982a72656a2f0b54.png,6518338432816985460,case127,images/cad521d3d8c445b0982a72656a2f0b54.png,masks/BrEaST-Lesions_USG-images_and_masks_cad521d3d8c445b0982a72656a2f0b54.png,data/raw/BrEaST-Lesions_USG-images_and_masks/case127.png,data/raw/BrEaST-Lesions_USG-images_and_masks/case127_tumor.png,512,512,,train
BrEaST-Lesions_USG-images_and_masks_bb905ef599c14dc2b08307d4103fb846.png,6478826958158973642,case047,images/bb905ef599c14dc2b08307d4103fb846.png,masks/BrEaST-Lesions_USG-images_and_masks_bb905ef599c14dc2b08307d4103fb846.png,data/raw/BrEaST-Lesions_USG-images_and_masks/case047.png,data/raw/BrEaST-Lesions_USG-images_and_masks/case047_tumor.png,512,512,,train
BrEaST-Lesions_USG-images_and_masks_770890ba992247029350ff651b1e2584.png,14153523518046441414,case053,images/770890ba992247029350ff651b1e2584.png,masks/BrEaST-Lesions_USG-images_and_masks_770890ba992247029350ff651b1e2584.png,data/raw/BrEaST-Lesions_USG-images_and_masks/case053.png,data/raw/BrEaST-Lesions_USG-images_and_masks/case053_tumor.png,512,512,,train
BrEaST-Lesions_USG-images_and_masks_c58f6bc460b541eb9ad8342f4d288ce8.png,5572165557719491443,case234,images/c58f6bc460b541eb9ad8342f4d288ce8.png,masks/BrEaST-Lesions_USG-images_and_masks_c58f6bc460b541eb9ad8342f4d288ce8.png,data/raw/BrEaST-Lesions_USG-images_and_masks/case234.png,data/raw/BrEaST-Lesions_USG-images_and_masks/case234_tumor.png,512,512,,train
BrEaST-Lesions_USG-images_and_masks_f003a156fa4d4bdd861ab89b13284937.png,8208316838233563376,case144,images/f003a156fa4d4bdd861ab89b13284937.png,masks/BrEaST-Lesions_USG-images_and_masks_f003a156fa4d4bdd861ab89b13284937.png,data/raw/BrEaST-Lesions_USG-images_and_masks/case144.png,data/raw/BrEaST-Lesions_USG-images_and_masks/case144_tumor.png,512,512,,train
BrEaST-Lesions_USG-images_and_masks_16afc18e1fe84e13b3da145dd801136e.png,12007874430519880238,case245,images/16afc18e1fe84e13b3da145dd801136e.png,masks/BrEaST-Lesions_USG-images_and_masks_16afc18e1fe84e13b3da145dd801136e.png,data/raw/BrEaST-Lesions_USG-images_and_masks/case245.png,data/raw/BrEaST-Lesions_USG-images_and_masks/case245_tumor.png,512,512,,train
BrEaST-Lesions_USG-images_and_masks_79294e0ee3b8404b9fd311d4f768441f.png,7532287072064582933,case251,images/79294e0ee3b8404b9fd311d4f768441f.png,masks/BrEaST-Lesions_USG-images_and_masks_79294e0ee3b8404b9fd311d4f768441f.png,data/raw/BrEaST-Lesions_USG-images_and_masks/case251.png,data/raw/BrEaST-Lesions_USG-images_and_masks/case251_tumor.png,512,512,,train
BrEaST-Lesions_USG-images_and_masks_63c06013f8524ea1a1f49faad6f88e0c.png,12724486669937262772,case078,images/63c06013f8524ea1a1f49faad6f88e0c.png,masks/BrEaST-Lesions_USG-images_and_masks_63c06013f8524ea1a1f49faad6f88e0c.png,data/raw/BrEaST-Lesions_USG-images_and_masks/case078.png,data/raw/BrEaST-Lesions_USG-images_and_masks/case078_tumor.png,512,512,,train
BrEaST-Lesions_USG-images_and_masks_cbb2b0b55f8a409dac824b8fa06821a0.png,5576959747771708950,case168,images/cbb2b0b55f8a409dac824b8fa06821a0.png,masks/BrEaST-Lesions_USG-images_and_masks_cbb2b0b55f8a409dac824b8fa06821a0.png,data/raw/BrEaST-Lesions_USG-images_and_masks/case168.png,data/raw/BrEaST-Lesions_USG-images_and_masks/case168_tumor.png,512,512,,train
BrEaST-Lesions_USG-images_and_masks_15fb92b0da554193b8984b02a1d35330.png,4137729901285939256,case218,images/15fb92b0da554193b8984b02a1d35330.png,masks/BrEaST-Lesions_USG-images_and_masks_15fb92b0da554193b8984b02a1d35330.png,data/raw/BrEaST-Lesions_USG-images_and_masks/case218.png,data/raw/BrEaST-Lesions_USG-images_and_masks/case218_tumor.png,512,512,,train
BrEaST-Lesions_USG-images_and_masks_e90208ec24444ca293f243af393c16ce.png,5533643640946813289,case054,images/e90208ec24444ca293f243af393c16ce.png,masks/BrEaST-Lesions_USG-images_and_masks_e90208ec24444ca293f243af393c16ce.png,data/raw/BrEaST-Lesions_USG-images_and_masks/case054.png,data/raw/BrEaST-Lesions_USG-images_and_masks/case054_tumor.png,512,512,,train
BrEaST-Lesions_USG-images_and_masks_eff7dfef178740d79998c83b352c8198.png,5573299120732816965,case079,images/eff7dfef178740d79998c83b352c8198.png,masks/BrEaST-Lesions_USG-images_and_masks_eff7dfef178740d79998c83b352c8198.png,data/raw/BrEaST-Lesions_USG-images_and_masks/case079.png,data/raw/BrEaST-Lesions_USG-images_and_masks/case079_tumor.png,512,512,,train
BrEaST-Lesions_USG-images_and_masks_c8ddd939d20642329e20a0de234884a4.png,11107888687103716008,case040,images/c8ddd939d20642329e20a0de234884a4.png,masks/BrEaST-Lesions_USG-images_and_masks_c8ddd939d20642329e20a0de234884a4.png,data/raw/BrEaST-Lesions_USG-images_and_masks/case040.png,data/raw/BrEaST-Lesions_USG-images_and_masks/case040_tumor.png,512,512,,train
BrEaST-Lesions_USG-images_and_masks_f916ab5f6a7b4f40805cf99d1e1df02d.png,16782853972780406004,case119,images/f916ab5f6a7b4f40805cf99d1e1df02d.png,masks/BrEaST-Lesions_USG-images_and_masks_f916ab5f6a7b4f40805cf99d1e1df02d.png,data/raw/BrEaST-Lesions_USG-images_and_masks/case119.png,data/raw/BrEaST-Lesions_USG-images_and_masks/case119_tumor.png,512,512,,train
BrEaST-Lesions_USG-images_and_masks_f68d49c93d8d43faae0bf094ae0fd834.png,8049575589210854345,case118,images/f68d49c93d8d43faae0bf094ae0fd834.png,masks/BrEaST-Lesions_USG-images_and_masks_f68d49c93d8d43faae0bf094ae0fd834.png,data/raw/BrEaST-Lesions_USG-images_and_masks/case118.png,data/raw/BrEaST-Lesions_USG-images_and_masks/case118_tumor.png,512,512,,test
BrEaST-Lesions_USG-images_and_masks_634117ba616f427a88f2ae37175b3505.png,15368631953575086344,case194,images/634117ba616f427a88f2ae37175b3505.png,masks/BrEaST-Lesions_USG-images_and_masks_634117ba616f427a88f2ae37175b3505.png,data/raw/BrEaST-Lesions_USG-images_and_masks/case194.png,data/raw/BrEaST-Lesions_USG-images_and_masks/case194_tumor.png,512,512,,train
BrEaST-Lesions_USG-images_and_masks_a64796983be24c4c9b452cc48d0d25fb.png,11055309224823059588,case180,images/a64796983be24c4c9b452cc48d0d25fb.png,masks/BrEaST-Lesions_USG-images_and_masks_a64796983be24c4c9b452cc48d0d25fb.png,data/raw/BrEaST-Lesions_USG-images_and_masks/case180.png,data/raw/BrEaST-Lesions_USG-images_and_masks/case180_tumor.png,512,512,,train
BrEaST-Lesions_USG-images_and_masks_ccb1b074b883446cafea63b6f9f91b5b.png,3376246837587758390,case243,images/ccb1b074b883446cafea63b6f9f91b5b.png,masks/BrEaST-Lesions_USG-images_and_masks_ccb1b074b883446cafea63b6f9f91b5b.png,data/raw/BrEaST-Lesions_USG-images_and_masks/case243.png,data/raw/BrEaST-Lesions_USG-images_and_masks/case243_tumor.png,512,512,,test
BrEaST-Lesions_USG-images_and_masks_3af0e145a9ee423aad3a9d1af5e11782.png,15197615287481936834,case226,images/3af0e145a9ee423aad3a9d1af5e11782.png,masks/BrEaST-Lesions_USG-images_and_masks_3af0e145a9ee423aad3a9d1af5e11782.png,data/raw/BrEaST-Lesions_USG-images_and_masks/case226.png,data/raw/BrEaST-Lesions_USG-images_and_masks/case226_tumor.png,512,512,,train
BrEaST-Lesions_USG-images_and_masks_466ff0d5202f473cbe09b27a57266a58.png,1367172929663643873,case156,images/466ff0d5202f473cbe09b27a57266a58.png,masks/BrEaST-Lesions_USG-images_and_masks_466ff0d5202f473cbe09b27a57266a58.png,data/raw/BrEaST-Lesions_USG-images_and_masks/case156.png,data/raw/BrEaST-Lesions_USG-images_and_masks/case156_tumor.png,512,512,,train
BrEaST-Lesions_USG-images_and_masks_36539b5a157e4310bd9278eb36c17087.png,5355523606042428082,case242,images/36539b5a157e4310bd9278eb36c17087.png,masks/BrEaST-Lesions_USG-images_and_masks_36539b5a157e4310bd9278eb36c17087.png,data/raw/BrEaST-Lesions_USG-images_and_masks/case242.png,data/raw/BrEaST-Lesions_USG-images_and_masks/case242_tumor.png,512,512,,train
BrEaST-Lesions_USG-images_and_masks_fb0a0774fc314815ae271f8f15c34f24.png,5353563249772743129,case256,images/fb0a0774fc314815ae271f8f15c34f24.png,masks/BrEaST-Lesions_USG-images_and_masks_fb0a0774fc314815ae271f8f15c34f24.png,data/raw/BrEaST-Lesions_USG-images_and_masks/case256.png,data/raw/BrEaST-Lesions_USG-images_and_masks/case256_tumor.png,512,512,,val
BrEaST-Lesions_USG-images_and_masks_a963ffb8af404e9fb1c1ac6898b18e92.png,7876949298633147167,case083,images/a963ffb8af404e9fb1c1ac6898b18e92.png,masks/BrEaST-Lesions_USG-images_and_masks_a963ffb8af404e9fb1c1ac6898b18e92.png,data/raw/BrEaST-Lesions_USG-images_and_masks/case083.png,data/raw/BrEaST-Lesions_USG-images_and_masks/case083_tumor.png,512,512,,train
BrEaST-Lesions_USG-images_and_masks_574fbe8acfd3472c94d2dcca0e168e8e.png,9606962336364794261,case097,images/574fbe8acfd3472c94d2dcca0e168e8e.png,masks/BrEaST-Lesions_USG-images_and_masks_574fbe8acfd3472c94d2dcca0e168e8e.png,data/raw/BrEaST-Lesions_USG-images_and_masks/case097.png,data/raw/BrEaST-Lesions_USG-images_and_masks/case097_tumor.png,512,512,,train
BrEaST-Lesions_USG-images_and_masks_32199b0a9ab8409ebb09c9a6b61321e6.png,6600638297384098506,case134,images/32199b0a9ab8409ebb09c9a6b61321e6.png,masks/BrEaST-Lesions_USG-images_and_masks_32199b0a9ab8409ebb09c9a6b61321e6.png,data/raw/BrEaST-Lesions_USG-images_and_masks/case134.png,data/raw/BrEaST-Lesions_USG-images_and_masks/case134_tumor.png,512,512,,train
BrEaST-Lesions_USG-images_and_masks_7acf579a9ad14b428df12dc00b5c7f71.png,14910810172495033302,case120,images/7acf579a9ad14b428df12dc00b5c7f71.png,masks/BrEaST-Lesions_USG-images_and_masks_7acf579a9ad14b428df12dc00b5c7f71.png,data/raw/BrEaST-Lesions_USG-images_and_masks/case120.png,data/raw/BrEaST-Lesions_USG-images_and_masks/case120_tumor.png,512,512,,train
BrEaST-Lesions_USG-images_and_masks_d5cda3726bb844f3a2ad0e76de254e6e.png,16786302084158034912,case142,images/d5cda3726bb844f3a2ad0e76de254e6e.png,masks/BrEaST-Lesions_USG-images_and_masks_d5cda3726bb844f3a2ad0e76de254e6e.png,data/raw/BrEaST-Lesions_USG-images_and_masks/case142.png,data/raw/BrEaST-Lesions_USG-images_and_masks/case142_tumor.png,512,512,,train
BrEaST-Lesions_USG-images_and_masks_38938d9dd3e34b3090b095ffd10207a0.png,6075730464302779740,case232,images/38938d9dd3e34b3090b095ffd10207a0.png,masks/BrEaST-Lesions_USG-images_and_masks_38938d9dd3e34b3090b095ffd10207a0.png,data/raw/BrEaST-Lesions_USG-images_and_masks/case232.png,data/raw/BrEaST-Lesions_USG-images_and_masks/case232_tumor.png,512,512,,val
BrEaST-Lesions_USG-images_and_masks_8ded4f69ade2458f8217d84c6f01089c.png,6725082243151050779,case096,images/8ded4f69ade2458f8217d84c6f01089c.png,masks/BrEaST-Lesions_USG-images_and_masks_8ded4f69ade2458f8217d84c6f01089c.png,data/raw/BrEaST-Lesions_USG-images_and_masks/case096.png,data/raw/BrEaST-Lesions_USG-images_and_masks/case096_tumor.png,512,512,,train
BrEaST-Lesions_USG-images_and_masks_422b0897e03046ac8d6adc6ab0440acc.png,6290206284431242559,case121,images/422b0897e03046ac8d6adc6ab0440acc.png,masks/BrEaST-Lesions_USG-images_and_masks_422b0897e03046ac8d6adc6ab0440acc.png,data/raw/BrEaST-Lesions_USG-images_and_masks/case121.png,data/raw/BrEaST-Lesions_USG-images_and_masks/case121_tumor.png,512,512,,train
BrEaST-Lesions_USG-images_and_masks_916032a998b3406793fedbd03b310dbc.png,2713938391750325926,case135,images/916032a998b3406793fedbd03b310dbc.png,masks/BrEaST-Lesions_USG-images_and_masks_916032a998b3406793fedbd03b310dbc.png,data/raw/BrEaST-Lesions_USG-images_and_masks/case135.png,data/raw/BrEaST-Lesions_USG-images_and_masks/case135_tumor.png,512,512,,train
BrEaST-Lesions_USG-images_and_masks_455425805a9449b78bda822385085906.png,9754134523415991589,case025,images/455425805a9449b78bda822385085906.png,masks/BrEaST-Lesions_USG-images_and_masks_455425805a9449b78bda822385085906.png,data/raw/BrEaST-Lesions_USG-images_and_masks/case025.png,data/raw/BrEaST-Lesions_USG-images_and_masks/case025_tumor.png,512,512,,train
BrEaST-Lesions_USG-images_and_masks_d1218df0d9004581b9d6a4ca91bf45bc.png,16780646015185499380,case055,images/d1218df0d9004581b9d6a4ca91bf45bc.png,masks/BrEaST-Lesions_USG-images_and_masks_d1218df0d9004581b9d6a4ca91bf45bc.png,data/raw/BrEaST-Lesions_USG-images_and_masks/case055.png,data/raw/BrEaST-Lesions_USG-images_and_masks/case055_tumor.png,512,512,,train
BrEaST-Lesions_USG-images_and_masks_d98f6c7085314be0bf22e378350e1cf3.png,5362460368229256792,case031,images/d98f6c7085314be0bf22e378350e1cf3.png,masks/BrEaST-Lesions_USG-images_and_masks_d98f6c7085314be0bf22e378350e1cf3.png,data/raw/BrEaST-Lesions_USG-images_and_masks/case031.png,data/raw/BrEaST-Lesions_USG-images_and_masks/case031_tumor.png,512,512,,val
BrEaST-Lesions_USG-images_and_masks_5dcfa8692a9d4e64b08c4bbf0e895259.png,14792394203843869867,case041,images/5dcfa8692a9d4e64b08c4bbf0e895259.png,masks/BrEaST-Lesions_USG-images_and_masks_5dcfa8692a9d4e64b08c4bbf0e895259.png,data/raw/BrEaST-Lesions_USG-images_and_masks/case041.png,data/raw/BrEaST-Lesions_USG-images_and_masks/case041_tumor.png,512,512,,train
BrEaST-Lesions_USG-images_and_masks_27f83b6058054ee9b0aaf6896ba67f7f.png,7700758127531308309,case082,images/27f83b6058054ee9b0aaf6896ba67f7f.png,masks/BrEaST-Lesions_USG-images_and_masks_27f83b6058054ee9b0aaf6896ba67f7f.png,data/raw/BrEaST-Lesions_USG-images_and_masks/case082.png,data/raw/BrEaST-Lesions_USG-images_and_masks/case082_tumor.png,512,512,,train
BrEaST-Lesions_USG-images_and_masks_a52243509fca432fa5dabcfb2e699cca.png,2443451936767874757,case192,images/a52243509fca432fa5dabcfb2e699cca.png,masks/BrEaST-Lesions_USG-images_and_masks_a52243509fca432fa5dabcfb2e699cca.png,data/raw/BrEaST-Lesions_USG-images_and_masks/case192.png,data/raw/BrEaST-Lesions_USG-images_and_masks/case192_tumor.png,512,512,,train
BrEaST-Lesions_USG-images_and_masks_6325d6b67d9040db8430d1fed1e4601f.png,13639742483101369378,case009,images/6325d6b67d9040db8430d1fed1e4601f.png,masks/BrEaST-Lesions_USG-images_and_masks_6325d6b67d9040db8430d1fed1e4601f.png,data/raw/BrEaST-Lesions_USG-images_and_masks/case009.png,data/raw/BrEaST-Lesions_USG-images_and_masks/case009_tumor.png,512,512,,train
BrEaST-Lesions_USG-images_and_masks_8c958e085f6d42ada3d15ca42814571d.png,4127015087130476544,case186,images/8c958e085f6d42ada3d15ca42814571d.png,masks/BrEaST-Lesions_USG-images_and_masks_8c958e085f6d42ada3d15ca42814571d.png,data/raw/BrEaST-Lesions_USG-images_and_masks/case186.png,data/raw/BrEaST-Lesions_USG-images_and_masks/case186_tumor.png,512,512,,train
BrEaST-Lesions_USG-images_and_masks_063b3a2fe6c7460e8b54d1d32dbd8328.png,2561788914863567313,case233,images/063b3a2fe6c7460e8b54d1d32dbd8328.png,masks/BrEaST-Lesions_USG-images_and_masks_063b3a2fe6c7460e8b54d1d32dbd8328.png,data/raw/BrEaST-Lesions_USG-images_and_masks/case233.png,data/raw/BrEaST-Lesions_USG-images_and_masks/case233_tumor.png,512,512,,train
BrEaST-Lesions_USG-images_and_masks_d1a4bb1595ad4a2b97eab3a402a7e2bf.png,7089058947508154221,case227,images/d1a4bb1595ad4a2b97eab3a402a7e2bf.png,masks/BrEaST-Lesions_USG-images_and_masks_d1a4bb1595ad4a2b97eab3a402a7e2bf.png,data/raw/BrEaST-Lesions_USG-images_and_masks/case227.png,data/raw/BrEaST-Lesions_USG-images_and_masks/case227_tumor.png,512,512,,val
BrEaST-Lesions_USG-images_and_masks_2840ca7faddf4f6496bd23c50a1168c2.png,8912432735538335630,case036,images/2840ca7faddf4f6496bd23c50a1168c2.png,masks/BrEaST-Lesions_USG-images_and_masks_2840ca7faddf4f6496bd23c50a1168c2.png,data/raw/BrEaST-Lesions_USG-images_and_masks/case036.png,data/raw/BrEaST-Lesions_USG-images_and_masks/case036_tumor.png,512,512,,train
BrEaST-Lesions_USG-images_and_masks_c07e6a87e70d42cba25fa9c64ed9d1d6.png,3193813471545992911,case145,images/c07e6a87e70d42cba25fa9c64ed9d1d6.png,masks/BrEaST-Lesions_USG-images_and_masks_c07e6a87e70d42cba25fa9c64ed9d1d6.png,data/raw/BrEaST-Lesions_USG-images_and_masks/case145.png,data/raw/BrEaST-Lesions_USG-images_and_masks/case145_tumor.png,512,512,,train
BrEaST-Lesions_USG-images_and_masks_0665214984de41c08bebd152c7bd2ee9.png,16779485284371820784,case151,images/0665214984de41c08bebd152c7bd2ee9.png,masks/BrEaST-Lesions_USG-images_and_masks_0665214984de41c08bebd152c7bd2ee9.png,data/raw/BrEaST-Lesions_USG-images_and_masks/case151.png,data/raw/BrEaST-Lesions_USG-images_and_masks/case151_tumor.png,512,512,,val
BrEaST-Lesions_USG-images_and_masks_1d129a9402f849cfb15e1cd6d045ebcb.png,17939219310745275872,case022,images/1d129a9402f849cfb15e1cd6d045ebcb.png,masks/BrEaST-Lesions_USG-images_and_masks_1d129a9402f849cfb15e1cd6d045ebcb.png,data/raw/BrEaST-Lesions_USG-images_and_masks/case022.png,data/raw/BrEaST-Lesions_USG-images_and_masks/case022_tumor.png,512,512,,train
BrEaST-Lesions_USG-images_and_masks_99728a39eac640e190ad40518cc29df5.png,6111488285971187278,case235,images/99728a39eac640e190ad40518cc29df5.png,masks/BrEaST-Lesions_USG-images_and_masks_99728a39eac640e190ad40518cc29df5.png,data/raw/BrEaST-Lesions_USG-images_and_masks/case235.png,data/raw/BrEaST-Lesions_USG-images_and_masks/case235_tumor.png,512,512,,train
BrEaST-Lesions_USG-images_and_masks_25ca064cc78740758145e130f2858187.png,10940603938983087501,case193,images/25ca064cc78740758145e130f2858187.png,masks/BrEaST-Lesions_USG-images_and_masks_25ca064cc78740758145e130f2858187.png,data/raw/BrEaST-Lesions_USG-images_and_masks/case193.png,data/raw/BrEaST-Lesions_USG-images_and_masks/case193_tumor.png,512,512,,train
BrEaST-Lesions_USG-images_and_masks_e75f9819368c4a9ab5be17510fcd6d7a.png,6437131671384775692,case187,images/e75f9819368c4a9ab5be17510fcd6d7a.png,masks/BrEaST-Lesions_USG-images_and_masks_e75f9819368c4a9ab5be17510fcd6d7a.png,data/raw/BrEaST-Lesions_USG-images_and_masks/case187.png,data/raw/BrEaST-Lesions_USG-images_and_masks/case187_tumor.png,512,512,,train
BrEaST-Lesions_USG-images_and_masks_0b25c0c3ed24416a802622f6e8331f8d.png,8415422537767727650,case024,images/0b25c0c3ed24416a802622f6e8331f8d.png,masks/BrEaST-Lesions_USG-images_and_masks_0b25c0c3ed24416a802622f6e8331f8d.png,data/raw/BrEaST-Lesions_USG-images_and_masks/case024.png,data/raw/BrEaST-Lesions_USG-images_and_masks/case024_tumor.png,512,512,,train
BrEaST-Lesions_USG-images_and_masks_5ee6a2bdf30e4edfbe1c74aaf6f92a0a.png,5472133664740889174,case030,images/5ee6a2bdf30e4edfbe1c74aaf6f92a0a.png,masks/BrEaST-Lesions_USG-images_and_masks_5ee6a2bdf30e4edfbe1c74aaf6f92a0a.png,data/raw/BrEaST-Lesions_USG-images_and_masks/case030.png,data/raw/BrEaST-Lesions_USG-images_and_masks/case030_tumor.png,512,512,,train
BrEaST-Lesions_USG-images_and_masks_51509d261f55416bbf0c72aaaf788718.png,5794067048639123275,case221,images/51509d261f55416bbf0c72aaaf788718.png,masks/BrEaST-Lesions_USG-images_and_masks_51509d261f55416bbf0c72aaaf788718.png,data/raw/BrEaST-Lesions_USG-images_and_masks/case221.png,data/raw/BrEaST-Lesions_USG-images_and_masks/case221_tumor.png,512,512,,train
BrEaST-Lesions_USG-images_and_masks_2527584c789b4d52a527ffe6de71ae25.png,6365660121404756787,case219,images/2527584c789b4d52a527ffe6de71ae25.png,masks/BrEaST-Lesions_USG-images_and_masks_2527584c789b4d52a527ffe6de71ae25.png,data/raw/BrEaST-Lesions_USG-images_and_masks/case219.png,data/raw/BrEaST-Lesions_USG-images_and_masks/case219_tumor.png,512,512,,test
BrEaST-Lesions_USG-images_and_masks_5fb2152a6d474d709acb9fae6db44b14.png,6437450038337658456,case169,images/5fb2152a6d474d709acb9fae6db44b14.png,masks/BrEaST-Lesions_USG-images_and_masks_5fb2152a6d474d709acb9fae6db44b14.png,data/raw/BrEaST-Lesions_USG-images_and_masks/case169.png,data/raw/BrEaST-Lesions_USG-images_and_masks/case169_tumor.png,512,512,,val
BrEaST-Lesions_USG-images_and_masks_4c7e73452d5a46ec89958fb7479b5092.png,6005680147532095301,case181,images/4c7e73452d5a46ec89958fb7479b5092.png,masks/BrEaST-Lesions_USG-images_and_masks_4c7e73452d5a46ec89958fb7479b5092.png,data/raw/BrEaST-Lesions_USG-images_and_masks/case181.png,data/raw/BrEaST-Lesions_USG-images_and_masks/case181_tumor.png,512,512,,val
BrEaST-Lesions_USG-images_and_masks_fbf602783d89428e8079f2d4fc636bf7.png,15657691594774882079,case195,images/fbf602783d89428e8079f2d4fc636bf7.png,masks/BrEaST-Lesions_USG-images_and_masks_fbf602783d89428e8079f2d4fc636bf7.png,data/raw/BrEaST-Lesions_USG-images_and_masks/case195.png,data/raw/BrEaST-Lesions_USG-images_and_masks/case195_tumor.png,512,512,,train
BrEaST-Lesions_USG-images_and_masks_16bf9ea3e73b40e39611e544c977a20b.png,8164298173828515149,case143,images/16bf9ea3e73b40e39611e544c977a20b.png,masks/BrEaST-Lesions_USG-images_and_masks_16bf9ea3e73b40e39611e544c977a20b.png,data/raw/BrEaST-Lesions_USG-images_and_masks/case143.png,data/raw/BrEaST-Lesions_USG-images_and_masks/case143_tumor.png,512,512,,train
BrEaST-Lesions_USG-images_and_masks_e101b18c82534868b3b8e6a292514374.png,12073739009636527469,case157,images/e101b18c82534868b3b8e6a292514374.png,masks/BrEaST-Lesions_USG-images_and_masks_e101b18c82534868b3b8e6a292514374.png,data/raw/BrEaST-Lesions_USG-images_and_masks/case157.png,data/raw/BrEaST-Lesions_USG-images_and_masks/case157_tumor.png,512,512,,train
BrEaST-Lesions_USG-images_and_masks_f623b2e175c345e0961abc2616c501d7.png,2984033505594788684,case008,images/f623b2e175c345e0961abc2616c501d7.png,masks/BrEaST-Lesions_USG-images_and_masks_f623b2e175c345e0961abc2616c501d7.png,data/raw/BrEaST-Lesions_USG-images_and_masks/case008.png,data/raw/BrEaST-Lesions_USG-images_and_masks/case008_tumor.png,512,512,,val
