img_id,img_hash,base_name,img_path,mask_path,raw_img,raw_mask,height,width,label,split
250820fc72fd43599e490ed2a5f52523.png,8274683946477970018,malignant (185),images/250820fc72fd43599e490ed2a5f52523.png,masks/250820fc72fd43599e490ed2a5f52523.png,data/raw/BrCaWisconsin/Dataset_BUSI_with_GT/malignant/malignant (185).png,data/raw/BrCaWisconsin/Dataset_BUSI_with_GT/malignant/malignant (185)_mask.png,512,512,malignant,val
1758e9448a16454389e8a59e6585b719.png,11164622024909018141,malignant (5),images/1758e9448a16454389e8a59e6585b719.png,masks/1758e9448a16454389e8a59e6585b719.png,data/raw/BrCaWisconsin/Dataset_BUSI_with_GT/malignant/malignant (5).png,data/raw/BrCaWisconsin/Dataset_BUSI_with_GT/malignant/malignant (5)_mask.png,512,512,malignant,val
82bb38642ea74f3a9a815f4bac56003f.png,13084458355639532163,malignant (206),images/82bb38642ea74f3a9a815f4bac56003f.png,masks/82bb38642ea74f3a9a815f4bac56003f.png,data/raw/BrCaWisconsin/Dataset_BUSI_with_GT/malignant/malignant (206).png,data/raw/BrCaWisconsin/Dataset_BUSI_with_GT/malignant/malignant (206)_mask.png,512,512,malignant,val
1a7eefd536f94bbf9f4791dfa07f8dc5.png,7247552314863951006,malignant (74),images/1a7eefd536f94bbf9f4791dfa07f8dc5.png,masks/1a7eefd536f94bbf9f4791dfa07f8dc5.png,data/raw/BrCaWisconsin/Dataset_BUSI_with_GT/malignant/malignant (74).png,data/raw/BrCaWisconsin/Dataset_BUSI_with_GT/malignant/malignant (74)_mask.png,512,512,malignant,val
83a8fdf12c564cf2b1f346c13eebf2d5.png,15539626069707073102,malignant (136),images/83a8fdf12c564cf2b1f346c13eebf2d5.png,masks/83a8fdf12c564cf2b1f346c13eebf2d5.png,data/raw/BrCaWisconsin/Dataset_BUSI_with_GT/malignant/malignant (136).png,data/raw/BrCaWisconsin/Dataset_BUSI_with_GT/malignant/malignant (136)_mask.png,512,512,malignant,val
9ad0f957d0414cd1b6a698fef80da9af.png,17498073507529389607,malignant (178),images/9ad0f957d0414cd1b6a698fef80da9af.png,masks/9ad0f957d0414cd1b6a698fef80da9af.png,data/raw/BrCaWisconsin/Dataset_BUSI_with_GT/malignant/malignant (178).png,data/raw/BrCaWisconsin/Dataset_BUSI_with_GT/malignant/malignant (178)_mask.png,512,512,malignant,val
2838facf39334d76bab87cd4e02ac7fe.png,6043440195441170070,malignant (197),images/2838facf39334d76bab87cd4e02ac7fe.png,masks/2838facf39334d76bab87cd4e02ac7fe.png,data/raw/BrCaWisconsin/Dataset_BUSI_with_GT/malignant/malignant (197).png,data/raw/BrCaWisconsin/Dataset_BUSI_with_GT/malignant/malignant (197)_mask.png,512,512,malignant,val
71ce3a27469746c5920ae0caf37119d4.png,5347139230722877511,malignant (51),images/71ce3a27469746c5920ae0caf37119d4.png,masks/71ce3a27469746c5920ae0caf37119d4.png,data/raw/BrCaWisconsin/Dataset_BUSI_with_GT/malignant/malignant (51).png,data/raw/BrCaWisconsin/Dataset_BUSI_with_GT/malignant/malignant (51)_mask.png,512,512,malignant,val
ca559e15d9fb48c6a205223cdfb27a33.png,4967640326004106139,malignant (122),images/ca559e15d9fb48c6a205223cdfb27a33.png,masks/ca559e15d9fb48c6a205223cdfb27a33.png,data/raw/BrCaWisconsin/Dataset_BUSI_with_GT/malignant/malignant (122).png,data/raw/BrCaWisconsin/Dataset_BUSI_with_GT/malignant/malignant (122)_mask.png,512,512,malignant,val
cceef2590c4d48048cbce5077156b8cb.png,15902814213996416012,malignant (47),images/cceef2590c4d48048cbce5077156b8cb.png,masks/cceef2590c4d48048cbce5077156b8cb.png,data/raw/BrCaWisconsin/Dataset_BUSI_with_GT/malignant/malignant (47).png,data/raw/BrCaWisconsin/Dataset_BUSI_with_GT/malignant/malignant (47)_mask.png,512,512,malignant,val
413387ea89da45a99719392c74ef9700.png,8750106081773175561,malignant (181),images/413387ea89da45a99719392c74ef9700.png,masks/413387ea89da45a99719392c74ef9700.png,data/raw/BrCaWisconsin/Dataset_BUSI_with_GT/malignant/malignant (181).png,data/raw/BrCaWisconsin/Dataset_BUSI_with_GT/malignant/malignant (181)_mask.png,512,512,malignant,val
be1f7de1f0a64adba2b7be687ad10fa4.png,11229046528440961947,malignant (210),images/be1f7de1f0a64adba2b7be687ad10fa4.png,masks/be1f7de1f0a64adba2b7be687ad10fa4.png,data/raw/BrCaWisconsin/Dataset_BUSI_with_GT/malignant/malignant (210).png,data/raw/BrCaWisconsin/Dataset_BUSI_with_GT/malignant/malignant (210)_mask.png,512,512,malignant,val
7b98c81d488f48998338c7bdd04f7ca7.png,10681722874136256350,malignant (60),images/7b98c81d488f48998338c7bdd04f7ca7.png,masks/7b98c81d488f48998338c7bdd04f7ca7.png,data/raw/BrCaWisconsin/Dataset_BUSI_with_GT/malignant/malignant (60).png,data/raw/BrCaWisconsin/Dataset_BUSI_with_GT/malignant/malignant (60)_mask.png,512,512,malignant,val
73c9ea563c524c32a67ecd64e87f23f4.png,15804585980242063955,malignant (139),images/73c9ea563c524c32a67ecd64e87f23f4.png,masks/73c9ea563c524c32a67ecd64e87f23f4.png,data/raw/BrCaWisconsin/Dataset_BUSI_with_GT/malignant/malignant (139).png,data/raw/BrCaWisconsin/Dataset_BUSI_with_GT/malignant/malignant (139)_mask.png,512,512,malignant,val
cb5c508ad1dc424da8991d2262510005.png,7615284794486319320,malignant (10),images/cb5c508ad1dc424da8991d2262510005.png,masks/cb5c508ad1dc424da8991d2262510005.png,data/raw/BrCaWisconsin/Dataset_BUSI_with_GT/malignant/malignant (10).png,data/raw/BrCaWisconsin/Dataset_BUSI_with_GT/malignant/malignant (10)_mask.png,512,512,malignant,val
5fc8de3bc8f841d9a5abdd05086eca07.png,14459062020761769197,malignant (191),images/5fc8de3bc8f841d9a5abdd05086eca07.png,masks/5fc8de3bc8f841d9a5abdd05086eca07.png,data/raw/BrCaWisconsin/Dataset_BUSI_with_GT/malignant/malignant (191).png,data/raw/BrCaWisconsin/Dataset_BUSI_with_GT/malignant/malignant (191)_mask.png,512,512,malignant,val
0a9f56fd80884ac8870d251a2d25ae46.png,8839203822364088332,malignant (158),images/0a9f56fd80884ac8870d251a2d25ae46.png,masks/0a9f56fd80884ac8870d251a2d25ae46.png,data/raw/BrCaWisconsin/Dataset_BUSI_with_GT/malignant/malignant (158).png,data/raw/BrCaWisconsin/Dataset_BUSI_with_GT/malignant/malignant (158)_mask.png,512,512,malignant,val
5c3b5b32a68d4696af09e9d5ad0ecc12.png,1678867985233481357,malignant (103),images/5c3b5b32a68d4696af09e9d5ad0ecc12.png,masks/5c3b5b32a68d4696af09e9d5ad0ecc12.png,data/raw/BrCaWisconsin/Dataset_BUSI_with_GT/malignant/malignant (103).png,data/raw/BrCaWisconsin/Dataset_BUSI_with_GT/malignant/malignant (103)_mask.png,512,512,malignant,val
22c361e5edec447182ce33e193981d32.png,16598108951596911563,malignant (84),images/22c361e5edec447182ce33e193981d32.png,masks/22c361e5edec447182ce33e193981d32.png,data/raw/BrCaWisconsin/Dataset_BUSI_with_GT/malignant/malignant (84).png,data/raw/BrCaWisconsin/Dataset_BUSI_with_GT/malignant/malignant (84)_mask.png,512,512,malignant,val
8f7649d8ed3c4c44b0d6b5cb954a058c.png,10561339608125116294,malignant (142),images/8f7649d8ed3c4c44b0d6b5cb954a058c.png,masks/8f7649d8ed3c4c44b0d6b5cb954a058c.png,data/raw/BrCaWisconsin/Dataset_BUSI_with_GT/malignant/malignant (142).png,data/raw/BrCaWisconsin/Dataset_BUSI_with_GT/malignant/malignant (142)_mask.png,512,512,malignant,val
68ff3a7dbd7d4787b15c1556d906d671.png,4300046599791850131,malignant (88),images/68ff3a7dbd7d4787b15c1556d906d671.png,masks/68ff3a7dbd7d4787b15c1556d906d671.png,data/raw/BrCaWisconsin/Dataset_BUSI_with_GT/malignant/malignant (88).png,data/raw/BrCaWisconsin/Dataset_BUSI_with_GT/malignant/malignant (88)_mask.png,512,512,malignant,val
efe2bed685e24ef6be88c9736dd1fa93.png,12310911963049964431,malignant (41),images/efe2bed685e24ef6be88c9736dd1fa93.png,masks/efe2bed685e24ef6be88c9736dd1fa93.png,data/raw/BrCaWisconsin/Dataset_BUSI_with_GT/malignant/malignant (41).png,data/raw/BrCaWisconsin/Dataset_BUSI_with_GT/malignant/malignant (41)_mask.png,512,512,malignant,val
74bcff76dfd542ab9e0a7c1764ab411d.png,6238219456156077900,malignant (209),images/74bcff76dfd542ab9e0a7c1764ab411d.png,masks/74bcff76dfd542ab9e0a7c1764ab411d.png,data/raw/BrCaWisconsin/Dataset_BUSI_with_GT/malignant/malignant (209).png,data/raw/BrCaWisconsin/Dataset_BUSI_with_GT/malignant/malignant (209)_mask.png,512,512,malignant,val
b2b71d2e08104cef93385eda2fa547b8.png,8261482614751975763,malignant (115),images/b2b71d2e08104cef93385eda2fa547b8.png,masks/b2b71d2e08104cef93385eda2fa547b8.png,data/raw/BrCaWisconsin/Dataset_BUSI_with_GT/malignant/malignant (115).png,data/raw/BrCaWisconsin/Dataset_BUSI_with_GT/malignant/malignant (115)_mask.png,512,512,malignant,val
f12d015454ee423f9e82e3a02cfc9f67.png,11084422828874697743,malignant (179),images/f12d015454ee423f9e82e3a02cfc9f67.png,masks/f12d015454ee423f9e82e3a02cfc9f67.png,data/raw/BrCaWisconsin/Dataset_BUSI_with_GT/malignant/malignant (179).png,data/raw/BrCaWisconsin/Dataset_BUSI_with_GT/malignant/malignant (179)_mask.png,512,512,malignant,val
4802fbbbfd4d4e28a4ee30c71d02dbd2.png,14799789523364145020,malignant (55),images/4802fbbbfd4d4e28a4ee30c71d02dbd2.png,masks/4802fbbbfd4d4e28a4ee30c71d02dbd2.png,data/raw/BrCaWisconsin/Dataset_BUSI_with_GT/malignant/malignant (55).png,data/raw/BrCaWisconsin/Dataset_BUSI_with_GT/malignant/malignant (55)_mask.png,512,512,malignant,val
6030f370debf4c35a0b102af3fb616b1.png,9918116406506769484,malignant (117),images/6030f370debf4c35a0b102af3fb616b1.png,masks/6030f370debf4c35a0b102af3fb616b1.png,data/raw/BrCaWisconsin/Dataset_BUSI_with_GT/malignant/malignant (117).png,data/raw/BrCaWisconsin/Dataset_BUSI_with_GT/malignant/malignant (117)_mask.png,512,512,malignant,val
09f3eb84c5a5406597a017efdf16dc14.png,10651768047987740298,malignant (6),images/09f3eb84c5a5406597a017efdf16dc14.png,masks/09f3eb84c5a5406597a017efdf16dc14.png,data/raw/BrCaWisconsin/Dataset_BUSI_with_GT/malignant/malignant (6).png,data/raw/BrCaWisconsin/Dataset_BUSI_with_GT/malignant/malignant (6)_mask.png,512,512,malignant,val
fdc0722f4821492db01abeb976ec08f4.png,12368650786426165701,malignant (154),images/fdc0722f4821492db01abeb976ec08f4.png,masks/fdc0722f4821492db01abeb976ec08f4.png,data/raw/BrCaWisconsin/Dataset_BUSI_with_GT/malignant/malignant (154).png,data/raw/BrCaWisconsin/Dataset_BUSI_with_GT/malignant/malignant (154)_mask.png,512,512,malignant,val
42680e79b1714eb097a62bb7abbf20de.png,7158974415588582742,malignant (92),images/42680e79b1714eb097a62bb7abbf20de.png,masks/42680e79b1714eb097a62bb7abbf20de.png,data/raw/BrCaWisconsin/Dataset_BUSI_with_GT/malignant/malignant (92).png,data/raw/BrCaWisconsin/Dataset_BUSI_with_GT/malignant/malignant (92)_mask.png,512,512,malignant,val
7443908fe3924e51ba9f5e2f7d40f68a.png,15012903902816166822,malignant (123),images/7443908fe3924e51ba9f5e2f7d40f68a.png,masks/7443908fe3924e51ba9f5e2f7d40f68a.png,data/raw/BrCaWisconsin/Dataset_BUSI_with_GT/malignant/malignant (123).png,data/raw/BrCaWisconsin/Dataset_BUSI_with_GT/malignant/malignant (123)_mask.png,512,512,malignant,val
3346a5fbc5d74fe7a87b9af9b2ec1aa1.png,6006980792108859151,malignant (79),images/3346a5fbc5d74fe7a87b9af9b2ec1aa1.png,masks/3346a5fbc5d74fe7a87b9af9b2ec1aa1.png,data/raw/BrCaWisconsin/Dataset_BUSI_with_GT/malignant/malignant (79).png,data/raw/BrCaWisconsin/Dataset_BUSI_with_GT/malignant/malignant (79)_mask.png,512,512,malignant,val
e75512ef3c4c442a9171db7280a22c36.png,11228149601361611309,malignant (8),images/e75512ef3c4c442a9171db7280a22c36.png,masks/e75512ef3c4c442a9171db7280a22c36.png,data/raw/BrCaWisconsin/Dataset_BUSI_with_GT/malignant/malignant (8).png,data/raw/BrCaWisconsin/Dataset_BUSI_with_GT/malignant/malignant (8)_mask.png,512,512,malignant,val
38c6bba9fc9f4733b049e0c966aebceb.png,7108319144056312089,malignant (141),images/38c6bba9fc9f4733b049e0c966aebceb.png,masks/38c6bba9fc9f4733b049e0c966aebceb.png,data/raw/BrCaWisconsin/Dataset_BUSI_with_GT/malignant/malignant (141).png,data/raw/BrCaWisconsin/Dataset_BUSI_with_GT/malignant/malignant (141)_mask.png,512,512,malignant,val
7010765b944c4cfdb06d86dd284cacee.png,16927228205391599302,malignant (188),images/7010765b944c4cfdb06d86dd284cacee.png,masks/7010765b944c4cfdb06d86dd284cacee.png,data/raw/BrCaWisconsin/Dataset_BUSI_with_GT/malignant/malignant (188).png,data/raw/BrCaWisconsin/Dataset_BUSI_with_GT/malignant/malignant (188)_mask.png,512,512,malignant,val
778ea02761ec4bfb9184415f169e1a2a.png,5881109528391902759,malignant (174),images/778ea02761ec4bfb9184415f169e1a2a.png,masks/778ea02761ec4bfb9184415f169e1a2a.png,data/raw/BrCaWisconsin/Dataset_BUSI_with_GT/malignant/malignant (174).png,data/raw/BrCaWisconsin/Dataset_BUSI_with_GT/malignant/malignant (174)_mask.png,512,512,malignant,val
2afc409e09b54ec9bad8dccf71825e9d.png,3723585847631032979,malignant (17),images/2afc409e09b54ec9bad8dccf71825e9d.png,masks/2afc409e09b54ec9bad8dccf71825e9d.png,data/raw/BrCaWisconsin/Dataset_BUSI_with_GT/malignant/malignant (17).png,data/raw/BrCaWisconsin/Dataset_BUSI_with_GT/malignant/malignant (17)_mask.png,512,512,malignant,val
57b14d383f9b4afb9f836c734b441d36.png,10510059242096194296,malignant (162),images/57b14d383f9b4afb9f836c734b441d36.png,masks/57b14d383f9b4afb9f836c734b441d36.png,data/raw/BrCaWisconsin/Dataset_BUSI_with_GT/malignant/malignant (162).png,data/raw/BrCaWisconsin/Dataset_BUSI_with_GT/malignant/malignant (162)_mask.png,512,512,malignant,val
db4c8704f4b24028838082c19675d1f8.png,10477296442827682097,malignant (135),images/db4c8704f4b24028838082c19675d1f8.png,masks/db4c8704f4b24028838082c19675d1f8.png,data/raw/BrCaWisconsin/Dataset_BUSI_with_GT/malignant/malignant (135).png,data/raw/BrCaWisconsin/Dataset_BUSI_with_GT/malignant/malignant (135)_mask.png,512,512,malignant,val
c978df81817d4361835dcf26270713c9.png,7543123239950499382,malignant (155),images/c978df81817d4361835dcf26270713c9.png,masks/c978df81817d4361835dcf26270713c9.png,data/raw/BrCaWisconsin/Dataset_BUSI_with_GT/malignant/malignant (155).png,data/raw/BrCaWisconsin/Dataset_BUSI_with_GT/malignant/malignant (155)_mask.png,512,512,malignant,val
5817a8904fe8459c8ce5b2ded7074a24.png,6383135937090422027,malignant (36),images/5817a8904fe8459c8ce5b2ded7074a24.png,masks/5817a8904fe8459c8ce5b2ded7074a24.png,data/raw/BrCaWisconsin/Dataset_BUSI_with_GT/malignant/malignant (36).png,data/raw/BrCaWisconsin/Dataset_BUSI_with_GT/malignant/malignant (36)_mask.png,512,512,malignant,val
95e5b85b1dd94a3399b49de83a6a1162.png,15337196043067296947,malignant (67),images/95e5b85b1dd94a3399b49de83a6a1162.png,masks/95e5b85b1dd94a3399b49de83a6a1162.png,data/raw/BrCaWisconsin/Dataset_BUSI_with_GT/malignant/malignant (67).png,data/raw/BrCaWisconsin/Dataset_BUSI_with_GT/malignant/malignant (67)_mask.png,512,512,malignant,val
700144ab51a64777b5058348c8e280fc.png,6002609514225651599,malignant (30),images/700144ab51a64777b5058348c8e280fc.png,masks/700144ab51a64777b5058348c8e280fc.png,data/raw/BrCaWisconsin/Dataset_BUSI_with_GT/malignant/malignant (30).png,data/raw/BrCaWisconsin/Dataset_BUSI_with_GT/malignant/malignant (30)_mask.png,512,512,malignant,val
6b937d24449b4582bdd904d5a70335f2.png,14769946432667824626,malignant (85),images/6b937d24449b4582bdd904d5a70335f2.png,masks/6b937d24449b4582bdd904d5a70335f2.png,data/raw/BrCaWisconsin/Dataset_BUSI_with_GT/malignant/malignant (85).png,data/raw/BrCaWisconsin/Dataset_BUSI_with_GT/malignant/malignant (85)_mask.png,512,512,malignant,val
32912a9069414a0684e99832f6f408fd.png,7740638193676667651,malignant (204),images/32912a9069414a0684e99832f6f408fd.png,masks/32912a9069414a0684e99832f6f408fd.png,data/raw/BrCaWisconsin/Dataset_BUSI_with_GT/malignant/malignant (204).png,data/raw/BrCaWisconsin/Dataset_BUSI_with_GT/malignant/malignant (204)_mask.png,512,512,malignant,val
187d50f149a146619bbee46364b9fbd4.png,5463578452079185549,malignant (119),images/187d50f149a146619bbee46364b9fbd4.png,masks/187d50f149a146619bbee46364b9fbd4.png,data/raw/BrCaWisconsin/Dataset_BUSI_with_GT/malignant/malignant (119).png,data/raw/BrCaWisconsin/Dataset_BUSI_with_GT/malignant/malignant (119)_mask.png,512,512,malignant,val
f7046e6874fc4ccca60de2c0e7fbca44.png,7623984853244351378,malignant (26),images/f7046e6874fc4ccca60de2c0e7fbca44.png,masks/f7046e6874fc4ccca60de2c0e7fbca44.png,data/raw/BrCaWisconsin/Dataset_BUSI_with_GT/malignant/malignant (26).png,data/raw/BrCaWisconsin/Dataset_BUSI_with_GT/malignant/malignant (26)_mask.png,512,512,malignant,val
88afbd904cb94d9fb893b3333ba173fc.png,15050356204162658480,malignant (58),images/88afbd904cb94d9fb893b3333ba173fc.png,masks/88afbd904cb94d9fb893b3333ba173fc.png,data/raw/BrCaWisconsin/Dataset_BUSI_with_GT/malignant/malignant (58).png,data/raw/BrCaWisconsin/Dataset_BUSI_with_GT/malignant/malignant (58)_mask.png,512,512,malignant,val
3645b93b4ede49cdb82f75079873d730.png,3083356671859656329,malignant (91),images/3645b93b4ede49cdb82f75079873d730.png,masks/3645b93b4ede49cdb82f75079873d730.png,data/raw/BrCaWisconsin/Dataset_BUSI_with_GT/malignant/malignant (91).png,data/raw/BrCaWisconsin/Dataset_BUSI_with_GT/malignant/malignant (91)_mask.png,512,512,malignant,val
389011bb297341d389613b4e23fb5280.png,1356379343837724672,malignant (160),images/389011bb297341d389613b4e23fb5280.png,masks/389011bb297341d389613b4e23fb5280.png,data/raw/BrCaWisconsin/Dataset_BUSI_with_GT/malignant/malignant (160).png,data/raw/BrCaWisconsin/Dataset_BUSI_with_GT/malignant/malignant (160)_mask.png,512,512,malignant,val
3084572b246f434da1dd502d85f5f458.png,8065010763133906826,malignant (71),images/3084572b246f434da1dd502d85f5f458.png,masks/3084572b246f434da1dd502d85f5f458.png,data/raw/BrCaWisconsin/Dataset_BUSI_with_GT/malignant/malignant (71).png,data/raw/BrCaWisconsin/Dataset_BUSI_with_GT/malignant/malignant (71)_mask.png,512,512,malignant,val
8c63eeab8e044190a8c0107d439e53b7.png,1921042852243475532,malignant (22),images/8c63eeab8e044190a8c0107d439e53b7.png,masks/8c63eeab8e044190a8c0107d439e53b7.png,data/raw/BrCaWisconsin/Dataset_BUSI_with_GT/malignant/malignant (22).png,data/raw/BrCaWisconsin/Dataset_BUSI_with_GT/malignant/malignant (22)_mask.png,512,512,malignant,val
3a3809618dc64cd5a5af952fedd6a758.png,11721896283769673487,malignant (70),images/3a3809618dc64cd5a5af952fedd6a758.png,masks/3a3809618dc64cd5a5af952fedd6a758.png,data/raw/BrCaWisconsin/Dataset_BUSI_with_GT/malignant/malignant (70).png,data/raw/BrCaWisconsin/Dataset_BUSI_with_GT/malignant/malignant (70)_mask.png,512,512,malignant,val
c20533f8020b439fad11c7767b3596e5.png,15756593758207383127,malignant (159),images/c20533f8020b439fad11c7767b3596e5.png,masks/c20533f8020b439fad11c7767b3596e5.png,data/raw/BrCaWisconsin/Dataset_BUSI_with_GT/malignant/malignant (159).png,data/raw/BrCaWisconsin/Dataset_BUSI_with_GT/malignant/malignant (159)_mask.png,512,512,malignant,val
3764d1ac4d164694ad0d43bac031d3b2.png,6032599423440315239,malignant (27),images/3764d1ac4d164694ad0d43bac031d3b2.png,masks/3764d1ac4d164694ad0d43bac031d3b2.png,data/raw/BrCaWisconsin/Dataset_BUSI_with_GT/malignant/malignant (27).png,data/raw/BrCaWisconsin/Dataset_BUSI_with_GT/malignant/malignant (27)_mask.png,512,512,malignant,val
1ee3f0f896be481489584eaa451ea955.png,12369607347265493546,malignant (105),images/1ee3f0f896be481489584eaa451ea955.png,masks/1ee3f0f896be481489584eaa451ea955.png,data/raw/BrCaWisconsin/Dataset_BUSI_with_GT/malignant/malignant (105).png,data/raw/BrCaWisconsin/Dataset_BUSI_with_GT/malignant/malignant (105)_mask.png,512,512,malignant,val
8299fadd4f4c4169ba63f036cee2d519.png,10724366507333903869,malignant (111),images/8299fadd4f4c4169ba63f036cee2d519.png,masks/8299fadd4f4c4169ba63f036cee2d519.png,data/raw/BrCaWisconsin/Dataset_BUSI_with_GT/malignant/malignant (111).png,data/raw/BrCaWisconsin/Dataset_BUSI_with_GT/malignant/malignant (111)_mask.png,512,512,malignant,val
82b27b8e33f8419bbb3c7278a5ea2f45.png,8908438067580346677,malignant (29),images/82b27b8e33f8419bbb3c7278a5ea2f45.png,masks/82b27b8e33f8419bbb3c7278a5ea2f45.png,data/raw/BrCaWisconsin/Dataset_BUSI_with_GT/malignant/malignant (29).png,data/raw/BrCaWisconsin/Dataset_BUSI_with_GT/malignant/malignant (29)_mask.png,512,512,malignant,val
c05dd5ed68374ff0995a39fbfeacf7ad.png,15184473515792207631,malignant (31),images/c05dd5ed68374ff0995a39fbfeacf7ad.png,masks/c05dd5ed68374ff0995a39fbfeacf7ad.png,data/raw/BrCaWisconsin/Dataset_BUSI_with_GT/malignant/malignant (31).png,data/raw/BrCaWisconsin/Dataset_BUSI_with_GT/malignant/malignant (31)_mask.png,512,512,malignant,val
71f49cf2cc2947f6abc06000fa7f00a3.png,5426986705123577485,malignant (118),images/71f49cf2cc2947f6abc06000fa7f00a3.png,masks/71f49cf2cc2947f6abc06000fa7f00a3.png,data/raw/BrCaWisconsin/Dataset_BUSI_with_GT/malignant/malignant (118).png,data/raw/BrCaWisconsin/Dataset_BUSI_with_GT/malignant/malignant (118)_mask.png,512,512,malignant,val
2e5df1e64ba448a699a13d43ea901e17.png,8163573197515655947,malignant (53),images/2e5df1e64ba448a699a13d43ea901e17.png,masks/2e5df1e64ba448a699a13d43ea901e17.png,data/raw/BrCaWisconsin/Dataset_BUSI_with_GT/malignant/malignant (53).png,data/raw/BrCaWisconsin/Dataset_BUSI_with_GT/malignant/malignant (53)_mask.png,512,512,malignant,val
f0f428f8f5064649bf833f0702908a81.png,5091765304049167304,malignant (66),images/f0f428f8f5064649bf833f0702908a81.png,masks/f0f428f8f5064649bf833f0702908a81.png,data/raw/BrCaWisconsin/Dataset_BUSI_with_GT/malignant/malignant (66).png,data/raw/BrCaWisconsin/Dataset_BUSI_with_GT/malignant/malignant (66)_mask.png,512,512,malignant,val
9e788a39566848c7b6fe03008c082795.png,15481569408699274013,malignant (89),images/9e788a39566848c7b6fe03008c082795.png,masks/9e788a39566848c7b6fe03008c082795.png,data/raw/BrCaWisconsin/Dataset_BUSI_with_GT/malignant/malignant (89).png,data/raw/BrCaWisconsin/Dataset_BUSI_with_GT/malignant/malignant (89)_mask.png,512,512,malignant,val
2d0f595a1fe141df869d2e9c4069d0dd.png,3110499336142309432,malignant (130),images/2d0f595a1fe141df869d2e9c4069d0dd.png,masks/2d0f595a1fe141df869d2e9c4069d0dd.png,data/raw/BrCaWisconsin/Dataset_BUSI_with_GT/malignant/malignant (130).png,data/raw/BrCaWisconsin/Dataset_BUSI_with_GT/malignant/malignant (130)_mask.png,512,512,malignant,val
8d4ac0ccb2064312ae18b106186cb783.png,12254775235444032871,malignant (134),images/8d4ac0ccb2064312ae18b106186cb783.png,masks/8d4ac0ccb2064312ae18b106186cb783.png,data/raw/BrCaWisconsin/Dataset_BUSI_with_GT/malignant/malignant (134).png,data/raw/BrCaWisconsin/Dataset_BUSI_with_GT/malignant/malignant (134)_mask.png,512,512,malignant,val
80fd328fbff5459b8a651c8ea0b1a899.png,16943253762197096269,malignant (72),images/80fd328fbff5459b8a651c8ea0b1a899.png,masks/80fd328fbff5459b8a651c8ea0b1a899.png,data/raw/BrCaWisconsin/Dataset_BUSI_with_GT/malignant/malignant (72).png,data/raw/BrCaWisconsin/Dataset_BUSI_with_GT/malignant/malignant (72)_mask.png,512,512,malignant,val
6be5d25f42f34207883517029bdb44ac.png,17702186163639258404,malignant (183),images/6be5d25f42f34207883517029bdb44ac.png,masks/6be5d25f42f34207883517029bdb44ac.png,data/raw/BrCaWisconsin/Dataset_BUSI_with_GT/malignant/malignant (183).png,data/raw/BrCaWisconsin/Dataset_BUSI_with_GT/malignant/malignant (183)_mask.png,512,512,malignant,val
ae2b070924b64eae9857739d06d099ce.png,10615211187635003022,malignant (3),images/ae2b070924b64eae9857739d06d099ce.png,masks/ae2b070924b64eae9857739d06d099ce.png,data/raw/BrCaWisconsin/Dataset_BUSI_with_GT/malignant/malignant (3).png,data/raw/BrCaWisconsin/Dataset_BUSI_with_GT/malignant/malignant (3)_mask.png,512,512,malignant,val
3288d32c37aa4cd48b87b2bcc5b1a1f5.png,15901902853532720563,malignant (163),images/3288d32c37aa4cd48b87b2bcc5b1a1f5.png,masks/3288d32c37aa4cd48b87b2bcc5b1a1f5.png,data/raw/BrCaWisconsin/Dataset_BUSI_with_GT/malignant/malignant (163).png,data/raw/BrCaWisconsin/Dataset_BUSI_with_GT/malignant/malignant (163)_mask.png,512,512,malignant,val
ddaed4d2da35499b905f00c4332e9566.png,7594235609913855245,malignant (175),images/ddaed4d2da35499b905f00c4332e9566.png,masks/ddaed4d2da35499b905f00c4332e9566.png,data/raw/BrCaWisconsin/Dataset_BUSI_with_GT/malignant/malignant (175).png,data/raw/BrCaWisconsin/Dataset_BUSI_with_GT/malignant/malignant (175)_mask.png,512,512,malignant,val
907d55ac7fab4a21be1c5f007b80d296.png,12883349714847109007,malignant (124),images/907d55ac7fab4a21be1c5f007b80d296.png,masks/907d55ac7fab4a21be1c5f007b80d296.png,data/raw/BrCaWisconsin/Dataset_BUSI_with_GT/malignant/malignant (124).png,data/raw/BrCaWisconsin/Dataset_BUSI_with_GT/malignant/malignant (124)_mask.png,512,512,malignant,val
cd2a718f08f54d39b94709da40e40200.png,15175042310865990194,malignant (202),images/cd2a718f08f54d39b94709da40e40200.png,masks/cd2a718f08f54d39b94709da40e40200.png,data/raw/BrCaWisconsin/Dataset_BUSI_with_GT/malignant/malignant (202).png,data/raw/BrCaWisconsin/Dataset_BUSI_with_GT/malignant/malignant (202)_mask.png,512,512,malignant,val
d52172ff78e443629d00f999dbdc0106.png,16666048082916395673,malignant (83),images/d52172ff78e443629d00f999dbdc0106.png,masks/d52172ff78e443629d00f999dbdc0106.png,data/raw/BrCaWisconsin/Dataset_BUSI_with_GT/malignant/malignant (83).png,data/raw/BrCaWisconsin/Dataset_BUSI_with_GT/malignant/malignant (83)_mask.png,512,512,malignant,val
842209b6af19407ab272e9b774a766d1.png,11227549268012845577,malignant (7),images/842209b6af19407ab272e9b774a766d1.png,masks/842209b6af19407ab272e9b774a766d1.png,data/raw/BrCaWisconsin/Dataset_BUSI_with_GT/malignant/malignant (7).png,data/raw/BrCaWisconsin/Dataset_BUSI_with_GT/malignant/malignant (7)_mask.png,512,512,malignant,val
aa8002a30f2b4d97995266e47d70f7f1.png,15446180801802001695,malignant (172),images/aa8002a30f2b4d97995266e47d70f7f1.png,masks/aa8002a30f2b4d97995266e47d70f7f1.png,data/raw/BrCaWisconsin/Dataset_BUSI_with_GT/malignant/malignant (172).png,data/raw/BrCaWisconsin/Dataset_BUSI_with_GT/malignant/malignant (172)_mask.png,512,512,malignant,val
bce76d9ad71f40cfaccbc66a13e80d89.png,6110410709179593844,malignant (93),images/bce76d9ad71f40cfaccbc66a13e80d89.png,masks/bce76d9ad71f40cfaccbc66a13e80d89.png,data/raw/BrCaWisconsin/Dataset_BUSI_with_GT/malignant/malignant (93).png,data/raw/BrCaWisconsin/Dataset_BUSI_with_GT/malignant/malignant (93)_mask.png,512,512,malignant,val
63ef44d39d024aa49d94b0bd09776760.png,15396657774138739591,malignant (108),images/63ef44d39d024aa49d94b0bd09776760.png,masks/63ef44d39d024aa49d94b0bd09776760.png,data/raw/BrCaWisconsin/Dataset_BUSI_with_GT/malignant/malignant (108).png,data/raw/BrCaWisconsin/Dataset_BUSI_with_GT/malignant/malignant (108)_mask.png,512,512,malignant,val
52aad863f38d41d5a2896c64ad83a12a.png,16776562111018547609,malignant (102),images/52aad863f38d41d5a2896c64ad83a12a.png,masks/52aad863f38d41d5a2896c64ad83a12a.png,data/raw/BrCaWisconsin/Dataset_BUSI_with_GT/malignant/malignant (102).png,data/raw/BrCaWisconsin/Dataset_BUSI_with_GT/malignant/malignant (102)_mask.png,512,512,malignant,val
5886848a092746c79a99cb674a75690c.png,12707061993120162098,malignant (114),images/5886848a092746c79a99cb674a75690c.png,masks/5886848a092746c79a99cb674a75690c.png,data/raw/BrCaWisconsin/Dataset_BUSI_with_GT/malignant/malignant (114).png,data/raw/BrCaWisconsin/Dataset_BUSI_with_GT/malignant/malignant (114)_mask.png,512,512,malignant,val
0b3c2bea96ac447fb35c44956fb74b32.png,12585965111967375939,malignant (24),images/0b3c2bea96ac447fb35c44956fb74b32.png,masks/0b3c2bea96ac447fb35c44956fb74b32.png,data/raw/BrCaWisconsin/Dataset_BUSI_with_GT/malignant/malignant (24).png,data/raw/BrCaWisconsin/Dataset_BUSI_with_GT/malignant/malignant (24)_mask.png,512,512,malignant,val
ce0040a724534a84af2e6cbe7192dbbb.png,11201750429990037218,malignant (143),images/ce0040a724534a84af2e6cbe7192dbbb.png,masks/ce0040a724534a84af2e6cbe7192dbbb.png,data/raw/BrCaWisconsin/Dataset_BUSI_with_GT/malignant/malignant (143).png,data/raw/BrCaWisconsin/Dataset_BUSI_with_GT/malignant/malignant (143)_mask.png,512,512,malignant,val
ff0924ab3943449abecd6e275a836d1d.png,1896668923849741364,malignant (166),images/ff0924ab3943449abecd6e275a836d1d.png,masks/ff0924ab3943449abecd6e275a836d1d.png,data/raw/BrCaWisconsin/Dataset_BUSI_with_GT/malignant/malignant (166).png,data/raw/BrCaWisconsin/Dataset_BUSI_with_GT/malignant/malignant (166)_mask.png,512,512,malignant,val
c4a6cf7e53694ce68dffe39717f3e04d.png,12441979896720199566,malignant (97),images/c4a6cf7e53694ce68dffe39717f3e04d.png,masks/c4a6cf7e53694ce68dffe39717f3e04d.png,data/raw/BrCaWisconsin/Dataset_BUSI_with_GT/malignant/malignant (97).png,data/raw/BrCaWisconsin/Dataset_BUSI_with_GT/malignant/malignant (97)_mask.png,512,512,malignant,val
aa8a72a45a5643d0beb1c33108ad2a34.png,6237842371351765972,malignant (138),images/aa8a72a45a5643d0beb1c33108ad2a34.png,masks/aa8a72a45a5643d0beb1c33108ad2a34.png,data/raw/BrCaWisconsin/Dataset_BUSI_with_GT/malignant/malignant (138).png,data/raw/BrCaWisconsin/Dataset_BUSI_with_GT/malignant/malignant (138)_mask.png,512,512,malignant,val
1e642ceacbd7408294b2e35b85243937.png,14137197334708842105,malignant (11),images/1e642ceacbd7408294b2e35b85243937.png,masks/1e642ceacbd7408294b2e35b85243937.png,data/raw/BrCaWisconsin/Dataset_BUSI_with_GT/malignant/malignant (11).png,data/raw/BrCaWisconsin/Dataset_BUSI_with_GT/malignant/malignant (11)_mask.png,512,512,malignant,val
259abe1cbcd24c338b8e8784fe67c5c9.png,6028399832500941374,malignant (46),images/259abe1cbcd24c338b8e8784fe67c5c9.png,masks/259abe1cbcd24c338b8e8784fe67c5c9.png,data/raw/BrCaWisconsin/Dataset_BUSI_with_GT/malignant/malignant (46).png,data/raw/BrCaWisconsin/Dataset_BUSI_with_GT/malignant/malignant (46)_mask.png,512,512,malignant,val
c4805377f12248fb828487913ecc092a.png,2137993379619376828,malignant (180),images/c4805377f12248fb828487913ecc092a.png,masks/c4805377f12248fb828487913ecc092a.png,data/raw/BrCaWisconsin/Dataset_BUSI_with_GT/malignant/malignant (180).png,data/raw/BrCaWisconsin/Dataset_BUSI_with_GT/malignant/malignant (180)_mask.png,512,512,malignant,val
ff8b094c61314cb394abc8f343cbdc0f.png,5956769265147119375,malignant (147),images/ff8b094c61314cb394abc8f343cbdc0f.png,masks/ff8b094c61314cb394abc8f343cbdc0f.png,data/raw/BrCaWisconsin/Dataset_BUSI_with_GT/malignant/malignant (147).png,data/raw/BrCaWisconsin/Dataset_BUSI_with_GT/malignant/malignant (147)_mask.png,512,512,malignant,val
5375b26ec43147ad87d45653e4f9e507.png,5068127200985961106,malignant (196),images/5375b26ec43147ad87d45653e4f9e507.png,masks/5375b26ec43147ad87d45653e4f9e507.png,data/raw/BrCaWisconsin/Dataset_BUSI_with_GT/malignant/malignant (196).png,data/raw/BrCaWisconsin/Dataset_BUSI_with_GT/malignant/malignant (196)_mask.png,512,512,malignant,val
980d603b2e4941a4a3de39ef9024d78e.png,12163534429132273073,malignant (153),images/980d603b2e4941a4a3de39ef9024d78e.png,masks/980d603b2e4941a4a3de39ef9024d78e.png,data/raw/BrCaWisconsin/Dataset_BUSI_with_GT/malignant/malignant (153).png,data/raw/BrCaWisconsin/Dataset_BUSI_with_GT/malignant/malignant (153)_mask.png,512,512,malignant,val
fa7fadcae695467db873f21f8d35835f.png,13073361931296730159,malignant (50),images/fa7fadcae695467db873f21f8d35835f.png,masks/fa7fadcae695467db873f21f8d35835f.png,data/raw/BrCaWisconsin/Dataset_BUSI_with_GT/malignant/malignant (50).png,data/raw/BrCaWisconsin/Dataset_BUSI_with_GT/malignant/malignant (50)_mask.png,512,512,malignant,val
5b9af761f0894e2aabaf2318f8017466.png,11788890122187785999,malignant (129),images/5b9af761f0894e2aabaf2318f8017466.png,masks/5b9af761f0894e2aabaf2318f8017466.png,data/raw/BrCaWisconsin/Dataset_BUSI_with_GT/malignant/malignant (129).png,data/raw/BrCaWisconsin/Dataset_BUSI_with_GT/malignant/malignant (129)_mask.png,512,512,malignant,val
a2a3d80bdcdf48d280970b8e917a6aed.png,14797873150024235577,malignant (207),images/a2a3d80bdcdf48d280970b8e917a6aed.png,masks/a2a3d80bdcdf48d280970b8e917a6aed.png,data/raw/BrCaWisconsin/Dataset_BUSI_with_GT/malignant/malignant (207).png,data/raw/BrCaWisconsin/Dataset_BUSI_with_GT/malignant/malignant (207)_mask.png,512,512,malignant,val
900413eec29d471382210a324e010365.png,12372116760267966158,malignant (125),images/900413eec29d471382210a324e010365.png,masks/900413eec29d471382210a324e010365.png,data/raw/BrCaWisconsin/Dataset_BUSI_with_GT/malignant/malignant (125).png,data/raw/BrCaWisconsin/Dataset_BUSI_with_GT/malignant/malignant (125)_mask.png,512,512,malignant,val
ab425f1c6a464635a98fe33bc32691b6.png,16900489442182846988,malignant (190),images/ab425f1c6a464635a98fe33bc32691b6.png,masks/ab425f1c6a464635a98fe33bc32691b6.png,data/raw/BrCaWisconsin/Dataset_BUSI_with_GT/malignant/malignant (190).png,data/raw/BrCaWisconsin/Dataset_BUSI_with_GT/malignant/malignant (190)_mask.png,512,512,malignant,val
705b301e753147489b1b1eec8731324a.png,11127653239702211692,malignant (61),images/705b301e753147489b1b1eec8731324a.png,masks/705b301e753147489b1b1eec8731324a.png,data/raw/BrCaWisconsin/Dataset_BUSI_with_GT/malignant/malignant (61).png,data/raw/BrCaWisconsin/Dataset_BUSI_with_GT/malignant/malignant (61)_mask.png,512,512,malignant,val
27be8b112e6645c8838d4467e68a3149.png,11144912417651066048,malignant (164),images/27be8b112e6645c8838d4467e68a3149.png,masks/27be8b112e6645c8838d4467e68a3149.png,data/raw/BrCaWisconsin/Dataset_BUSI_with_GT/malignant/malignant (164).png,data/raw/BrCaWisconsin/Dataset_BUSI_with_GT/malignant/malignant (164)_mask.png,512,512,malignant,val
c9ac6b48c3854e679beb92f1c0ba6f78.png,12310261129418868570,malignant (75),images/c9ac6b48c3854e679beb92f1c0ba6f78.png,masks/c9ac6b48c3854e679beb92f1c0ba6f78.png,data/raw/BrCaWisconsin/Dataset_BUSI_with_GT/malignant/malignant (75).png,data/raw/BrCaWisconsin/Dataset_BUSI_with_GT/malignant/malignant (75)_mask.png,512,512,malignant,val
e9962d9924d8441bbd19a3fe8c87af9c.png,15391276680183683598,malignant (184),images/e9962d9924d8441bbd19a3fe8c87af9c.png,masks/e9962d9924d8441bbd19a3fe8c87af9c.png,data/raw/BrCaWisconsin/Dataset_BUSI_with_GT/malignant/malignant (184).png,data/raw/BrCaWisconsin/Dataset_BUSI_with_GT/malignant/malignant (184)_mask.png,512,512,malignant,val
7b0f024372d24d82bb78262f1f8b2704.png,6077052475570046534,malignant (137),images/7b0f024372d24d82bb78262f1f8b2704.png,masks/7b0f024372d24d82bb78262f1f8b2704.png,data/raw/BrCaWisconsin/Dataset_BUSI_with_GT/malignant/malignant (137).png,data/raw/BrCaWisconsin/Dataset_BUSI_with_GT/malignant/malignant (137)_mask.png,512,512,malignant,val
2871d323b73546aea892181d805dc9f0.png,15822617099113374133,malignant (133),images/2871d323b73546aea892181d805dc9f0.png,masks/2871d323b73546aea892181d805dc9f0.png,data/raw/BrCaWisconsin/Dataset_BUSI_with_GT/malignant/malignant (133).png,data/raw/BrCaWisconsin/Dataset_BUSI_with_GT/malignant/malignant (133)_mask.png,512,512,malignant,val
f2251a5b28a841e3a4ac0e1632c3ab84.png,16697969087776778344,malignant (54),images/f2251a5b28a841e3a4ac0e1632c3ab84.png,masks/f2251a5b28a841e3a4ac0e1632c3ab84.png,data/raw/BrCaWisconsin/Dataset_BUSI_with_GT/malignant/malignant (54).png,data/raw/BrCaWisconsin/Dataset_BUSI_with_GT/malignant/malignant (54)_mask.png,512,512,malignant,val
98221b74f79141928d6da304427c2018.png,13228311026582980074,malignant (148),images/98221b74f79141928d6da304427c2018.png,masks/98221b74f79141928d6da304427c2018.png,data/raw/BrCaWisconsin/Dataset_BUSI_with_GT/malignant/malignant (148).png,data/raw/BrCaWisconsin/Dataset_BUSI_with_GT/malignant/malignant (148)_mask.png,512,512,malignant,val
5b84f924cd0e4c1a89f869c684549615.png,2906389056091005751,malignant (116),images/5b84f924cd0e4c1a89f869c684549615.png,masks/5b84f924cd0e4c1a89f869c684549615.png,data/raw/BrCaWisconsin/Dataset_BUSI_with_GT/malignant/malignant (116).png,data/raw/BrCaWisconsin/Dataset_BUSI_with_GT/malignant/malignant (116)_mask.png,512,512,malignant,val
5f208eb5b56649e897f6178b7ce97b9f.png,12299828267306634911,malignant (20),images/5f208eb5b56649e897f6178b7ce97b9f.png,masks/5f208eb5b56649e897f6178b7ce97b9f.png,data/raw/BrCaWisconsin/Dataset_BUSI_with_GT/malignant/malignant (20).png,data/raw/BrCaWisconsin/Dataset_BUSI_with_GT/malignant/malignant (20)_mask.png,512,512,malignant,val
0ad61436094d482eae49a2b1cc11016a.png,6762482788857979464,malignant (109),images/0ad61436094d482eae49a2b1cc11016a.png,masks/0ad61436094d482eae49a2b1cc11016a.png,data/raw/BrCaWisconsin/Dataset_BUSI_with_GT/malignant/malignant (109).png,data/raw/BrCaWisconsin/Dataset_BUSI_with_GT/malignant/malignant (109)_mask.png,512,512,malignant,val
461f4746e7af4a5f926b370342f6603b.png,11211010136949830547,malignant (77),images/461f4746e7af4a5f926b370342f6603b.png,masks/461f4746e7af4a5f926b370342f6603b.png,data/raw/BrCaWisconsin/Dataset_BUSI_with_GT/malignant/malignant (77).png,data/raw/BrCaWisconsin/Dataset_BUSI_with_GT/malignant/malignant (77)_mask.png,512,512,malignant,val
2f789aa3d9d44176bf1388b11e7b4f95.png,11857573855072368988,malignant (98),images/2f789aa3d9d44176bf1388b11e7b4f95.png,masks/2f789aa3d9d44176bf1388b11e7b4f95.png,data/raw/BrCaWisconsin/Dataset_BUSI_with_GT/malignant/malignant (98).png,data/raw/BrCaWisconsin/Dataset_BUSI_with_GT/malignant/malignant (98)_mask.png,512,512,malignant,val
70f4dea971564006a81f3125ca608efa.png,10275687210134944793,malignant (208),images/70f4dea971564006a81f3125ca608efa.png,masks/70f4dea971564006a81f3125ca608efa.png,data/raw/BrCaWisconsin/Dataset_BUSI_with_GT/malignant/malignant (208).png,data/raw/BrCaWisconsin/Dataset_BUSI_with_GT/malignant/malignant (208)_mask.png,512,512,malignant,val
855116535e214616a806016836c848e7.png,12883758839989810990,malignant (40),images/855116535e214616a806016836c848e7.png,masks/855116535e214616a806016836c848e7.png,data/raw/BrCaWisconsin/Dataset_BUSI_with_GT/malignant/malignant (40).png,data/raw/BrCaWisconsin/Dataset_BUSI_with_GT/malignant/malignant (40)_mask.png,512,512,malignant,val
ebdc677d971b41a99e330773b68ad4d7.png,15119881605169954196,malignant (16),images/ebdc677d971b41a99e330773b68ad4d7.png,masks/ebdc677d971b41a99e330773b68ad4d7.png,data/raw/BrCaWisconsin/Dataset_BUSI_with_GT/malignant/malignant (16).png,data/raw/BrCaWisconsin/Dataset_BUSI_with_GT/malignant/malignant (16)_mask.png,512,512,malignant,val
a8b4a2134b524dbc9dcab4b3304e11d6.png,4292120161800385423,malignant (200),images/a8b4a2134b524dbc9dcab4b3304e11d6.png,masks/a8b4a2134b524dbc9dcab4b3304e11d6.png,data/raw/BrCaWisconsin/Dataset_BUSI_with_GT/malignant/malignant (200).png,data/raw/BrCaWisconsin/Dataset_BUSI_with_GT/malignant/malignant (200)_mask.png,512,512,malignant,val
5ddf9558216c4767b42955f03bbe37b2.png,11144459979921874124,malignant (57),images/5ddf9558216c4767b42955f03bbe37b2.png,masks/5ddf9558216c4767b42955f03bbe37b2.png,data/raw/BrCaWisconsin/Dataset_BUSI_with_GT/malignant/malignant (57).png,data/raw/BrCaWisconsin/Dataset_BUSI_with_GT/malignant/malignant (57)_mask.png,512,512,malignant,val
55613d99c307458693df5601dad31dfd.png,11230401401179495949,malignant (9),images/55613d99c307458693df5601dad31dfd.png,masks/55613d99c307458693df5601dad31dfd.png,data/raw/BrCaWisconsin/Dataset_BUSI_with_GT/malignant/malignant (9).png,data/raw/BrCaWisconsin/Dataset_BUSI_with_GT/malignant/malignant (9)_mask.png,512,512,malignant,val
f702f58a9c204fe093066f04813f3cd4.png,6155512239654126927,malignant (168),images/f702f58a9c204fe093066f04813f3cd4.png,masks/f702f58a9c204fe093066f04813f3cd4.png,data/raw/BrCaWisconsin/Dataset_BUSI_with_GT/malignant/malignant (168).png,data/raw/BrCaWisconsin/Dataset_BUSI_with_GT/malignant/malignant (168)_mask.png,512,512,malignant,val
54ec01a2db5b4daea57408ea2c226689.png,15343257560682450264,malignant (140),images/54ec01a2db5b4daea57408ea2c226689.png,masks/54ec01a2db5b4daea57408ea2c226689.png,data/raw/BrCaWisconsin/Dataset_BUSI_with_GT/malignant/malignant (140).png,data/raw/BrCaWisconsin/Dataset_BUSI_with_GT/malignant/malignant (140)_mask.png,512,512,malignant,val
5e4a83f803c546859ead3f0d616eb25f.png,6830353753416701986,malignant (189),images/5e4a83f803c546859ead3f0d616eb25f.png,masks/5e4a83f803c546859ead3f0d616eb25f.png,data/raw/BrCaWisconsin/Dataset_BUSI_with_GT/malignant/malignant (189).png,data/raw/BrCaWisconsin/Dataset_BUSI_with_GT/malignant/malignant (189)_mask.png,512,512,malignant,val
34d055d2398c43f5a361bd36d67dd944.png,11156984810655863763,malignant (78),images/34d055d2398c43f5a361bd36d67dd944.png,masks/34d055d2398c43f5a361bd36d67dd944.png,data/raw/BrCaWisconsin/Dataset_BUSI_with_GT/malignant/malignant (78).png,data/raw/BrCaWisconsin/Dataset_BUSI_with_GT/malignant/malignant (78)_mask.png,512,512,malignant,val
7a32af8a8abc42458125e62526e514ab.png,15247366574698928415,malignant (187),images/7a32af8a8abc42458125e62526e514ab.png,masks/7a32af8a8abc42458125e62526e514ab.png,data/raw/BrCaWisconsin/Dataset_BUSI_with_GT/malignant/malignant (187).png,data/raw/BrCaWisconsin/Dataset_BUSI_with_GT/malignant/malignant (187)_mask.png,512,512,malignant,val
667a6d1cd3344aae9a8de037c3096de1.png,12473733575106894607,malignant (161),images/667a6d1cd3344aae9a8de037c3096de1.png,masks/667a6d1cd3344aae9a8de037c3096de1.png,data/raw/BrCaWisconsin/Dataset_BUSI_with_GT/malignant/malignant (161).png,data/raw/BrCaWisconsin/Dataset_BUSI_with_GT/malignant/malignant (161)_mask.png,512,512,malignant,val
e2dbe5e34b944d298b5dfc9c76f01678.png,5974249852581152399,malignant (144),images/e2dbe5e34b944d298b5dfc9c76f01678.png,masks/e2dbe5e34b944d298b5dfc9c76f01678.png,data/raw/BrCaWisconsin/Dataset_BUSI_with_GT/malignant/malignant (144).png,data/raw/BrCaWisconsin/Dataset_BUSI_with_GT/malignant/malignant (144)_mask.png,512,512,malignant,val
94dd8614bedf40ad9d0f711782effd1f.png,6220126521017588568,malignant (59),images/94dd8614bedf40ad9d0f711782effd1f.png,masks/94dd8614bedf40ad9d0f711782effd1f.png,data/raw/BrCaWisconsin/Dataset_BUSI_with_GT/malignant/malignant (59).png,data/raw/BrCaWisconsin/Dataset_BUSI_with_GT/malignant/malignant (59)_mask.png,512,512,malignant,val
f72e5bd3c26c43cda8817270d5555ca5.png,12331534363795459342,malignant (90),images/f72e5bd3c26c43cda8817270d5555ca5.png,masks/f72e5bd3c26c43cda8817270d5555ca5.png,data/raw/BrCaWisconsin/Dataset_BUSI_with_GT/malignant/malignant (90).png,data/raw/BrCaWisconsin/Dataset_BUSI_with_GT/malignant/malignant (90)_mask.png,512,512,malignant,val
160dffa39bbf4e859b3bcb9009c4d8ab.png,3588413550471089935,malignant (82),images/160dffa39bbf4e859b3bcb9009c4d8ab.png,masks/160dffa39bbf4e859b3bcb9009c4d8ab.png,data/raw/BrCaWisconsin/Dataset_BUSI_with_GT/malignant/malignant (82).png,data/raw/BrCaWisconsin/Dataset_BUSI_with_GT/malignant/malignant (82)_mask.png,512,512,malignant,val
dca6db8578344e43a7e2631d7c82ec2f.png,10634602057720007566,malignant (23),images/dca6db8578344e43a7e2631d7c82ec2f.png,masks/dca6db8578344e43a7e2631d7c82ec2f.png,data/raw/BrCaWisconsin/Dataset_BUSI_with_GT/malignant/malignant (23).png,data/raw/BrCaWisconsin/Dataset_BUSI_with_GT/malignant/malignant (23)_mask.png,512,512,malignant,val
047d7c55c86440f59b86380ad7978cd9.png,15173441422858300465,malignant (113),images/047d7c55c86440f59b86380ad7978cd9.png,masks/047d7c55c86440f59b86380ad7978cd9.png,data/raw/BrCaWisconsin/Dataset_BUSI_with_GT/malignant/malignant (113).png,data/raw/BrCaWisconsin/Dataset_BUSI_with_GT/malignant/malignant (113)_mask.png,512,512,malignant,val
05a26737628f42178c12af325ff3a118.png,12264451970438674771,malignant (37),images/05a26737628f42178c12af325ff3a118.png,masks/05a26737628f42178c12af325ff3a118.png,data/raw/BrCaWisconsin/Dataset_BUSI_with_GT/malignant/malignant (37).png,data/raw/BrCaWisconsin/Dataset_BUSI_with_GT/malignant/malignant (37)_mask.png,512,512,malignant,val
8f441d38af7a4894a09dca9e06f61c59.png,8418017872959688338,malignant (205),images/8f441d38af7a4894a09dca9e06f61c59.png,masks/8f441d38af7a4894a09dca9e06f61c59.png,data/raw/BrCaWisconsin/Dataset_BUSI_with_GT/malignant/malignant (205).png,data/raw/BrCaWisconsin/Dataset_BUSI_with_GT/malignant/malignant (205)_mask.png,512,512,malignant,val
e067164b96fd4629a16c36735241aaa7.png,7335962021095093364,malignant (94),images/e067164b96fd4629a16c36735241aaa7.png,masks/e067164b96fd4629a16c36735241aaa7.png,data/raw/BrCaWisconsin/Dataset_BUSI_with_GT/malignant/malignant (94).png,data/raw/BrCaWisconsin/Dataset_BUSI_with_GT/malignant/malignant (94)_mask.png,512,512,malignant,val
38b4233771b043cd948ec2cc01c8cff4.png,5284259092654015494,malignant (152),images/38b4233771b043cd948ec2cc01c8cff4.png,masks/38b4233771b043cd948ec2cc01c8cff4.png,data/raw/BrCaWisconsin/Dataset_BUSI_with_GT/malignant/malignant (152).png,data/raw/BrCaWisconsin/Dataset_BUSI_with_GT/malignant/malignant (152)_mask.png,512,512,malignant,val
8b6bbeafeadc424fbdc323a5a05663da.png,4292846515157524628,malignant (1),images/8b6bbeafeadc424fbdc323a5a05663da.png,masks/8b6bbeafeadc424fbdc323a5a05663da.png,data/raw/BrCaWisconsin/Dataset_BUSI_with_GT/malignant/malignant (1).png,data/raw/BrCaWisconsin/Dataset_BUSI_with_GT/malignant/malignant (1)_mask.png,512,512,malignant,val
8a0abb553e394ac5a944948ae77a4c26.png,10640925540635304803,malignant (28),images/8a0abb553e394ac5a944948ae77a4c26.png,masks/8a0abb553e394ac5a944948ae77a4c26.png,data/raw/BrCaWisconsin/Dataset_BUSI_with_GT/malignant/malignant (28).png,data/raw/BrCaWisconsin/Dataset_BUSI_with_GT/malignant/malignant (28)_mask.png,512,512,malignant,val
66ab99f924d741c7bd36885a6edf216b.png,13323029159204523724,malignant (95),images/66ab99f924d741c7bd36885a6edf216b.png,masks/66ab99f924d741c7bd36885a6edf216b.png,data/raw/BrCaWisconsin/Dataset_BUSI_with_GT/malignant/malignant (95).png,data/raw/BrCaWisconsin/Dataset_BUSI_with_GT/malignant/malignant (95)_mask.png,512,512,malignant,val
1ede0e3ac808467387fe8e836d59fc7f.png,10777993395923410278,malignant (110),images/1ede0e3ac808467387fe8e836d59fc7f.png,masks/1ede0e3ac808467387fe8e836d59fc7f.png,data/raw/BrCaWisconsin/Dataset_BUSI_with_GT/malignant/malignant (110).png,data/raw/BrCaWisconsin/Dataset_BUSI_with_GT/malignant/malignant (110)_mask.png,512,512,malignant,val
9e6edcbedbc346629f50b3c36232f535.png,6171282294528822300,malignant (104),images/9e6edcbedbc346629f50b3c36232f535.png,masks/9e6edcbedbc346629f50b3c36232f535.png,data/raw/BrCaWisconsin/Dataset_BUSI_with_GT/malignant/malignant (104).png,data/raw/BrCaWisconsin/Dataset_BUSI_with_GT/malignant/malignant (104)_mask.png,512,512,malignant,val
8ccdf3ee235d44a7a0f7a0e5b88c798f.png,6220978335364315164,malignant (52),images/8ccdf3ee235d44a7a0f7a0e5b88c798f.png,masks/8ccdf3ee235d44a7a0f7a0e5b88c798f.png,data/raw/BrCaWisconsin/Dataset_BUSI_with_GT/malignant/malignant (52).png,data/raw/BrCaWisconsin/Dataset_BUSI_with_GT/malignant/malignant (52)_mask.png,512,512,malignant,val
29739df166944dbca30141a5c3234ec4.png,3987037720156963079,malignant (145),images/29739df166944dbca30141a5c3234ec4.png,masks/29739df166944dbca30141a5c3234ec4.png,data/raw/BrCaWisconsin/Dataset_BUSI_with_GT/malignant/malignant (145).png,data/raw/BrCaWisconsin/Dataset_BUSI_with_GT/malignant/malignant (145)_mask.png,512,512,malignant,val
e618712577e34e2793ff0d73e7e40c4c.png,15215466422262445735,malignant (169),images/e618712577e34e2793ff0d73e7e40c4c.png,masks/e618712577e34e2793ff0d73e7e40c4c.png,data/raw/BrCaWisconsin/Dataset_BUSI_with_GT/malignant/malignant (169).png,data/raw/BrCaWisconsin/Dataset_BUSI_with_GT/malignant/malignant (169)_mask.png,512,512,malignant,val
d4faf850adc343cf99ba6346202679f1.png,5063901766790386033,malignant (186),images/d4faf850adc343cf99ba6346202679f1.png,masks/d4faf850adc343cf99ba6346202679f1.png,data/raw/BrCaWisconsin/Dataset_BUSI_with_GT/malignant/malignant (186).png,data/raw/BrCaWisconsin/Dataset_BUSI_with_GT/malignant/malignant (186)_mask.png,512,512,malignant,val
6376348be1524c0488ba345eb7cd7e0e.png,18060460272433163981,malignant (56),images/6376348be1524c0488ba345eb7cd7e0e.png,masks/6376348be1524c0488ba345eb7cd7e0e.png,data/raw/BrCaWisconsin/Dataset_BUSI_with_GT/malignant/malignant (56).png,data/raw/BrCaWisconsin/Dataset_BUSI_with_GT/malignant/malignant (56)_mask.png,512,512,malignant,val
9154ad4ad6b94b3198eee94f9772e0d7.png,15430948303640356386,malignant (131),images/9154ad4ad6b94b3198eee94f9772e0d7.png,masks/9154ad4ad6b94b3198eee94f9772e0d7.png,data/raw/BrCaWisconsin/Dataset_BUSI_with_GT/malignant/malignant (131).png,data/raw/BrCaWisconsin/Dataset_BUSI_with_GT/malignant/malignant (131)_mask.png,512,512,malignant,val
5766ae2fa0bf4edaa579e04896ac84e0.png,15660855991016836940,malignant (182),images/5766ae2fa0bf4edaa579e04896ac84e0.png,masks/5766ae2fa0bf4edaa579e04896ac84e0.png,data/raw/BrCaWisconsin/Dataset_BUSI_with_GT/malignant/malignant (182).png,data/raw/BrCaWisconsin/Dataset_BUSI_with_GT/malignant/malignant (182)_mask.png,512,512,malignant,val
4d762b830415434186c19b955fcdd6ea.png,5806786805892555426,malignant (2),images/4d762b830415434186c19b955fcdd6ea.png,masks/4d762b830415434186c19b955fcdd6ea.png,data/raw/BrCaWisconsin/Dataset_BUSI_with_GT/malignant/malignant (2).png,data/raw/BrCaWisconsin/Dataset_BUSI_with_GT/malignant/malignant (2)_mask.png,512,512,malignant,val
56b414e1c7804513ae8daf0f1f9a1444.png,11946445665247528839,malignant (128),images/56b414e1c7804513ae8daf0f1f9a1444.png,masks/56b414e1c7804513ae8daf0f1f9a1444.png,data/raw/BrCaWisconsin/Dataset_BUSI_with_GT/malignant/malignant (128).png,data/raw/BrCaWisconsin/Dataset_BUSI_with_GT/malignant/malignant (128)_mask.png,512,512,malignant,val
43e8b240fd9e4831afb2bf741fb33269.png,14639322747527936817,malignant (73),images/43e8b240fd9e4831afb2bf741fb33269.png,masks/43e8b240fd9e4831afb2bf741fb33269.png,data/raw/BrCaWisconsin/Dataset_BUSI_with_GT/malignant/malignant (73).png,data/raw/BrCaWisconsin/Dataset_BUSI_with_GT/malignant/malignant (73)_mask.png,512,512,malignant,val
d5e20d0d3941445296ef91e5d14c9bc4.png,2582202590886743823,malignant (201),images/d5e20d0d3941445296ef91e5d14c9bc4.png,masks/d5e20d0d3941445296ef91e5d14c9bc4.png,data/raw/BrCaWisconsin/Dataset_BUSI_with_GT/malignant/malignant (201).png,data/raw/BrCaWisconsin/Dataset_BUSI_with_GT/malignant/malignant (201)_mask.png,512,512,malignant,val
37173a3fce3a4c389e35093b7f0c31b8.png,16754677275835267129,malignant (76),images/37173a3fce3a4c389e35093b7f0c31b8.png,masks/37173a3fce3a4c389e35093b7f0c31b8.png,data/raw/BrCaWisconsin/Dataset_BUSI_with_GT/malignant/malignant (76).png,data/raw/BrCaWisconsin/Dataset_BUSI_with_GT/malignant/malignant (76)_mask.png,512,512,malignant,val
6e48443a110540e889b9d1506da32b8b.png,12153752551204769483,malignant (25),images/6e48443a110540e889b9d1506da32b8b.png,masks/6e48443a110540e889b9d1506da32b8b.png,data/raw/BrCaWisconsin/Dataset_BUSI_with_GT/malignant/malignant (25).png,data/raw/BrCaWisconsin/Dataset_BUSI_with_GT/malignant/malignant (25)_mask.png,512,512,malignant,val
375ae9d874f64b7fa772bc4f4204d0de.png,2419341927927151836,malignant (99),images/375ae9d874f64b7fa772bc4f4204d0de.png,masks/375ae9d874f64b7fa772bc4f4204d0de.png,data/raw/BrCaWisconsin/Dataset_BUSI_with_GT/malignant/malignant (99).png,data/raw/BrCaWisconsin/Dataset_BUSI_with_GT/malignant/malignant (99)_mask.png,512,512,malignant,val
8bce049084b9410b8ac6b5224481e182.png,3218607859806703502,malignant (96),images/8bce049084b9410b8ac6b5224481e182.png,masks/8bce049084b9410b8ac6b5224481e182.png,data/raw/BrCaWisconsin/Dataset_BUSI_with_GT/malignant/malignant (96).png,data/raw/BrCaWisconsin/Dataset_BUSI_with_GT/malignant/malignant (96)_mask.png,512,512,malignant,val
34273d837fd34efbada48756e644e886.png,2844706470148403739,malignant (21),images/34273d837fd34efbada48756e644e886.png,masks/34273d837fd34efbada48756e644e886.png,data/raw/BrCaWisconsin/Dataset_BUSI_with_GT/malignant/malignant (21).png,data/raw/BrCaWisconsin/Dataset_BUSI_with_GT/malignant/malignant (21)_mask.png,512,512,malignant,val
c65b391541a74b3e94b10d13f903345f.png,5099575943764223397,malignant (167),images/c65b391541a74b3e94b10d13f903345f.png,masks/c65b391541a74b3e94b10d13f903345f.png,data/raw/BrCaWisconsin/Dataset_BUSI_with_GT/malignant/malignant (167).png,data/raw/BrCaWisconsin/Dataset_BUSI_with_GT/malignant/malignant (167)_mask.png,512,512,malignant,val
a59a38d3e61643f89da6cc759cb1f3de.png,7314746790731051809,malignant (173),images/a59a38d3e61643f89da6cc759cb1f3de.png,masks/a59a38d3e61643f89da6cc759cb1f3de.png,data/raw/BrCaWisconsin/Dataset_BUSI_with_GT/malignant/malignant (173).png,data/raw/BrCaWisconsin/Dataset_BUSI_with_GT/malignant/malignant (173)_mask.png,512,512,malignant,val
390880c9209149d781a4b93a4cedf758.png,3716182645968037703,malignant (203),images/390880c9209149d781a4b93a4cedf758.png,masks/390880c9209149d781a4b93a4cedf758.png,data/raw/BrCaWisconsin/Dataset_BUSI_with_GT/malignant/malignant (203).png,data/raw/BrCaWisconsin/Dataset_BUSI_with_GT/malignant/malignant (203)_mask.png,512,512,malignant,val
e168b5fd6d7045bbba86a6ab99dc8228.png,7460936758049223975,malignant (149),images/e168b5fd6d7045bbba86a6ab99dc8228.png,masks/e168b5fd6d7045bbba86a6ab99dc8228.png,data/raw/BrCaWisconsin/Dataset_BUSI_with_GT/malignant/malignant (149).png,data/raw/BrCaWisconsin/Dataset_BUSI_with_GT/malignant/malignant (149)_mask.png,512,512,malignant,val
e02951a69a104ebbbb487df5f914dcce.png,6029233192947175613,malignant (132),images/e02951a69a104ebbbb487df5f914dcce.png,masks/e02951a69a104ebbbb487df5f914dcce.png,data/raw/BrCaWisconsin/Dataset_BUSI_with_GT/malignant/malignant (132).png,data/raw/BrCaWisconsin/Dataset_BUSI_with_GT/malignant/malignant (132)_mask.png,512,512,malignant,val
cfbb71553cbf48498cf865a42a1d702a.png,5949416267933753127,malignant (165),images/cfbb71553cbf48498cf865a42a1d702a.png,masks/cfbb71553cbf48498cf865a42a1d702a.png,data/raw/BrCaWisconsin/Dataset_BUSI_with_GT/malignant/malignant (165).png,data/raw/BrCaWisconsin/Dataset_BUSI_with_GT/malignant/malignant (165)_mask.png,512,512,malignant,val
f8a7c840164c423a83141dff66c93245.png,13462548688782390098,malignant (146),images/f8a7c840164c423a83141dff66c93245.png,masks/f8a7c840164c423a83141dff66c93245.png,data/raw/BrCaWisconsin/Dataset_BUSI_with_GT/malignant/malignant (146).png,data/raw/BrCaWisconsin/Dataset_BUSI_with_GT/malignant/malignant (146)_mask.png,512,512,malignant,val
ca3c3ec9bc84408285221defc9ca0084.png,15046764802176884378,malignant (101),images/ca3c3ec9bc84408285221defc9ca0084.png,masks/ca3c3ec9bc84408285221defc9ca0084.png,data/raw/BrCaWisconsin/Dataset_BUSI_with_GT/malignant/malignant (101).png,data/raw/BrCaWisconsin/Dataset_BUSI_with_GT/malignant/malignant (101)_mask.png,512,512,malignant,val
b96cdfb1222149f480b5d1b4d12742af.png,13018902013435517967,malignant (39),images/b96cdfb1222149f480b5d1b4d12742af.png,masks/b96cdfb1222149f480b5d1b4d12742af.png,data/raw/BrCaWisconsin/Dataset_BUSI_with_GT/malignant/malignant (39).png,data/raw/BrCaWisconsin/Dataset_BUSI_with_GT/malignant/malignant (39)_mask.png,512,512,malignant,val
4606067239b04b9bad5ddd8e8d55aa4d.png,6037265020572869419,malignant (43),images/4606067239b04b9bad5ddd8e8d55aa4d.png,masks/4606067239b04b9bad5ddd8e8d55aa4d.png,data/raw/BrCaWisconsin/Dataset_BUSI_with_GT/malignant/malignant (43).png,data/raw/BrCaWisconsin/Dataset_BUSI_with_GT/malignant/malignant (43)_mask.png,512,512,malignant,val
9fd308a286294479825c9c58b7a23555.png,8240120351410120534,malignant (34),images/9fd308a286294479825c9c58b7a23555.png,masks/9fd308a286294479825c9c58b7a23555.png,data/raw/BrCaWisconsin/Dataset_BUSI_with_GT/malignant/malignant (34).png,data/raw/BrCaWisconsin/Dataset_BUSI_with_GT/malignant/malignant (34)_mask.png,512,512,malignant,val
962932409c3541329dd427617f283da8.png,10760311016153583247,malignant (63),images/962932409c3541329dd427617f283da8.png,masks/962932409c3541329dd427617f283da8.png,data/raw/BrCaWisconsin/Dataset_BUSI_with_GT/malignant/malignant (63).png,data/raw/BrCaWisconsin/Dataset_BUSI_with_GT/malignant/malignant (63)_mask.png,512,512,malignant,val
7b0235b4e1c54cfa937a4e78ca7350e6.png,3050504244166862631,malignant (18),images/7b0235b4e1c54cfa937a4e78ca7350e6.png,masks/7b0235b4e1c54cfa937a4e78ca7350e6.png,data/raw/BrCaWisconsin/Dataset_BUSI_with_GT/malignant/malignant (18).png,data/raw/BrCaWisconsin/Dataset_BUSI_with_GT/malignant/malignant (18)_mask.png,512,512,malignant,val
71c366a632e34af1bfba78e1f91acb5d.png,8514281349397664343,malignant (120),images/71c366a632e34af1bfba78e1f91acb5d.png,masks/71c366a632e34af1bfba78e1f91acb5d.png,data/raw/BrCaWisconsin/Dataset_BUSI_with_GT/malignant/malignant (120).png,data/raw/BrCaWisconsin/Dataset_BUSI_with_GT/malignant/malignant (120)_mask.png,512,512,malignant,val
136329cffce6486a8d5b710538bf5857.png,15171102215310456944,malignant (170),images/136329cffce6486a8d5b710538bf5857.png,masks/136329cffce6486a8d5b710538bf5857.png,data/raw/BrCaWisconsin/Dataset_BUSI_with_GT/malignant/malignant (170).png,data/raw/BrCaWisconsin/Dataset_BUSI_with_GT/malignant/malignant (170)_mask.png,512,512,malignant,val
7371e523c1db4b06923d9e458af48c6d.png,8343719903252164969,malignant (62),images/7371e523c1db4b06923d9e458af48c6d.png,masks/7371e523c1db4b06923d9e458af48c6d.png,data/raw/BrCaWisconsin/Dataset_BUSI_with_GT/malignant/malignant (62).png,data/raw/BrCaWisconsin/Dataset_BUSI_with_GT/malignant/malignant (62)_mask.png,512,512,malignant,val
09366475228b4f6d832ee0e5bc64702b.png,4294774412116275754,malignant (193),images/09366475228b4f6d832ee0e5bc64702b.png,masks/09366475228b4f6d832ee0e5bc64702b.png,data/raw/BrCaWisconsin/Dataset_BUSI_with_GT/malignant/malignant (193).png,data/raw/BrCaWisconsin/Dataset_BUSI_with_GT/malignant/malignant (193)_mask.png,512,512,malignant,val
cd3c1a1a3f3d4181822e8034afe393ce.png,10495133390709896115,malignant (127),images/cd3c1a1a3f3d4181822e8034afe393ce.png,masks/cd3c1a1a3f3d4181822e8034afe393ce.png,data/raw/BrCaWisconsin/Dataset_BUSI_with_GT/malignant/malignant (127).png,data/raw/BrCaWisconsin/Dataset_BUSI_with_GT/malignant/malignant (127)_mask.png,512,512,malignant,val
c0fd214d683f42249787d8cd0551290c.png,1480184198573967044,malignant (150),images/c0fd214d683f42249787d8cd0551290c.png,masks/c0fd214d683f42249787d8cd0551290c.png,data/raw/BrCaWisconsin/Dataset_BUSI_with_GT/malignant/malignant (150).png,data/raw/BrCaWisconsin/Dataset_BUSI_with_GT/malignant/malignant (150)_mask.png,512,512,malignant,val
a9c8d098871240e48d015cb5a91e7e19.png,6240119456842692792,malignant (107),images/a9c8d098871240e48d015cb5a91e7e19.png,masks/a9c8d098871240e48d015cb5a91e7e19.png,data/raw/BrCaWisconsin/Dataset_BUSI_with_GT/malignant/malignant (107).png,data/raw/BrCaWisconsin/Dataset_BUSI_with_GT/malignant/malignant (107)_mask.png,512,512,malignant,val
1bbdd18164a4475db41f159a1dc4739a.png,15039254371457134897,malignant (176),images/1bbdd18164a4475db41f159a1dc4739a.png,masks/1bbdd18164a4475db41f159a1dc4739a.png,data/raw/BrCaWisconsin/Dataset_BUSI_with_GT/malignant/malignant (176).png,data/raw/BrCaWisconsin/Dataset_BUSI_with_GT/malignant/malignant (176)_mask.png,512,512,malignant,val
6955baaa61914222992719e1b9b32943.png,5932282677543842900,malignant (87),images/6955baaa61914222992719e1b9b32943.png,masks/6955baaa61914222992719e1b9b32943.png,data/raw/BrCaWisconsin/Dataset_BUSI_with_GT/malignant/malignant (87).png,data/raw/BrCaWisconsin/Dataset_BUSI_with_GT/malignant/malignant (87)_mask.png,512,512,malignant,val
b7e82dfbacaa403cbb939f981e95129f.png,11343382934435845971,malignant (38),images/b7e82dfbacaa403cbb939f981e95129f.png,masks/b7e82dfbacaa403cbb939f981e95129f.png,data/raw/BrCaWisconsin/Dataset_BUSI_with_GT/malignant/malignant (38).png,data/raw/BrCaWisconsin/Dataset_BUSI_with_GT/malignant/malignant (38)_mask.png,512,512,malignant,val
e44bed03ef2d4138bbfab523ad88bd19.png,12316874760706249945,malignant (80),images/e44bed03ef2d4138bbfab523ad88bd19.png,masks/e44bed03ef2d4138bbfab523ad88bd19.png,data/raw/BrCaWisconsin/Dataset_BUSI_with_GT/malignant/malignant (80).png,data/raw/BrCaWisconsin/Dataset_BUSI_with_GT/malignant/malignant (80)_mask.png,512,512,malignant,val
dfe3a26d83814edb92d6c74074699971.png,15301134277894127910,malignant (14),images/dfe3a26d83814edb92d6c74074699971.png,masks/dfe3a26d83814edb92d6c74074699971.png,data/raw/BrCaWisconsin/Dataset_BUSI_with_GT/malignant/malignant (14).png,data/raw/BrCaWisconsin/Dataset_BUSI_with_GT/malignant/malignant (14)_mask.png,512,512,malignant,val
a2d9f29ff04141fdb5d63507533a705b.png,10688337710312711677,malignant (15),images/a2d9f29ff04141fdb5d63507533a705b.png,masks/a2d9f29ff04141fdb5d63507533a705b.png,data/raw/BrCaWisconsin/Dataset_BUSI_with_GT/malignant/malignant (15).png,data/raw/BrCaWisconsin/Dataset_BUSI_with_GT/malignant/malignant (15)_mask.png,512,512,malignant,val
df05eb113fb24d28b5261b150a565f72.png,7302214722103319708,malignant (157),images/df05eb113fb24d28b5261b150a565f72.png,masks/df05eb113fb24d28b5261b150a565f72.png,data/raw/BrCaWisconsin/Dataset_BUSI_with_GT/malignant/malignant (157).png,data/raw/BrCaWisconsin/Dataset_BUSI_with_GT/malignant/malignant (157)_mask.png,512,512,malignant,val
f0e53b5c9ee541319cc1176c2501df47.png,6139227128452845455,malignant (192),images/f0e53b5c9ee541319cc1176c2501df47.png,masks/f0e53b5c9ee541319cc1176c2501df47.png,data/raw/BrCaWisconsin/Dataset_BUSI_with_GT/malignant/malignant (192).png,data/raw/BrCaWisconsin/Dataset_BUSI_with_GT/malignant/malignant (192)_mask.png,512,512,malignant,val
9c873221553d4153ad9cd8dbf58afd5d.png,12450927451491421742,malignant (195),images/9c873221553d4153ad9cd8dbf58afd5d.png,masks/9c873221553d4153ad9cd8dbf58afd5d.png,data/raw/BrCaWisconsin/Dataset_BUSI_with_GT/malignant/malignant (195).png,data/raw/BrCaWisconsin/Dataset_BUSI_with_GT/malignant/malignant (195)_mask.png,512,512,malignant,val
25f12d7714ac4fd69758eaf0e31fe758.png,14457850726934538119,malignant (64),images/25f12d7714ac4fd69758eaf0e31fe758.png,masks/25f12d7714ac4fd69758eaf0e31fe758.png,data/raw/BrCaWisconsin/Dataset_BUSI_with_GT/malignant/malignant (64).png,data/raw/BrCaWisconsin/Dataset_BUSI_with_GT/malignant/malignant (64)_mask.png,512,512,malignant,val
45ca1bcea2b14a37887a7bd2d2cc5ed4.png,13018902013435518238,malignant (42),images/45ca1bcea2b14a37887a7bd2d2cc5ed4.png,masks/45ca1bcea2b14a37887a7bd2d2cc5ed4.png,data/raw/BrCaWisconsin/Dataset_BUSI_with_GT/malignant/malignant (42).png,data/raw/BrCaWisconsin/Dataset_BUSI_with_GT/malignant/malignant (42)_mask.png,512,512,malignant,val
48a82a6b4aff4389b5021c9a57efe8bc.png,10463142641424568587,malignant (126),images/48a82a6b4aff4389b5021c9a57efe8bc.png,masks/48a82a6b4aff4389b5021c9a57efe8bc.png,data/raw/BrCaWisconsin/Dataset_BUSI_with_GT/malignant/malignant (126).png,data/raw/BrCaWisconsin/Dataset_BUSI_with_GT/malignant/malignant (126)_mask.png,512,512,malignant,val
62133eedff35431ba2a90d08f80c72d0.png,5927091437342725011,malignant (45),images/62133eedff35431ba2a90d08f80c72d0.png,masks/62133eedff35431ba2a90d08f80c72d0.png,data/raw/BrCaWisconsin/Dataset_BUSI_with_GT/malignant/malignant (45).png,data/raw/BrCaWisconsin/Dataset_BUSI_with_GT/malignant/malignant (45)_mask.png,512,512,malignant,val
056fe8a914364cfb9137109c1e856378.png,13028008091433883858,malignant (81),images/056fe8a914364cfb9137109c1e856378.png,masks/056fe8a914364cfb9137109c1e856378.png,data/raw/BrCaWisconsin/Dataset_BUSI_with_GT/malignant/malignant (81).png,data/raw/BrCaWisconsin/Dataset_BUSI_with_GT/malignant/malignant (81)_mask.png,512,512,malignant,val
196b8f7b1d1c42e09f51584cb91c72fc.png,14616900766923249752,malignant (106),images/196b8f7b1d1c42e09f51584cb91c72fc.png,masks/196b8f7b1d1c42e09f51584cb91c72fc.png,data/raw/BrCaWisconsin/Dataset_BUSI_with_GT/malignant/malignant (106).png,data/raw/BrCaWisconsin/Dataset_BUSI_with_GT/malignant/malignant (106)_mask.png,512,512,malignant,val
026e16935bd3401c968e997744c33510.png,10658519117021497103,malignant (151),images/026e16935bd3401c968e997744c33510.png,masks/026e16935bd3401c968e997744c33510.png,data/raw/BrCaWisconsin/Dataset_BUSI_with_GT/malignant/malignant (151).png,data/raw/BrCaWisconsin/Dataset_BUSI_with_GT/malignant/malignant (151)_mask.png,512,512,malignant,val
0a696a404320432b85d4c5a7544ef2f0.png,1195378826433697676,malignant (171),images/0a696a404320432b85d4c5a7544ef2f0.png,masks/0a696a404320432b85d4c5a7544ef2f0.png,data/raw/BrCaWisconsin/Dataset_BUSI_with_GT/malignant/malignant (171).png,data/raw/BrCaWisconsin/Dataset_BUSI_with_GT/malignant/malignant (171)_mask.png,512,512,malignant,val
6bb1d9f8ba424194bc56333488f33a98.png,13534942829449350543,malignant (69),images/6bb1d9f8ba424194bc56333488f33a98.png,masks/6bb1d9f8ba424194bc56333488f33a98.png,data/raw/BrCaWisconsin/Dataset_BUSI_with_GT/malignant/malignant (69).png,data/raw/BrCaWisconsin/Dataset_BUSI_with_GT/malignant/malignant (69)_mask.png,512,512,malignant,val
54eceafd8e3249a4bd339f623d6686b6.png,7668197376686089444,malignant (198),images/54eceafd8e3249a4bd339f623d6686b6.png,masks/54eceafd8e3249a4bd339f623d6686b6.png,data/raw/BrCaWisconsin/Dataset_BUSI_with_GT/malignant/malignant (198).png,data/raw/BrCaWisconsin/Dataset_BUSI_with_GT/malignant/malignant (198)_mask.png,512,512,malignant,val
b7bd697b7b67400085ddaad03796bd73.png,15197832918469123591,malignant (19),images/b7bd697b7b67400085ddaad03796bd73.png,masks/b7bd697b7b67400085ddaad03796bd73.png,data/raw/BrCaWisconsin/Dataset_BUSI_with_GT/malignant/malignant (19).png,data/raw/BrCaWisconsin/Dataset_BUSI_with_GT/malignant/malignant (19)_mask.png,512,512,malignant,val
054aa20e93634f6eb7e7e78b84245d1a.png,6739965340342723176,malignant (13),images/054aa20e93634f6eb7e7e78b84245d1a.png,masks/054aa20e93634f6eb7e7e78b84245d1a.png,data/raw/BrCaWisconsin/Dataset_BUSI_with_GT/malignant/malignant (13).png,data/raw/BrCaWisconsin/Dataset_BUSI_with_GT/malignant/malignant (13)_mask.png,512,512,malignant,val
e667fbbd150d4b1ab2c2d74b358755e4.png,13305364111651535131,malignant (48),images/e667fbbd150d4b1ab2c2d74b358755e4.png,masks/e667fbbd150d4b1ab2c2d74b358755e4.png,data/raw/BrCaWisconsin/Dataset_BUSI_with_GT/malignant/malignant (48).png,data/raw/BrCaWisconsin/Dataset_BUSI_with_GT/malignant/malignant (48)_mask.png,512,512,malignant,val
4240eafd5ed740f2a1605da84426f535.png,12280318267463458262,malignant (35),images/4240eafd5ed740f2a1605da84426f535.png,masks/4240eafd5ed740f2a1605da84426f535.png,data/raw/BrCaWisconsin/Dataset_BUSI_with_GT/malignant/malignant (35).png,data/raw/BrCaWisconsin/Dataset_BUSI_with_GT/malignant/malignant (35)_mask.png,512,512,malignant,val
e78d3cbe25004b859c372a302aa8b689.png,12228624068245359375,malignant (32),images/e78d3cbe25004b859c372a302aa8b689.png,masks/e78d3cbe25004b859c372a302aa8b689.png,data/raw/BrCaWisconsin/Dataset_BUSI_with_GT/malignant/malignant (32).png,data/raw/BrCaWisconsin/Dataset_BUSI_with_GT/malignant/malignant (32)_mask.png,512,512,malignant,val
286a1cc0390b4fd0bf47467732e13076.png,11143511234402636954,malignant (156),images/286a1cc0390b4fd0bf47467732e13076.png,masks/286a1cc0390b4fd0bf47467732e13076.png,data/raw/BrCaWisconsin/Dataset_BUSI_with_GT/malignant/malignant (156).png,data/raw/BrCaWisconsin/Dataset_BUSI_with_GT/malignant/malignant (156)_mask.png,512,512,malignant,val
236ea0409c6d4e88ae8d4a0c33972086.png,2404164219215812632,malignant (100),images/236ea0409c6d4e88ae8d4a0c33972086.png,masks/236ea0409c6d4e88ae8d4a0c33972086.png,data/raw/BrCaWisconsin/Dataset_BUSI_with_GT/malignant/malignant (100).png,data/raw/BrCaWisconsin/Dataset_BUSI_with_GT/malignant/malignant (100)_mask.png,512,512,malignant,val
151797b430744fba8d8b20cb46dd7faa.png,10140537007944053746,malignant (86),images/151797b430744fba8d8b20cb46dd7faa.png,masks/151797b430744fba8d8b20cb46dd7faa.png,data/raw/BrCaWisconsin/Dataset_BUSI_with_GT/malignant/malignant (86).png,data/raw/BrCaWisconsin/Dataset_BUSI_with_GT/malignant/malignant (86)_mask.png,512,512,malignant,val
874c0ca3b7b343efa6f043831070e4f6.png,15389742086514122086,malignant (12),images/874c0ca3b7b343efa6f043831070e4f6.png,masks/874c0ca3b7b343efa6f043831070e4f6.png,data/raw/BrCaWisconsin/Dataset_BUSI_with_GT/malignant/malignant (12).png,data/raw/BrCaWisconsin/Dataset_BUSI_with_GT/malignant/malignant (12)_mask.png,512,512,malignant,val
70351e67b61049d4aa4481e18f4ff9b1.png,5957604411111138446,malignant (121),images/70351e67b61049d4aa4481e18f4ff9b1.png,masks/70351e67b61049d4aa4481e18f4ff9b1.png,data/raw/BrCaWisconsin/Dataset_BUSI_with_GT/malignant/malignant (121).png,data/raw/BrCaWisconsin/Dataset_BUSI_with_GT/malignant/malignant (121)_mask.png,512,512,malignant,val
cee00a7bfa454b4a962765a78df29390.png,11918114126238780941,malignant (177),images/cee00a7bfa454b4a962765a78df29390.png,masks/cee00a7bfa454b4a962765a78df29390.png,data/raw/BrCaWisconsin/Dataset_BUSI_with_GT/malignant/malignant (177).png,data/raw/BrCaWisconsin/Dataset_BUSI_with_GT/malignant/malignant (177)_mask.png,512,512,malignant,val
27e1d4dd6328431e8bfc50e5c6f1b191.png,17053111808133685899,malignant (65),images/27e1d4dd6328431e8bfc50e5c6f1b191.png,masks/27e1d4dd6328431e8bfc50e5c6f1b191.png,data/raw/BrCaWisconsin/Dataset_BUSI_with_GT/malignant/malignant (65).png,data/raw/BrCaWisconsin/Dataset_BUSI_with_GT/malignant/malignant (65)_mask.png,512,512,malignant,val
13f9fea611e8458db1132554cfc693b4.png,5966932732052583861,malignant (49),images/13f9fea611e8458db1132554cfc693b4.png,masks/13f9fea611e8458db1132554cfc693b4.png,data/raw/BrCaWisconsin/Dataset_BUSI_with_GT/malignant/malignant (49).png,data/raw/BrCaWisconsin/Dataset_BUSI_with_GT/malignant/malignant (49)_mask.png,512,512,malignant,val
0bbb0297ef884190a5290c4b8efcd587.png,6604612592942795853,malignant (199),images/0bbb0297ef884190a5290c4b8efcd587.png,masks/0bbb0297ef884190a5290c4b8efcd587.png,data/raw/BrCaWisconsin/Dataset_BUSI_with_GT/malignant/malignant (199).png,data/raw/BrCaWisconsin/Dataset_BUSI_with_GT/malignant/malignant (199)_mask.png,512,512,malignant,val
e4166f71068c4222a047884ff61e67dc.png,2620702118467166561,malignant (194),images/e4166f71068c4222a047884ff61e67dc.png,masks/e4166f71068c4222a047884ff61e67dc.png,data/raw/BrCaWisconsin/Dataset_BUSI_with_GT/malignant/malignant (194).png,data/raw/BrCaWisconsin/Dataset_BUSI_with_GT/malignant/malignant (194)_mask.png,512,512,malignant,val
1cb938d311d441c7a40dceee0ed66d29.png,12869411752610865050,malignant (33),images/1cb938d311d441c7a40dceee0ed66d29.png,masks/1cb938d311d441c7a40dceee0ed66d29.png,data/raw/BrCaWisconsin/Dataset_BUSI_with_GT/malignant/malignant (33).png,data/raw/BrCaWisconsin/Dataset_BUSI_with_GT/malignant/malignant (33)_mask.png,512,512,malignant,val
f7143b2218f443159925484993714773.png,7609863515379805753,malignant (44),images/f7143b2218f443159925484993714773.png,masks/f7143b2218f443159925484993714773.png,data/raw/BrCaWisconsin/Dataset_BUSI_with_GT/malignant/malignant (44).png,data/raw/BrCaWisconsin/Dataset_BUSI_with_GT/malignant/malignant (44)_mask.png,512,512,malignant,val
241c961b677d438e9367b85e7479d630.png,10589465566200238359,malignant (68),images/241c961b677d438e9367b85e7479d630.png,masks/241c961b677d438e9367b85e7479d630.png,data/raw/BrCaWisconsin/Dataset_BUSI_with_GT/malignant/malignant (68).png,data/raw/BrCaWisconsin/Dataset_BUSI_with_GT/malignant/malignant (68)_mask.png,512,512,malignant,val
305898180e1b4fc7a0384eba3aadfcb2.png,2898675682616452205,benign (246),images/305898180e1b4fc7a0384eba3aadfcb2.png,masks/305898180e1b4fc7a0384eba3aadfcb2.png,data/raw/BrCaWisconsin/Dataset_BUSI_with_GT/benign/benign (246).png,data/raw/BrCaWisconsin/Dataset_BUSI_with_GT/benign/benign (246)_mask.png,512,512,benign,val
d12d42fdda5a4ddcb7c8faae483eedc0.png,1418329088246975416,benign (328),images/d12d42fdda5a4ddcb7c8faae483eedc0.png,masks/d12d42fdda5a4ddcb7c8faae483eedc0.png,data/raw/BrCaWisconsin/Dataset_BUSI_with_GT/benign/benign (328).png,data/raw/BrCaWisconsin/Dataset_BUSI_with_GT/benign/benign (328)_mask.png,512,512,benign,val
9cf7be1fd95640e699b56967f3cbcbb6.png,11045822140432527667,benign (282),images/9cf7be1fd95640e699b56967f3cbcbb6.png,masks/9cf7be1fd95640e699b56967f3cbcbb6.png,data/raw/BrCaWisconsin/Dataset_BUSI_with_GT/benign/benign (282).png,data/raw/BrCaWisconsin/Dataset_BUSI_with_GT/benign/benign (282)_mask.png,512,512,benign,val
c4f3682b19cf46cea247b47c5e37e10b.png,10756049723478167246,benign (136),images/c4f3682b19cf46cea247b47c5e37e10b.png,masks/c4f3682b19cf46cea247b47c5e37e10b.png,data/raw/BrCaWisconsin/Dataset_BUSI_with_GT/benign/benign (136).png,data/raw/BrCaWisconsin/Dataset_BUSI_with_GT/benign/benign (136)_mask.png,512,512,benign,val
88400665ba204d42be9d014aa0d551ea.png,10900977800863721444,benign (300),images/88400665ba204d42be9d014aa0d551ea.png,masks/88400665ba204d42be9d014aa0d551ea.png,data/raw/BrCaWisconsin/Dataset_BUSI_with_GT/benign/benign (300).png,data/raw/BrCaWisconsin/Dataset_BUSI_with_GT/benign/benign (300)_mask.png,512,512,benign,val
72006b03d4384714b67377ce6612a281.png,6317589122254674122,benign (144),images/72006b03d4384714b67377ce6612a281.png,masks/72006b03d4384714b67377ce6612a281.png,data/raw/BrCaWisconsin/Dataset_BUSI_with_GT/benign/benign (144).png,data/raw/BrCaWisconsin/Dataset_BUSI_with_GT/benign/benign (144)_mask.png,512,512,benign,val
9178cc1d4ff14a9eac4c5405f94eb828.png,1500572628019876510,benign (87),images/9178cc1d4ff14a9eac4c5405f94eb828.png,masks/9178cc1d4ff14a9eac4c5405f94eb828.png,data/raw/BrCaWisconsin/Dataset_BUSI_with_GT/benign/benign (87).png,data/raw/BrCaWisconsin/Dataset_BUSI_with_GT/benign/benign (87)_mask.png,512,512,benign,val
51729611df014ec6baf0b4b854c9fba2.png,2623356424715594185,benign (82),images/51729611df014ec6baf0b4b854c9fba2.png,masks/51729611df014ec6baf0b4b854c9fba2.png,data/raw/BrCaWisconsin/Dataset_BUSI_with_GT/benign/benign (82).png,data/raw/BrCaWisconsin/Dataset_BUSI_with_GT/benign/benign (82)_mask.png,512,512,benign,val
c49156b2e72f4bc1b3473fa3a88ccedb.png,7697944566939346241,benign (185),images/c49156b2e72f4bc1b3473fa3a88ccedb.png,masks/c49156b2e72f4bc1b3473fa3a88ccedb.png,data/raw/BrCaWisconsin/Dataset_BUSI_with_GT/benign/benign (185).png,data/raw/BrCaWisconsin/Dataset_BUSI_with_GT/benign/benign (185)_mask.png,512,512,benign,val
596ce0c5d25e4960bdb51c2ded96d829.png,8839923049266140372,benign (390),images/596ce0c5d25e4960bdb51c2ded96d829.png,masks/596ce0c5d25e4960bdb51c2ded96d829.png,data/raw/BrCaWisconsin/Dataset_BUSI_with_GT/benign/benign (390).png,data/raw/BrCaWisconsin/Dataset_BUSI_with_GT/benign/benign (390)_mask.png,512,512,benign,val
03b0751308054a2b99ef92474a08a6b2.png,14022400442857607010,benign (34),images/03b0751308054a2b99ef92474a08a6b2.png,masks/03b0751308054a2b99ef92474a08a6b2.png,data/raw/BrCaWisconsin/Dataset_BUSI_with_GT/benign/benign (34).png,data/raw/BrCaWisconsin/Dataset_BUSI_with_GT/benign/benign (34)_mask.png,512,512,benign,val
126a640abb864e228783731f59f59d4e.png,1563213862049208472,benign (113),images/126a640abb864e228783731f59f59d4e.png,masks/126a640abb864e228783731f59f59d4e.png,data/raw/BrCaWisconsin/Dataset_BUSI_with_GT/benign/benign (113).png,data/raw/BrCaWisconsin/Dataset_BUSI_with_GT/benign/benign (113)_mask.png,512,512,benign,val
4aa750733f7c4b649343ee400b1e63eb.png,7335962012505437300,benign (406),images/4aa750733f7c4b649343ee400b1e63eb.png,masks/4aa750733f7c4b649343ee400b1e63eb.png,data/raw/BrCaWisconsin/Dataset_BUSI_with_GT/benign/benign (406).png,data/raw/BrCaWisconsin/Dataset_BUSI_with_GT/benign/benign (406)_mask.png,512,512,benign,val
6715939648f1496c884804cdad87d3c4.png,3082882937178392737,benign (369),images/6715939648f1496c884804cdad87d3c4.png,masks/6715939648f1496c884804cdad87d3c4.png,data/raw/BrCaWisconsin/Dataset_BUSI_with_GT/benign/benign (369).png,data/raw/BrCaWisconsin/Dataset_BUSI_with_GT/benign/benign (369)_mask.png,512,512,benign,val
04599e7800d9427b8294909360ade46b.png,3703539795231937426,benign (386),images/04599e7800d9427b8294909360ade46b.png,masks/04599e7800d9427b8294909360ade46b.png,data/raw/BrCaWisconsin/Dataset_BUSI_with_GT/benign/benign (386).png,data/raw/BrCaWisconsin/Dataset_BUSI_with_GT/benign/benign (386)_mask.png,512,512,benign,val
f03ec991e437458ca6d3ee08c7d0c28f.png,8401056293501546774,benign (20),images/f03ec991e437458ca6d3ee08c7d0c28f.png,masks/f03ec991e437458ca6d3ee08c7d0c28f.png,data/raw/BrCaWisconsin/Dataset_BUSI_with_GT/benign/benign (20).png,data/raw/BrCaWisconsin/Dataset_BUSI_with_GT/benign/benign (20)_mask.png,512,512,benign,val
ab49846f16dd451ba5cfafbedfad2924.png,7755632086306847802,benign (105),images/ab49846f16dd451ba5cfafbedfad2924.png,masks/ab49846f16dd451ba5cfafbedfad2924.png,data/raw/BrCaWisconsin/Dataset_BUSI_with_GT/benign/benign (105).png,data/raw/BrCaWisconsin/Dataset_BUSI_with_GT/benign/benign (105)_mask.png,512,512,benign,val
3a3a186067004363884db8b616f00bc4.png,386906918269653907,benign (228),images/3a3a186067004363884db8b616f00bc4.png,masks/3a3a186067004363884db8b616f00bc4.png,data/raw/BrCaWisconsin/Dataset_BUSI_with_GT/benign/benign (228).png,data/raw/BrCaWisconsin/Dataset_BUSI_with_GT/benign/benign (228)_mask.png,512,512,benign,val
fe27c93969544a83b5c9b853a4e1fa88.png,10048484815170407307,benign (191),images/fe27c93969544a83b5c9b853a4e1fa88.png,masks/fe27c93969544a83b5c9b853a4e1fa88.png,data/raw/BrCaWisconsin/Dataset_BUSI_with_GT/benign/benign (191).png,data/raw/BrCaWisconsin/Dataset_BUSI_with_GT/benign/benign (191)_mask.png,512,512,benign,val
c16aa96db20c403ca321ab884dcd5354.png,12909308103722477865,benign (158),images/c16aa96db20c403ca321ab884dcd5354.png,masks/c16aa96db20c403ca321ab884dcd5354.png,data/raw/BrCaWisconsin/Dataset_BUSI_with_GT/benign/benign (158).png,data/raw/BrCaWisconsin/Dataset_BUSI_with_GT/benign/benign (158)_mask.png,512,512,benign,val
0370c782f9e6444f9f3af036f7d5b83a.png,6022537333533818489,benign (410),images/0370c782f9e6444f9f3af036f7d5b83a.png,masks/0370c782f9e6444f9f3af036f7d5b83a.png,data/raw/BrCaWisconsin/Dataset_BUSI_with_GT/benign/benign (410).png,data/raw/BrCaWisconsin/Dataset_BUSI_with_GT/benign/benign (410)_mask.png,512,512,benign,val
d3480156e9b84062a3655b6fb2cfd246.png,6004904632643146569,benign (294),images/d3480156e9b84062a3655b6fb2cfd246.png,masks/d3480156e9b84062a3655b6fb2cfd246.png,data/raw/BrCaWisconsin/Dataset_BUSI_with_GT/benign/benign (294).png,data/raw/BrCaWisconsin/Dataset_BUSI_with_GT/benign/benign (294)_mask.png,512,512,benign,val
9c24a52f42344d4f8ca618858591ad07.png,1401935281012327239,benign (93),images/9c24a52f42344d4f8ca618858591ad07.png,masks/9c24a52f42344d4f8ca618858591ad07.png,data/raw/BrCaWisconsin/Dataset_BUSI_with_GT/benign/benign (93).png,data/raw/BrCaWisconsin/Dataset_BUSI_with_GT/benign/benign (93)_mask.png,512,512,benign,val
2bb1879aca4c48a08cd7029d5d1959c8.png,16435515805073126493,benign (314),images/2bb1879aca4c48a08cd7029d5d1959c8.png,masks/2bb1879aca4c48a08cd7029d5d1959c8.png,data/raw/BrCaWisconsin/Dataset_BUSI_with_GT/benign/benign (314).png,data/raw/BrCaWisconsin/Dataset_BUSI_with_GT/benign/benign (314)_mask.png,512,512,benign,val
522187caf2894db7a047a53591b82a8e.png,7397221939496051505,benign (408),images/522187caf2894db7a047a53591b82a8e.png,masks/522187caf2894db7a047a53591b82a8e.png,data/raw/BrCaWisconsin/Dataset_BUSI_with_GT/benign/benign (408).png,data/raw/BrCaWisconsin/Dataset_BUSI_with_GT/benign/benign (408)_mask.png,512,512,benign,val
99d27bed8ace463a88eb25fdd404b438.png,12367925495162515958,benign (122),images/99d27bed8ace463a88eb25fdd404b438.png,masks/99d27bed8ace463a88eb25fdd404b438.png,data/raw/BrCaWisconsin/Dataset_BUSI_with_GT/benign/benign (122).png,data/raw/BrCaWisconsin/Dataset_BUSI_with_GT/benign/benign (122)_mask.png,512,512,benign,val
656bfd0f0683485ca744724d3b16e341.png,11846173266449852664,benign (152),images/656bfd0f0683485ca744724d3b16e341.png,masks/656bfd0f0683485ca744724d3b16e341.png,data/raw/BrCaWisconsin/Dataset_BUSI_with_GT/benign/benign (152).png,data/raw/BrCaWisconsin/Dataset_BUSI_with_GT/benign/benign (152)_mask.png,512,512,benign,val
9088150945304841a05130bbb8a6c221.png,4853848522930552994,benign (252),images/9088150945304841a05130bbb8a6c221.png,masks/9088150945304841a05130bbb8a6c221.png,data/raw/BrCaWisconsin/Dataset_BUSI_with_GT/benign/benign (252).png,data/raw/BrCaWisconsin/Dataset_BUSI_with_GT/benign/benign (252)_mask.png,512,512,benign,val
ae190826a13b4e74aa03398b44897fe4.png,14521816087042519160,benign (94),images/ae190826a13b4e74aa03398b44897fe4.png,masks/ae190826a13b4e74aa03398b44897fe4.png,data/raw/BrCaWisconsin/Dataset_BUSI_with_GT/benign/benign (94).png,data/raw/BrCaWisconsin/Dataset_BUSI_with_GT/benign/benign (94)_mask.png,512,512,benign,val
a6d3a3e58baf43acb1c1821c20e8a1ac.png,17570255668385002617,benign (200),images/a6d3a3e58baf43acb1c1821c20e8a1ac.png,masks/a6d3a3e58baf43acb1c1821c20e8a1ac.png,data/raw/BrCaWisconsin/Dataset_BUSI_with_GT/benign/benign (200).png,data/raw/BrCaWisconsin/Dataset_BUSI_with_GT/benign/benign (200)_mask.png,512,512,benign,val
ff39e76f025544e5905513ccfb73c9c2.png,6598436007071329838,benign (345),images/ff39e76f025544e5905513ccfb73c9c2.png,masks/ff39e76f025544e5905513ccfb73c9c2.png,data/raw/BrCaWisconsin/Dataset_BUSI_with_GT/benign/benign (345).png,data/raw/BrCaWisconsin/Dataset_BUSI_with_GT/benign/benign (345)_mask.png,512,512,benign,val
38d30a10cf9f4a85a9aa5fa93f38884c.png,6721099508604233323,benign (209),images/38d30a10cf9f4a85a9aa5fa93f38884c.png,masks/38d30a10cf9f4a85a9aa5fa93f38884c.png,data/raw/BrCaWisconsin/Dataset_BUSI_with_GT/benign/benign (209).png,data/raw/BrCaWisconsin/Dataset_BUSI_with_GT/benign/benign (209)_mask.png,512,512,benign,val
6f7d60a89a5f40e29187c40242ae080c.png,5301397951103977739,benign (179),images/6f7d60a89a5f40e29187c40242ae080c.png,masks/6f7d60a89a5f40e29187c40242ae080c.png,data/raw/BrCaWisconsin/Dataset_BUSI_with_GT/benign/benign (179).png,data/raw/BrCaWisconsin/Dataset_BUSI_with_GT/benign/benign (179)_mask.png,512,512,benign,val
7afc17ce18a74a38816cef06752dbb3f.png,2797740684567987282,benign (129),images/7afc17ce18a74a38816cef06752dbb3f.png,masks/7afc17ce18a74a38816cef06752dbb3f.png,data/raw/BrCaWisconsin/Dataset_BUSI_with_GT/benign/benign (129).png,data/raw/BrCaWisconsin/Dataset_BUSI_with_GT/benign/benign (129)_mask.png,512,512,benign,val
f6795ae9511e42cfaf24d7ee82ce329d.png,11939646747407707867,benign (257),images/f6795ae9511e42cfaf24d7ee82ce329d.png,masks/f6795ae9511e42cfaf24d7ee82ce329d.png,data/raw/BrCaWisconsin/Dataset_BUSI_with_GT/benign/benign (257).png,data/raw/BrCaWisconsin/Dataset_BUSI_with_GT/benign/benign (257)_mask.png,512,512,benign,val
e258cc4d22be4cc0985a073755dfb174.png,9883337161398086798,benign (312),images/e258cc4d22be4cc0985a073755dfb174.png,masks/e258cc4d22be4cc0985a073755dfb174.png,data/raw/BrCaWisconsin/Dataset_BUSI_with_GT/benign/benign (312).png,data/raw/BrCaWisconsin/Dataset_BUSI_with_GT/benign/benign (312)_mask.png,512,512,benign,val
0e060426557b41bb9a47177ab5bfa9c7.png,12199469750197258635,benign (103),images/0e060426557b41bb9a47177ab5bfa9c7.png,masks/0e060426557b41bb9a47177ab5bfa9c7.png,data/raw/BrCaWisconsin/Dataset_BUSI_with_GT/benign/benign (103).png,data/raw/BrCaWisconsin/Dataset_BUSI_with_GT/benign/benign (103)_mask.png,512,512,benign,val
4729a22e611d440f93c760f39602f233.png,6240821083095153178,benign (429),images/4729a22e611d440f93c760f39602f233.png,masks/4729a22e611d440f93c760f39602f233.png,data/raw/BrCaWisconsin/Dataset_BUSI_with_GT/benign/benign (429).png,data/raw/BrCaWisconsin/Dataset_BUSI_with_GT/benign/benign (429)_mask.png,512,512,benign,val
af5a5ad9da7e4eedb35bac7be8a17828.png,16737005493048635569,benign (335),images/af5a5ad9da7e4eedb35bac7be8a17828.png,masks/af5a5ad9da7e4eedb35bac7be8a17828.png,data/raw/BrCaWisconsin/Dataset_BUSI_with_GT/benign/benign (335).png,data/raw/BrCaWisconsin/Dataset_BUSI_with_GT/benign/benign (335)_mask.png,512,512,benign,val
c307a612d50e48febb6671ccb73b4e6c.png,5812920856115295794,benign (273),images/c307a612d50e48febb6671ccb73b4e6c.png,masks/c307a612d50e48febb6671ccb73b4e6c.png,data/raw/BrCaWisconsin/Dataset_BUSI_with_GT/benign/benign (273).png,data/raw/BrCaWisconsin/Dataset_BUSI_with_GT/benign/benign (273)_mask.png,512,512,benign,val
ffb66d0d757e4de980fd4fc10ec47949.png,1372916282849211185,benign (57),images/ffb66d0d757e4de980fd4fc10ec47949.png,masks/ffb66d0d757e4de980fd4fc10ec47949.png,data/raw/BrCaWisconsin/Dataset_BUSI_with_GT/benign/benign (57).png,data/raw/BrCaWisconsin/Dataset_BUSI_with_GT/benign/benign (57)_mask.png,512,512,benign,val
ee41fa7816b640ad8a365c016892febd.png,3050804582385296469,benign (267),images/ee41fa7816b640ad8a365c016892febd.png,masks/ee41fa7816b640ad8a365c016892febd.png,data/raw/BrCaWisconsin/Dataset_BUSI_with_GT/benign/benign (267).png,data/raw/BrCaWisconsin/Dataset_BUSI_with_GT/benign/benign (267)_mask.png,512,512,benign,val
c657049834794acf9c4769ea6b96a5c4.png,12946258390975687751,benign (241),images/c657049834794acf9c4769ea6b96a5c4.png,masks/c657049834794acf9c4769ea6b96a5c4.png,data/raw/BrCaWisconsin/Dataset_BUSI_with_GT/benign/benign (241).png,data/raw/BrCaWisconsin/Dataset_BUSI_with_GT/benign/benign (241)_mask.png,512,512,benign,val
3c91c45ad9754e75a41fec5bcdcef152.png,3141517659458478501,benign (321),images/3c91c45ad9754e75a41fec5bcdcef152.png,masks/3c91c45ad9754e75a41fec5bcdcef152.png,data/raw/BrCaWisconsin/Dataset_BUSI_with_GT/benign/benign (321).png,data/raw/BrCaWisconsin/Dataset_BUSI_with_GT/benign/benign (321)_mask.png,512,512,benign,val
3819f69ee2a5441684f2b21832777441.png,1483331421982516856,benign (304),images/3819f69ee2a5441684f2b21832777441.png,masks/3819f69ee2a5441684f2b21832777441.png,data/raw/BrCaWisconsin/Dataset_BUSI_with_GT/benign/benign (304).png,data/raw/BrCaWisconsin/Dataset_BUSI_with_GT/benign/benign (304)_mask.png,512,512,benign,val
a8c5a643459e41739b45102cf7fa99e8.png,12369617047475905228,benign (117),images/a8c5a643459e41739b45102cf7fa99e8.png,masks/a8c5a643459e41739b45102cf7fa99e8.png,data/raw/BrCaWisconsin/Dataset_BUSI_with_GT/benign/benign (117).png,data/raw/BrCaWisconsin/Dataset_BUSI_with_GT/benign/benign (117)_mask.png,512,512,benign,val
472fe39e16cc48e8bba9562d11649e65.png,1993471428164708712,benign (187),images/472fe39e16cc48e8bba9562d11649e65.png,masks/472fe39e16cc48e8bba9562d11649e65.png,data/raw/BrCaWisconsin/Dataset_BUSI_with_GT/benign/benign (187).png,data/raw/BrCaWisconsin/Dataset_BUSI_with_GT/benign/benign (187)_mask.png,512,512,benign,val
942e9c8ad5364b39beb7320726597bea.png,6509274126448388203,benign (41),images/942e9c8ad5364b39beb7320726597bea.png,masks/942e9c8ad5364b39beb7320726597bea.png,data/raw/BrCaWisconsin/Dataset_BUSI_with_GT/benign/benign (41).png,data/raw/BrCaWisconsin/Dataset_BUSI_with_GT/benign/benign (41)_mask.png,512,512,benign,val
8e329790818f4930ab9d7d2b539a89e7.png,7680421660070245107,benign (168),images/8e329790818f4930ab9d7d2b539a89e7.png,masks/8e329790818f4930ab9d7d2b539a89e7.png,data/raw/BrCaWisconsin/Dataset_BUSI_with_GT/benign/benign (168).png,data/raw/BrCaWisconsin/Dataset_BUSI_with_GT/benign/benign (168)_mask.png,512,512,benign,val
f8540edf521a41aeafaa15a37c08b3d3.png,15885247148197180726,benign (392),images/f8540edf521a41aeafaa15a37c08b3d3.png,masks/f8540edf521a41aeafaa15a37c08b3d3.png,data/raw/BrCaWisconsin/Dataset_BUSI_with_GT/benign/benign (392).png,data/raw/BrCaWisconsin/Dataset_BUSI_with_GT/benign/benign (392)_mask.png,512,512,benign,val
00c40c255969403c82e89664cf00f163.png,10842937867645466801,benign (216),images/00c40c255969403c82e89664cf00f163.png,masks/00c40c255969403c82e89664cf00f163.png,data/raw/BrCaWisconsin/Dataset_BUSI_with_GT/benign/benign (216).png,data/raw/BrCaWisconsin/Dataset_BUSI_with_GT/benign/benign (216)_mask.png,512,512,benign,val
d83010e3947548e98974f2517a4e314d.png,1995413087044866370,benign (353),images/d83010e3947548e98974f2517a4e314d.png,masks/d83010e3947548e98974f2517a4e314d.png,data/raw/BrCaWisconsin/Dataset_BUSI_with_GT/benign/benign (353).png,data/raw/BrCaWisconsin/Dataset_BUSI_with_GT/benign/benign (353)_mask.png,512,512,benign,val
98d79238092541b088028c4d3eceb725.png,7666628382358364645,benign (15),images/98d79238092541b088028c4d3eceb725.png,masks/98d79238092541b088028c4d3eceb725.png,data/raw/BrCaWisconsin/Dataset_BUSI_with_GT/benign/benign (15).png,data/raw/BrCaWisconsin/Dataset_BUSI_with_GT/benign/benign (15)_mask.png,512,512,benign,val
65e9910a88734c4a95950c40f07ccc3b.png,10676863061040956974,benign (16),images/65e9910a88734c4a95950c40f07ccc3b.png,masks/65e9910a88734c4a95950c40f07ccc3b.png,data/raw/BrCaWisconsin/Dataset_BUSI_with_GT/benign/benign (16).png,data/raw/BrCaWisconsin/Dataset_BUSI_with_GT/benign/benign (16)_mask.png,512,512,benign,val
7e282137477c42cca3c6e3615d0d8d46.png,14525123422183420540,benign (61),images/7e282137477c42cca3c6e3615d0d8d46.png,masks/7e282137477c42cca3c6e3615d0d8d46.png,data/raw/BrCaWisconsin/Dataset_BUSI_with_GT/benign/benign (61).png,data/raw/BrCaWisconsin/Dataset_BUSI_with_GT/benign/benign (61)_mask.png,512,512,benign,val
09b63702185743219b45186d5eecca98.png,11784401427343156070,benign (148),images/09b63702185743219b45186d5eecca98.png,masks/09b63702185743219b45186d5eecca98.png,data/raw/BrCaWisconsin/Dataset_BUSI_with_GT/benign/benign (148).png,data/raw/BrCaWisconsin/Dataset_BUSI_with_GT/benign/benign (148)_mask.png,512,512,benign,val
851bb7e0a01941a5bf5dcd388d6732b5.png,3652540848165850599,benign (43),images/851bb7e0a01941a5bf5dcd388d6732b5.png,masks/851bb7e0a01941a5bf5dcd388d6732b5.png,data/raw/BrCaWisconsin/Dataset_BUSI_with_GT/benign/benign (43).png,data/raw/BrCaWisconsin/Dataset_BUSI_with_GT/benign/benign (43)_mask.png,512,512,benign,val
b651bf6d93ec496ba47777ba269d6d03.png,6239934275833328876,benign (324),images/b651bf6d93ec496ba47777ba269d6d03.png,masks/b651bf6d93ec496ba47777ba269d6d03.png,data/raw/BrCaWisconsin/Dataset_BUSI_with_GT/benign/benign (324).png,data/raw/BrCaWisconsin/Dataset_BUSI_with_GT/benign/benign (324)_mask.png,512,512,benign,val
aa3085745ed9422493310adb60f6364e.png,5965903516091376483,benign (411),images/aa3085745ed9422493310adb60f6364e.png,masks/aa3085745ed9422493310adb60f6364e.png,data/raw/BrCaWisconsin/Dataset_BUSI_with_GT/benign/benign (411).png,data/raw/BrCaWisconsin/Dataset_BUSI_with_GT/benign/benign (411)_mask.png,512,512,benign,val
f1c1004f843041079372ecda3c6c6828.png,10695016419795611407,benign (261),images/f1c1004f843041079372ecda3c6c6828.png,masks/f1c1004f843041079372ecda3c6c6828.png,data/raw/BrCaWisconsin/Dataset_BUSI_with_GT/benign/benign (261).png,data/raw/BrCaWisconsin/Dataset_BUSI_with_GT/benign/benign (261)_mask.png,512,512,benign,val
efb4027b2b2c422f9a67554aaa14647f.png,7686292782245851955,benign (36),images/efb4027b2b2c422f9a67554aaa14647f.png,masks/efb4027b2b2c422f9a67554aaa14647f.png,data/raw/BrCaWisconsin/Dataset_BUSI_with_GT/benign/benign (36).png,data/raw/BrCaWisconsin/Dataset_BUSI_with_GT/benign/benign (36)_mask.png,512,512,benign,val
9fb46930a4084d658b51bf0e49b7f18f.png,1425049072020603366,benign (39),images/9fb46930a4084d658b51bf0e49b7f18f.png,masks/9fb46930a4084d658b51bf0e49b7f18f.png,data/raw/BrCaWisconsin/Dataset_BUSI_with_GT/benign/benign (39).png,data/raw/BrCaWisconsin/Dataset_BUSI_with_GT/benign/benign (39)_mask.png,512,512,benign,val
1efe3711aaf046cfa2a5bd4828cd4cf7.png,2787087831550550840,benign (231),images/1efe3711aaf046cfa2a5bd4828cd4cf7.png,masks/1efe3711aaf046cfa2a5bd4828cd4cf7.png,data/raw/BrCaWisconsin/Dataset_BUSI_with_GT/benign/benign (231).png,data/raw/BrCaWisconsin/Dataset_BUSI_with_GT/benign/benign (231)_mask.png,512,512,benign,val
9ab3f3cc64784f1ba24cb4f71ed45f69.png,8330003763570494799,benign (373),images/9ab3f3cc64784f1ba24cb4f71ed45f69.png,masks/9ab3f3cc64784f1ba24cb4f71ed45f69.png,data/raw/BrCaWisconsin/Dataset_BUSI_with_GT/benign/benign (373).png,data/raw/BrCaWisconsin/Dataset_BUSI_with_GT/benign/benign (373)_mask.png,512,512,benign,val
8b8f8f8bf465464d81f886a839d51a5c.png,10703286593681283931,benign (236),images/8b8f8f8bf465464d81f886a839d51a5c.png,masks/8b8f8f8bf465464d81f886a839d51a5c.png,data/raw/BrCaWisconsin/Dataset_BUSI_with_GT/benign/benign (236).png,data/raw/BrCaWisconsin/Dataset_BUSI_with_GT/benign/benign (236)_mask.png,512,512,benign,val
c0a6863e40a646468a732419e259cf76.png,3865964737042423577,benign (377),images/c0a6863e40a646468a732419e259cf76.png,masks/c0a6863e40a646468a732419e259cf76.png,data/raw/BrCaWisconsin/Dataset_BUSI_with_GT/benign/benign (377).png,data/raw/BrCaWisconsin/Dataset_BUSI_with_GT/benign/benign (377)_mask.png,512,512,benign,val
9b95537f97a045b4a96c516be28c6267.png,6514058367799056923,benign (141),images/9b95537f97a045b4a96c516be28c6267.png,masks/9b95537f97a045b4a96c516be28c6267.png,data/raw/BrCaWisconsin/Dataset_BUSI_with_GT/benign/benign (141).png,data/raw/BrCaWisconsin/Dataset_BUSI_with_GT/benign/benign (141)_mask.png,512,512,benign,val
b4fea0dc6409447a87d794333ccd1de2.png,17139717768133717974,benign (188),images/b4fea0dc6409447a87d794333ccd1de2.png,masks/b4fea0dc6409447a87d794333ccd1de2.png,data/raw/BrCaWisconsin/Dataset_BUSI_with_GT/benign/benign (188).png,data/raw/BrCaWisconsin/Dataset_BUSI_with_GT/benign/benign (188)_mask.png,512,512,benign,val
f11931bdec3d4f8aa52897a463ea3a3c.png,3838673531884061895,benign (155),images/f11931bdec3d4f8aa52897a463ea3a3c.png,masks/f11931bdec3d4f8aa52897a463ea3a3c.png,data/raw/BrCaWisconsin/Dataset_BUSI_with_GT/benign/benign (155).png,data/raw/BrCaWisconsin/Dataset_BUSI_with_GT/benign/benign (155)_mask.png,512,512,benign,val
7bf41978b20c4f0ebc902608cb059ffc.png,16044772101479516555,benign (109),images/7bf41978b20c4f0ebc902608cb059ffc.png,masks/7bf41978b20c4f0ebc902608cb059ffc.png,data/raw/BrCaWisconsin/Dataset_BUSI_with_GT/benign/benign (109).png,data/raw/BrCaWisconsin/Dataset_BUSI_with_GT/benign/benign (109)_mask.png,512,512,benign,val
e2085dc0a5764358afb4a3530b78a47d.png,2797074760480379245,benign (363),images/e2085dc0a5764358afb4a3530b78a47d.png,masks/e2085dc0a5764358afb4a3530b78a47d.png,data/raw/BrCaWisconsin/Dataset_BUSI_with_GT/benign/benign (363).png,data/raw/BrCaWisconsin/Dataset_BUSI_with_GT/benign/benign (363)_mask.png,512,512,benign,val
19c09654bbc744009f41e523f1a3705a.png,1348162490133368560,benign (225),images/19c09654bbc744009f41e523f1a3705a.png,masks/19c09654bbc744009f41e523f1a3705a.png,data/raw/BrCaWisconsin/Dataset_BUSI_with_GT/benign/benign (225).png,data/raw/BrCaWisconsin/Dataset_BUSI_with_GT/benign/benign (225)_mask.png,512,512,benign,val
47408601b51248a0bff3fe22afdae3b7.png,14584224161783440948,benign (365),images/47408601b51248a0bff3fe22afdae3b7.png,masks/47408601b51248a0bff3fe22afdae3b7.png,data/raw/BrCaWisconsin/Dataset_BUSI_with_GT/benign/benign (365).png,data/raw/BrCaWisconsin/Dataset_BUSI_with_GT/benign/benign (365)_mask.png,512,512,benign,val
a3950cd8286546659ea8ba9f0bba308d.png,3860805721198940723,benign (220),images/a3950cd8286546659ea8ba9f0bba308d.png,masks/a3950cd8286546659ea8ba9f0bba308d.png,data/raw/BrCaWisconsin/Dataset_BUSI_with_GT/benign/benign (220).png,data/raw/BrCaWisconsin/Dataset_BUSI_with_GT/benign/benign (220)_mask.png,512,512,benign,val
6a5e1376917049149bfb4e929951fbce.png,8256952281501149224,benign (296),images/6a5e1376917049149bfb4e929951fbce.png,masks/6a5e1376917049149bfb4e929951fbce.png,data/raw/BrCaWisconsin/Dataset_BUSI_with_GT/benign/benign (296).png,data/raw/BrCaWisconsin/Dataset_BUSI_with_GT/benign/benign (296)_mask.png,512,512,benign,val
6b7ae176c3b44481a5c418a39adf87e3.png,1925204426702470156,benign (77),images/6b7ae176c3b44481a5c418a39adf87e3.png,masks/6b7ae176c3b44481a5c418a39adf87e3.png,data/raw/BrCaWisconsin/Dataset_BUSI_with_GT/benign/benign (77).png,data/raw/BrCaWisconsin/Dataset_BUSI_with_GT/benign/benign (77)_mask.png,512,512,benign,val
8444aa2d60804dd7b60601398652a5a0.png,12300405176020930665,benign (98),images/8444aa2d60804dd7b60601398652a5a0.png,masks/8444aa2d60804dd7b60601398652a5a0.png,data/raw/BrCaWisconsin/Dataset_BUSI_with_GT/benign/benign (98).png,data/raw/BrCaWisconsin/Dataset_BUSI_with_GT/benign/benign (98)_mask.png,512,512,benign,val
61b229417bd74b578db7a1f1c24ff6e8.png,5504742171171548810,benign (405),images/61b229417bd74b578db7a1f1c24ff6e8.png,masks/61b229417bd74b578db7a1f1c24ff6e8.png,data/raw/BrCaWisconsin/Dataset_BUSI_with_GT/benign/benign (405).png,data/raw/BrCaWisconsin/Dataset_BUSI_with_GT/benign/benign (405)_mask.png,512,512,benign,val
caea9322e45f4b949c2eadd1da1351bb.png,11201779203798854088,benign (319),images/caea9322e45f4b949c2eadd1da1351bb.png,masks/caea9322e45f4b949c2eadd1da1351bb.png,data/raw/BrCaWisconsin/Dataset_BUSI_with_GT/benign/benign (319).png,data/raw/BrCaWisconsin/Dataset_BUSI_with_GT/benign/benign (319)_mask.png,512,512,benign,val
4e3970807b73444d89677506fc400f6a.png,7666628399538233797,benign (332),images/4e3970807b73444d89677506fc400f6a.png,masks/4e3970807b73444d89677506fc400f6a.png,data/raw/BrCaWisconsin/Dataset_BUSI_with_GT/benign/benign (332).png,data/raw/BrCaWisconsin/Dataset_BUSI_with_GT/benign/benign (332)_mask.png,512,512,benign,val
bcc53e4c750847c1abef36c364dd8165.png,6130053112564920949,benign (298),images/bcc53e4c750847c1abef36c364dd8165.png,masks/bcc53e4c750847c1abef36c364dd8165.png,data/raw/BrCaWisconsin/Dataset_BUSI_with_GT/benign/benign (298).png,data/raw/BrCaWisconsin/Dataset_BUSI_with_GT/benign/benign (298)_mask.png,512,512,benign,val
7985e7e92e5947619c5d0d9b71a29374.png,10911142422770197440,benign (277),images/7985e7e92e5947619c5d0d9b71a29374.png,masks/7985e7e92e5947619c5d0d9b71a29374.png,data/raw/BrCaWisconsin/Dataset_BUSI_with_GT/benign/benign (277).png,data/raw/BrCaWisconsin/Dataset_BUSI_with_GT/benign/benign (277)_mask.png,512,512,benign,val
ab6f4dfd14d24c0aaefbb10cf2ac4015.png,6103948443109119188,benign (342),images/ab6f4dfd14d24c0aaefbb10cf2ac4015.png,masks/ab6f4dfd14d24c0aaefbb10cf2ac4015.png,data/raw/BrCaWisconsin/Dataset_BUSI_with_GT/benign/benign (342).png,data/raw/BrCaWisconsin/Dataset_BUSI_with_GT/benign/benign (342)_mask.png,512,512,benign,val
04603c2f481e43569088257c05dd65d1.png,4122683541740382408,benign (2),images/04603c2f481e43569088257c05dd65d1.png,masks/04603c2f481e43569088257c05dd65d1.png,data/raw/BrCaWisconsin/Dataset_BUSI_with_GT/benign/benign (2).png,data/raw/BrCaWisconsin/Dataset_BUSI_with_GT/benign/benign (2)_mask.png,512,512,benign,val
a97f8d39509b46d29b2adc5f4087047c.png,15737839729247507425,benign (174),images/a97f8d39509b46d29b2adc5f4087047c.png,masks/a97f8d39509b46d29b2adc5f4087047c.png,data/raw/BrCaWisconsin/Dataset_BUSI_with_GT/benign/benign (174).png,data/raw/BrCaWisconsin/Dataset_BUSI_with_GT/benign/benign (174)_mask.png,512,512,benign,val
6702dbb2eb3a4eb396f2db2be4d7d606.png,7320442086831482919,benign (430),images/6702dbb2eb3a4eb396f2db2be4d7d606.png,masks/6702dbb2eb3a4eb396f2db2be4d7d606.png,data/raw/BrCaWisconsin/Dataset_BUSI_with_GT/benign/benign (430).png,data/raw/BrCaWisconsin/Dataset_BUSI_with_GT/benign/benign (430)_mask.png,512,512,benign,val
c9e8460b51eb48e1ad0250dce0905b7c.png,15805467871593163288,benign (125),images/c9e8460b51eb48e1ad0250dce0905b7c.png,masks/c9e8460b51eb48e1ad0250dce0905b7c.png,data/raw/BrCaWisconsin/Dataset_BUSI_with_GT/benign/benign (125).png,data/raw/BrCaWisconsin/Dataset_BUSI_with_GT/benign/benign (125)_mask.png,512,512,benign,val
181fb1f08fe74acd93a2352826d84ccf.png,11045822140436722483,benign (204),images/181fb1f08fe74acd93a2352826d84ccf.png,masks/181fb1f08fe74acd93a2352826d84ccf.png,data/raw/BrCaWisconsin/Dataset_BUSI_with_GT/benign/benign (204).png,data/raw/BrCaWisconsin/Dataset_BUSI_with_GT/benign/benign (204)_mask.png,512,512,benign,val
ae73a1f4e6774f9193e5532cfcdcd97f.png,3915269427412211471,benign (349),images/ae73a1f4e6774f9193e5532cfcdcd97f.png,masks/ae73a1f4e6774f9193e5532cfcdcd97f.png,data/raw/BrCaWisconsin/Dataset_BUSI_with_GT/benign/benign (349).png,data/raw/BrCaWisconsin/Dataset_BUSI_with_GT/benign/benign (349)_mask.png,512,512,benign,val
082135ea77c542ca8234f29bbad333f4.png,1345717319362715700,benign (338),images/082135ea77c542ca8234f29bbad333f4.png,masks/082135ea77c542ca8234f29bbad333f4.png,data/raw/BrCaWisconsin/Dataset_BUSI_with_GT/benign/benign (338).png,data/raw/BrCaWisconsin/Dataset_BUSI_with_GT/benign/benign (338)_mask.png,512,512,benign,val
3efe0fc07c264342a7c0be3b230cdaec.png,10062785748795829616,benign (172),images/3efe0fc07c264342a7c0be3b230cdaec.png,masks/3efe0fc07c264342a7c0be3b230cdaec.png,data/raw/BrCaWisconsin/Dataset_BUSI_with_GT/benign/benign (172).png,data/raw/BrCaWisconsin/Dataset_BUSI_with_GT/benign/benign (172)_mask.png,512,512,benign,val
09b44e2da9a844f1ac70960390dffb88.png,8235775144499999155,benign (424),images/09b44e2da9a844f1ac70960390dffb88.png,masks/09b44e2da9a844f1ac70960390dffb88.png,data/raw/BrCaWisconsin/Dataset_BUSI_with_GT/benign/benign (424).png,data/raw/BrCaWisconsin/Dataset_BUSI_with_GT/benign/benign (424)_mask.png,512,512,benign,val
b1148ee2af974afe920ea7dfa7a68e88.png,5501065122860004305,benign (76),images/b1148ee2af974afe920ea7dfa7a68e88.png,masks/b1148ee2af974afe920ea7dfa7a68e88.png,data/raw/BrCaWisconsin/Dataset_BUSI_with_GT/benign/benign (76).png,data/raw/BrCaWisconsin/Dataset_BUSI_with_GT/benign/benign (76)_mask.png,512,512,benign,val
d699a23b14bb4b17bd6114398cf66d9d.png,10656152313647384304,benign (62),images/d699a23b14bb4b17bd6114398cf66d9d.png,masks/d699a23b14bb4b17bd6114398cf66d9d.png,data/raw/BrCaWisconsin/Dataset_BUSI_with_GT/benign/benign (62).png,data/raw/BrCaWisconsin/Dataset_BUSI_with_GT/benign/benign (62)_mask.png,512,512,benign,val
9351ea195c764e1f90f3eca515e4f91b.png,6220978472806283288,benign (164),images/9351ea195c764e1f90f3eca515e4f91b.png,masks/9351ea195c764e1f90f3eca515e4f91b.png,data/raw/BrCaWisconsin/Dataset_BUSI_with_GT/benign/benign (164).png,data/raw/BrCaWisconsin/Dataset_BUSI_with_GT/benign/benign (164)_mask.png,512,512,benign,val
461de5d8a954412298ed29c33d5bd77c.png,8812235887945036211,benign (308),images/461de5d8a954412298ed29c33d5bd77c.png,masks/461de5d8a954412298ed29c33d5bd77c.png,data/raw/BrCaWisconsin/Dataset_BUSI_with_GT/benign/benign (308).png,data/raw/BrCaWisconsin/Dataset_BUSI_with_GT/benign/benign (308)_mask.png,512,512,benign,val
7f79afcfb9a647e6b0c7b3435a1756c5.png,1604097875209674252,benign (426),images/7f79afcfb9a647e6b0c7b3435a1756c5.png,masks/7f79afcfb9a647e6b0c7b3435a1756c5.png,data/raw/BrCaWisconsin/Dataset_BUSI_with_GT/benign/benign (426).png,data/raw/BrCaWisconsin/Dataset_BUSI_with_GT/benign/benign (426)_mask.png,512,512,benign,val
a12aa4dfadc04ce1a62c60df59949595.png,12509430611226890802,benign (133),images/a12aa4dfadc04ce1a62c60df59949595.png,masks/a12aa4dfadc04ce1a62c60df59949595.png,data/raw/BrCaWisconsin/Dataset_BUSI_with_GT/benign/benign (133).png,data/raw/BrCaWisconsin/Dataset_BUSI_with_GT/benign/benign (133)_mask.png,512,512,benign,val
7294046977084db38939adf4c57074a9.png,6437427676888972309,benign (6),images/7294046977084db38939adf4c57074a9.png,masks/7294046977084db38939adf4c57074a9.png,data/raw/BrCaWisconsin/Dataset_BUSI_with_GT/benign/benign (6).png,data/raw/BrCaWisconsin/Dataset_BUSI_with_GT/benign/benign (6)_mask.png,512,512,benign,val
0bfca413584a4e0da60b60960e336d75.png,3735659318555053417,benign (160),images/0bfca413584a4e0da60b60960e336d75.png,masks/0bfca413584a4e0da60b60960e336d75.png,data/raw/BrCaWisconsin/Dataset_BUSI_with_GT/benign/benign (160).png,data/raw/BrCaWisconsin/Dataset_BUSI_with_GT/benign/benign (160)_mask.png,512,512,benign,val
e82cab39cc4f43a58018e3d28121c88d.png,1546698929989163089,benign (356),images/e82cab39cc4f43a58018e3d28121c88d.png,masks/e82cab39cc4f43a58018e3d28121c88d.png,data/raw/BrCaWisconsin/Dataset_BUSI_with_GT/benign/benign (356).png,data/raw/BrCaWisconsin/Dataset_BUSI_with_GT/benign/benign (356)_mask.png,512,512,benign,val
cf64bb65215846748c84d32618f5ff5a.png,11138690872610411604,benign (427),images/cf64bb65215846748c84d32618f5ff5a.png,masks/cf64bb65215846748c84d32618f5ff5a.png,data/raw/BrCaWisconsin/Dataset_BUSI_with_GT/benign/benign (427).png,data/raw/BrCaWisconsin/Dataset_BUSI_with_GT/benign/benign (427)_mask.png,512,512,benign,val
07e35566c9264dbe90c6857eb5c6910f.png,6144639306056623722,benign (275),images/07e35566c9264dbe90c6857eb5c6910f.png,masks/07e35566c9264dbe90c6857eb5c6910f.png,data/raw/BrCaWisconsin/Dataset_BUSI_with_GT/benign/benign (275).png,data/raw/BrCaWisconsin/Dataset_BUSI_with_GT/benign/benign (275)_mask.png,512,512,benign,val
f687abf9a2c84431b09a49b0ba4b9434.png,11211045321338696627,benign (333),images/f687abf9a2c84431b09a49b0ba4b9434.png,masks/f687abf9a2c84431b09a49b0ba4b9434.png,data/raw/BrCaWisconsin/Dataset_BUSI_with_GT/benign/benign (333).png,data/raw/BrCaWisconsin/Dataset_BUSI_with_GT/benign/benign (333)_mask.png,512,512,benign,val
6f3bfc4cae694abb97f6b679c2fd04ca.png,6491879054777618441,benign (132),images/6f3bfc4cae694abb97f6b679c2fd04ca.png,masks/6f3bfc4cae694abb97f6b679c2fd04ca.png,data/raw/BrCaWisconsin/Dataset_BUSI_with_GT/benign/benign (132).png,data/raw/BrCaWisconsin/Dataset_BUSI_with_GT/benign/benign (132)_mask.png,512,512,benign,val
5b5a693192a047a1bda75c299bfb22df.png,14791889724189774107,benign (309),images/5b5a693192a047a1bda75c299bfb22df.png,masks/5b5a693192a047a1bda75c299bfb22df.png,data/raw/BrCaWisconsin/Dataset_BUSI_with_GT/benign/benign (309).png,data/raw/BrCaWisconsin/Dataset_BUSI_with_GT/benign/benign (309)_mask.png,512,512,benign,val
4a24a0b02bb247eeaef74200db23ae43.png,6140106867572402222,benign (380),images/4a24a0b02bb247eeaef74200db23ae43.png,masks/4a24a0b02bb247eeaef74200db23ae43.png,data/raw/BrCaWisconsin/Dataset_BUSI_with_GT/benign/benign (380).png,data/raw/BrCaWisconsin/Dataset_BUSI_with_GT/benign/benign (380)_mask.png,512,512,benign,val
670d082fdcde4c4b82e5cd715f72816d.png,13500192541016632627,benign (165),images/670d082fdcde4c4b82e5cd715f72816d.png,masks/670d082fdcde4c4b82e5cd715f72816d.png,data/raw/BrCaWisconsin/Dataset_BUSI_with_GT/benign/benign (165).png,data/raw/BrCaWisconsin/Dataset_BUSI_with_GT/benign/benign (165)_mask.png,512,512,benign,val
478384f20f2c47c9a93d04b7a1acdcb7.png,5312884349054887459,benign (394),images/478384f20f2c47c9a93d04b7a1acdcb7.png,masks/478384f20f2c47c9a93d04b7a1acdcb7.png,data/raw/BrCaWisconsin/Dataset_BUSI_with_GT/benign/benign (394).png,data/raw/BrCaWisconsin/Dataset_BUSI_with_GT/benign/benign (394)_mask.png,512,512,benign,val
ce23c3ed6d8f430d8978052a4af25806.png,16783400746084823392,benign (13),images/ce23c3ed6d8f430d8978052a4af25806.png,masks/ce23c3ed6d8f430d8978052a4af25806.png,data/raw/BrCaWisconsin/Dataset_BUSI_with_GT/benign/benign (13).png,data/raw/BrCaWisconsin/Dataset_BUSI_with_GT/benign/benign (13)_mask.png,512,512,benign,val
8eb4640ac97648eda3510b91565d7c6e.png,12052711862504309964,benign (173),images/8eb4640ac97648eda3510b91565d7c6e.png,masks/8eb4640ac97648eda3510b91565d7c6e.png,data/raw/BrCaWisconsin/Dataset_BUSI_with_GT/benign/benign (173).png,data/raw/BrCaWisconsin/Dataset_BUSI_with_GT/benign/benign (173)_mask.png,512,512,benign,val
3de0e715631e4f7a9975fed1f537bd06.png,5143510097076138890,benign (327),images/3de0e715631e4f7a9975fed1f537bd06.png,masks/3de0e715631e4f7a9975fed1f537bd06.png,data/raw/BrCaWisconsin/Dataset_BUSI_with_GT/benign/benign (327).png,data/raw/BrCaWisconsin/Dataset_BUSI_with_GT/benign/benign (327)_mask.png,512,512,benign,val
de3a660ed842449ebb747526ae4533ce.png,10496509578523004188,benign (111),images/de3a660ed842449ebb747526ae4533ce.png,masks/de3a660ed842449ebb747526ae4533ce.png,data/raw/BrCaWisconsin/Dataset_BUSI_with_GT/benign/benign (111).png,data/raw/BrCaWisconsin/Dataset_BUSI_with_GT/benign/benign (111)_mask.png,512,512,benign,val
a04b083ee7204d07af8569c7920f6aa6.png,12047354208395505323,benign (348),images/a04b083ee7204d07af8569c7920f6aa6.png,masks/a04b083ee7204d07af8569c7920f6aa6.png,data/raw/BrCaWisconsin/Dataset_BUSI_with_GT/benign/benign (348).png,data/raw/BrCaWisconsin/Dataset_BUSI_with_GT/benign/benign (348)_mask.png,512,512,benign,val
1e34d1170b8e4e0084306a921a51218b.png,12345652285474665586,benign (3),images/1e34d1170b8e4e0084306a921a51218b.png,masks/1e34d1170b8e4e0084306a921a51218b.png,data/raw/BrCaWisconsin/Dataset_BUSI_with_GT/benign/benign (3).png,data/raw/BrCaWisconsin/Dataset_BUSI_with_GT/benign/benign (3)_mask.png,512,512,benign,val
ee06ee1709a24aafb765b37d9f9faa90.png,3560469771914246765,benign (69),images/ee06ee1709a24aafb765b37d9f9faa90.png,masks/ee06ee1709a24aafb765b37d9f9faa90.png,data/raw/BrCaWisconsin/Dataset_BUSI_with_GT/benign/benign (69).png,data/raw/BrCaWisconsin/Dataset_BUSI_with_GT/benign/benign (69)_mask.png,512,512,benign,val
ba92efb14fae4f1d8e2b94d26ab174e6.png,7686603933280455788,benign (431),images/ba92efb14fae4f1d8e2b94d26ab174e6.png,masks/ba92efb14fae4f1d8e2b94d26ab174e6.png,data/raw/BrCaWisconsin/Dataset_BUSI_with_GT/benign/benign (431).png,data/raw/BrCaWisconsin/Dataset_BUSI_with_GT/benign/benign (431)_mask.png,512,512,benign,val
cc72b0a232864f1e8be9ed48f6461f6b.png,11639768291083675800,benign (124),images/cc72b0a232864f1e8be9ed48f6461f6b.png,masks/cc72b0a232864f1e8be9ed48f6461f6b.png,data/raw/BrCaWisconsin/Dataset_BUSI_with_GT/benign/benign (124).png,data/raw/BrCaWisconsin/Dataset_BUSI_with_GT/benign/benign (124)_mask.png,512,512,benign,val
2fb1d78fe41047deb9e92a0741656ed1.png,5424925312436000199,benign (299),images/2fb1d78fe41047deb9e92a0741656ed1.png,masks/2fb1d78fe41047deb9e92a0741656ed1.png,data/raw/BrCaWisconsin/Dataset_BUSI_with_GT/benign/benign (299).png,data/raw/BrCaWisconsin/Dataset_BUSI_with_GT/benign/benign (299)_mask.png,512,512,benign,val
500e79a5caf641d99a8d5ad7133a71f3.png,5877656774327235377,benign (276),images/500e79a5caf641d99a8d5ad7133a71f3.png,masks/500e79a5caf641d99a8d5ad7133a71f3.png,data/raw/BrCaWisconsin/Dataset_BUSI_with_GT/benign/benign (276).png,data/raw/BrCaWisconsin/Dataset_BUSI_with_GT/benign/benign (276)_mask.png,512,512,benign,val
17245dabaddb491ca88dbedf99c6ddf9.png,6171506666816506269,benign (183),images/17245dabaddb491ca88dbedf99c6ddf9.png,masks/17245dabaddb491ca88dbedf99c6ddf9.png,data/raw/BrCaWisconsin/Dataset_BUSI_with_GT/benign/benign (183).png,data/raw/BrCaWisconsin/Dataset_BUSI_with_GT/benign/benign (183)_mask.png,512,512,benign,val
041cf77dea24498e9fa7ce853bc648fa.png,12188617100002617512,benign (99),images/041cf77dea24498e9fa7ce853bc648fa.png,masks/041cf77dea24498e9fa7ce853bc648fa.png,data/raw/BrCaWisconsin/Dataset_BUSI_with_GT/benign/benign (99).png,data/raw/BrCaWisconsin/Dataset_BUSI_with_GT/benign/benign (99)_mask.png,512,512,benign,val
23267e8061fd4fd7900279ce8b9a4f3d.png,2937997086322866345,benign (32),images/23267e8061fd4fd7900279ce8b9a4f3d.png,masks/23267e8061fd4fd7900279ce8b9a4f3d.png,data/raw/BrCaWisconsin/Dataset_BUSI_with_GT/benign/benign (32).png,data/raw/BrCaWisconsin/Dataset_BUSI_with_GT/benign/benign (32)_mask.png,512,512,benign,val
240a2d1adf484d3e98e0e9bc093dc460.png,6213054930636082700,benign (130),images/240a2d1adf484d3e98e0e9bc093dc460.png,masks/240a2d1adf484d3e98e0e9bc093dc460.png,data/raw/BrCaWisconsin/Dataset_BUSI_with_GT/benign/benign (130).png,data/raw/BrCaWisconsin/Dataset_BUSI_with_GT/benign/benign (130)_mask.png,512,512,benign,val
466cd4ef37644f3c845515815694c9aa.png,7329229022949684758,benign (364),images/466cd4ef37644f3c845515815694c9aa.png,masks/466cd4ef37644f3c845515815694c9aa.png,data/raw/BrCaWisconsin/Dataset_BUSI_with_GT/benign/benign (364).png,data/raw/BrCaWisconsin/Dataset_BUSI_with_GT/benign/benign (364)_mask.png,512,512,benign,val
172969e1c3a54979aa4554539a2f03fe.png,9322048570449888147,benign (306),images/172969e1c3a54979aa4554539a2f03fe.png,masks/172969e1c3a54979aa4554539a2f03fe.png,data/raw/BrCaWisconsin/Dataset_BUSI_with_GT/benign/benign (306).png,data/raw/BrCaWisconsin/Dataset_BUSI_with_GT/benign/benign (306)_mask.png,512,512,benign,val
88c5cacb06f740a19d43926c9bcf0e79.png,5812920873295181490,benign (289),images/88c5cacb06f740a19d43926c9bcf0e79.png,masks/88c5cacb06f740a19d43926c9bcf0e79.png,data/raw/BrCaWisconsin/Dataset_BUSI_with_GT/benign/benign (289).png,data/raw/BrCaWisconsin/Dataset_BUSI_with_GT/benign/benign (289)_mask.png,512,512,benign,val
a729d58ed8dc447da6b3a541da2dedbf.png,13216985440573925320,benign (240),images/a729d58ed8dc447da6b3a541da2dedbf.png,masks/a729d58ed8dc447da6b3a541da2dedbf.png,data/raw/BrCaWisconsin/Dataset_BUSI_with_GT/benign/benign (240).png,data/raw/BrCaWisconsin/Dataset_BUSI_with_GT/benign/benign (240)_mask.png,512,512,benign,val
09c0ce42d00146ac903eb9bcdd849b0c.png,2966229676888532077,benign (221),images/09c0ce42d00146ac903eb9bcdd849b0c.png,masks/09c0ce42d00146ac903eb9bcdd849b0c.png,data/raw/BrCaWisconsin/Dataset_BUSI_with_GT/benign/benign (221).png,data/raw/BrCaWisconsin/Dataset_BUSI_with_GT/benign/benign (221)_mask.png,512,512,benign,val
92d5fd99803c46e79a3291930ab3c30f.png,15719091443250154224,benign (21),images/92d5fd99803c46e79a3291930ab3c30f.png,masks/92d5fd99803c46e79a3291930ab3c30f.png,data/raw/BrCaWisconsin/Dataset_BUSI_with_GT/benign/benign (21).png,data/raw/BrCaWisconsin/Dataset_BUSI_with_GT/benign/benign (21)_mask.png,512,512,benign,val
8369f80ccc0a46248afa08688872b58f.png,5961387227864327015,benign (48),images/8369f80ccc0a46248afa08688872b58f.png,masks/8369f80ccc0a46248afa08688872b58f.png,data/raw/BrCaWisconsin/Dataset_BUSI_with_GT/benign/benign (48).png,data/raw/BrCaWisconsin/Dataset_BUSI_with_GT/benign/benign (48)_mask.png,512,512,benign,val
84b583cae9aa4f4a9d603634783a463f.png,7757776992863525428,benign (81),images/84b583cae9aa4f4a9d603634783a463f.png,masks/84b583cae9aa4f4a9d603634783a463f.png,data/raw/BrCaWisconsin/Dataset_BUSI_with_GT/benign/benign (81).png,data/raw/BrCaWisconsin/Dataset_BUSI_with_GT/benign/benign (81)_mask.png,512,512,benign,val
7346edb416ff46f0b0e945945ee575fa.png,13242073604160598268,benign (108),images/7346edb416ff46f0b0e945945ee575fa.png,masks/7346edb416ff46f0b0e945945ee575fa.png,data/raw/BrCaWisconsin/Dataset_BUSI_with_GT/benign/benign (108).png,data/raw/BrCaWisconsin/Dataset_BUSI_with_GT/benign/benign (108)_mask.png,512,512,benign,val
d77d5e5cbafc4890907fee80b3932f11.png,4274933330150323783,benign (372),images/d77d5e5cbafc4890907fee80b3932f11.png,masks/d77d5e5cbafc4890907fee80b3932f11.png,data/raw/BrCaWisconsin/Dataset_BUSI_with_GT/benign/benign (372).png,data/raw/BrCaWisconsin/Dataset_BUSI_with_GT/benign/benign (372)_mask.png,512,512,benign,val
8be924c3811841a1838aec67cf573656.png,8131765994616170916,benign (237),images/8be924c3811841a1838aec67cf573656.png,masks/8be924c3811841a1838aec67cf573656.png,data/raw/BrCaWisconsin/Dataset_BUSI_with_GT/benign/benign (237).png,data/raw/BrCaWisconsin/Dataset_BUSI_with_GT/benign/benign (237)_mask.png,512,512,benign,val
128238e523fb4873ac40944631e4b517.png,10509777218116408179,benign (95),images/128238e523fb4873ac40944631e4b517.png,masks/128238e523fb4873ac40944631e4b517.png,data/raw/BrCaWisconsin/Dataset_BUSI_with_GT/benign/benign (95).png,data/raw/BrCaWisconsin/Dataset_BUSI_with_GT/benign/benign (95)_mask.png,512,512,benign,val
d30aaa33266e47a3a6f795ef90ce6c37.png,5881325920348936763,benign (254),images/d30aaa33266e47a3a6f795ef90ce6c37.png,masks/d30aaa33266e47a3a6f795ef90ce6c37.png,data/raw/BrCaWisconsin/Dataset_BUSI_with_GT/benign/benign (254).png,data/raw/BrCaWisconsin/Dataset_BUSI_with_GT/benign/benign (254)_mask.png,512,512,benign,val
65966ec98d754ebcac420bc2de927288.png,16074379662484514567,benign (37),images/65966ec98d754ebcac420bc2de927288.png,masks/65966ec98d754ebcac420bc2de927288.png,data/raw/BrCaWisconsin/Dataset_BUSI_with_GT/benign/benign (37).png,data/raw/BrCaWisconsin/Dataset_BUSI_with_GT/benign/benign (37)_mask.png,512,512,benign,val
c8f9d763ff244a64b92d9e55292ab96d.png,13065616599398462385,benign (325),images/c8f9d763ff244a64b92d9e55292ab96d.png,masks/c8f9d763ff244a64b92d9e55292ab96d.png,data/raw/BrCaWisconsin/Dataset_BUSI_with_GT/benign/benign (325).png,data/raw/BrCaWisconsin/Dataset_BUSI_with_GT/benign/benign (325)_mask.png,512,512,benign,val
210b0087c59c497a805bed6685217edf.png,15427956957093770066,benign (26),images/210b0087c59c497a805bed6685217edf.png,masks/210b0087c59c497a805bed6685217edf.png,data/raw/BrCaWisconsin/Dataset_BUSI_with_GT/benign/benign (26).png,data/raw/BrCaWisconsin/Dataset_BUSI_with_GT/benign/benign (26)_mask.png,512,512,benign,val
245c54c3403e4c4c9f87e58e4616933e.png,10766897118248587926,benign (260),images/245c54c3403e4c4c9f87e58e4616933e.png,masks/245c54c3403e4c4c9f87e58e4616933e.png,data/raw/BrCaWisconsin/Dataset_BUSI_with_GT/benign/benign (260).png,data/raw/BrCaWisconsin/Dataset_BUSI_with_GT/benign/benign (260)_mask.png,512,512,benign,val
e81ed9efe709424199bb3ac7e2ddd179.png,6680204578421193151,benign (60),images/e81ed9efe709424199bb3ac7e2ddd179.png,masks/e81ed9efe709424199bb3ac7e2ddd179.png,data/raw/BrCaWisconsin/Dataset_BUSI_with_GT/benign/benign (60).png,data/raw/BrCaWisconsin/Dataset_BUSI_with_GT/benign/benign (60)_mask.png,512,512,benign,val
82f35a46594b4fe29a936bf5225b6b90.png,16983261700636643416,benign (368),images/82f35a46594b4fe29a936bf5225b6b90.png,masks/82f35a46594b4fe29a936bf5225b6b90.png,data/raw/BrCaWisconsin/Dataset_BUSI_with_GT/benign/benign (368).png,data/raw/BrCaWisconsin/Dataset_BUSI_with_GT/benign/benign (368)_mask.png,512,512,benign,val
dc616a9b73394d30b5b3a2f1b6a077cb.png,7756946152286963021,benign (149),images/dc616a9b73394d30b5b3a2f1b6a077cb.png,masks/dc616a9b73394d30b5b3a2f1b6a077cb.png,data/raw/BrCaWisconsin/Dataset_BUSI_with_GT/benign/benign (149).png,data/raw/BrCaWisconsin/Dataset_BUSI_with_GT/benign/benign (149)_mask.png,512,512,benign,val
80a7eadb6ad04b09aa87a41646d2db9c.png,12513368192645873189,benign (197),images/80a7eadb6ad04b09aa87a41646d2db9c.png,masks/80a7eadb6ad04b09aa87a41646d2db9c.png,data/raw/BrCaWisconsin/Dataset_BUSI_with_GT/benign/benign (197).png,data/raw/BrCaWisconsin/Dataset_BUSI_with_GT/benign/benign (197)_mask.png,512,512,benign,val
287b2be3692d424f92fbb67f41c594ef.png,5573021286962370843,benign (422),images/287b2be3692d424f92fbb67f41c594ef.png,masks/287b2be3692d424f92fbb67f41c594ef.png,data/raw/BrCaWisconsin/Dataset_BUSI_with_GT/benign/benign (422).png,data/raw/BrCaWisconsin/Dataset_BUSI_with_GT/benign/benign (422)_mask.png,512,512,benign,val
7e73c1812cbe447281b8d6dbf176534c.png,2895570802108311208,benign (278),images/7e73c1812cbe447281b8d6dbf176534c.png,masks/7e73c1812cbe447281b8d6dbf176534c.png,data/raw/BrCaWisconsin/Dataset_BUSI_with_GT/benign/benign (278).png,data/raw/BrCaWisconsin/Dataset_BUSI_with_GT/benign/benign (278)_mask.png,512,512,benign,val
aa6c02d591ee4df7955b7cdc894e594c.png,3212709792199633512,benign (17),images/aa6c02d591ee4df7955b7cdc894e594c.png,masks/aa6c02d591ee4df7955b7cdc894e594c.png,data/raw/BrCaWisconsin/Dataset_BUSI_with_GT/benign/benign (17).png,data/raw/BrCaWisconsin/Dataset_BUSI_with_GT/benign/benign (17)_mask.png,512,512,benign,val
028e0124d40747f4b01f3ef8f431e164.png,7733757882057119380,benign (217),images/028e0124d40747f4b01f3ef8f431e164.png,masks/028e0124d40747f4b01f3ef8f431e164.png,data/raw/BrCaWisconsin/Dataset_BUSI_with_GT/benign/benign (217).png,data/raw/BrCaWisconsin/Dataset_BUSI_with_GT/benign/benign (217)_mask.png,512,512,benign,val
5eb6af64f5e34c5284441c059fed3b95.png,14583882523359823527,benign (70),images/5eb6af64f5e34c5284441c059fed3b95.png,masks/5eb6af64f5e34c5284441c059fed3b95.png,data/raw/BrCaWisconsin/Dataset_BUSI_with_GT/benign/benign (70).png,data/raw/BrCaWisconsin/Dataset_BUSI_with_GT/benign/benign (70)_mask.png,512,512,benign,val
c76b4ae9906841ef9d1e552dd7ded8cc.png,15179263598516145550,benign (352),images/c76b4ae9906841ef9d1e552dd7ded8cc.png,masks/c76b4ae9906841ef9d1e552dd7ded8cc.png,data/raw/BrCaWisconsin/Dataset_BUSI_with_GT/benign/benign (352).png,data/raw/BrCaWisconsin/Dataset_BUSI_with_GT/benign/benign (352)_mask.png,512,512,benign,val
a7b81a047a1c40cc8ef3ac4f00381ae0.png,12334278740603063629,benign (202),images/a7b81a047a1c40cc8ef3ac4f00381ae0.png,masks/a7b81a047a1c40cc8ef3ac4f00381ae0.png,data/raw/BrCaWisconsin/Dataset_BUSI_with_GT/benign/benign (202).png,data/raw/BrCaWisconsin/Dataset_BUSI_with_GT/benign/benign (202)_mask.png,512,512,benign,val
671d565948dc4d9b95efc6b976664c0c.png,7438024113252831665,benign (186),images/671d565948dc4d9b95efc6b976664c0c.png,masks/671d565948dc4d9b95efc6b976664c0c.png,data/raw/BrCaWisconsin/Dataset_BUSI_with_GT/benign/benign (186).png,data/raw/BrCaWisconsin/Dataset_BUSI_with_GT/benign/benign (186)_mask.png,512,512,benign,val
faa7fd47415a49ff9443cea6b43ee0a0.png,16534082660033016884,benign (40),images/faa7fd47415a49ff9443cea6b43ee0a0.png,masks/faa7fd47415a49ff9443cea6b43ee0a0.png,data/raw/BrCaWisconsin/Dataset_BUSI_with_GT/benign/benign (40).png,data/raw/BrCaWisconsin/Dataset_BUSI_with_GT/benign/benign (40)_mask.png,512,512,benign,val
00272feb11854b73a7b43ec9755150bc.png,15819552733023268068,benign (344),images/00272feb11854b73a7b43ec9755150bc.png,masks/00272feb11854b73a7b43ec9755150bc.png,data/raw/BrCaWisconsin/Dataset_BUSI_with_GT/benign/benign (344).png,data/raw/BrCaWisconsin/Dataset_BUSI_with_GT/benign/benign (344)_mask.png,512,512,benign,val
dfc4913f4f5944e6a367dc71e7374536.png,10192308183531417122,benign (169),images/dfc4913f4f5944e6a367dc71e7374536.png,masks/dfc4913f4f5944e6a367dc71e7374536.png,data/raw/BrCaWisconsin/Dataset_BUSI_with_GT/benign/benign (169).png,data/raw/BrCaWisconsin/Dataset_BUSI_with_GT/benign/benign (169)_mask.png,512,512,benign,val
f336566421204bdc9b9d19a41a16abc0.png,13170113027596727475,benign (305),images/f336566421204bdc9b9d19a41a16abc0.png,masks/f336566421204bdc9b9d19a41a16abc0.png,data/raw/BrCaWisconsin/Dataset_BUSI_with_GT/benign/benign (305).png,data/raw/BrCaWisconsin/Dataset_BUSI_with_GT/benign/benign (305)_mask.png,512,512,benign,val
99e7a7eca8734b288bb0aecce3caa7b2.png,12561583571306334440,benign (190),images/99e7a7eca8734b288bb0aecce3caa7b2.png,masks/99e7a7eca8734b288bb0aecce3caa7b2.png,data/raw/BrCaWisconsin/Dataset_BUSI_with_GT/benign/benign (190).png,data/raw/BrCaWisconsin/Dataset_BUSI_with_GT/benign/benign (190)_mask.png,512,512,benign,val
01162c72849d4390b61fe004784011ef.png,14511192725500964916,benign (56),images/01162c72849d4390b61fe004784011ef.png,masks/01162c72849d4390b61fe004784011ef.png,data/raw/BrCaWisconsin/Dataset_BUSI_with_GT/benign/benign (56).png,data/raw/BrCaWisconsin/Dataset_BUSI_with_GT/benign/benign (56)_mask.png,512,512,benign,val
06e559236d394199b1c236f1aba3be2f.png,6182499636259559833,benign (166),images/06e559236d394199b1c236f1aba3be2f.png,masks/06e559236d394199b1c236f1aba3be2f.png,data/raw/BrCaWisconsin/Dataset_BUSI_with_GT/benign/benign (166).png,data/raw/BrCaWisconsin/Dataset_BUSI_with_GT/benign/benign (166)_mask.png,512,512,benign,val
f79712b66b9c499cb2ffc52286097236.png,3827554622800013286,benign (256),images/f79712b66b9c499cb2ffc52286097236.png,masks/f79712b66b9c499cb2ffc52286097236.png,data/raw/BrCaWisconsin/Dataset_BUSI_with_GT/benign/benign (256).png,data/raw/BrCaWisconsin/Dataset_BUSI_with_GT/benign/benign (256)_mask.png,512,512,benign,val
e9e77e781da04e0184864ea818d50610.png,15333783020912800884,benign (399),images/e9e77e781da04e0184864ea818d50610.png,masks/e9e77e781da04e0184864ea818d50610.png,data/raw/BrCaWisconsin/Dataset_BUSI_with_GT/benign/benign (399).png,data/raw/BrCaWisconsin/Dataset_BUSI_with_GT/benign/benign (399)_mask.png,512,512,benign,val
40bd0c214eeb4edf8d914b51e9550918.png,12371909733386531257,benign (350),images/40bd0c214eeb4edf8d914b51e9550918.png,masks/40bd0c214eeb4edf8d914b51e9550918.png,data/raw/BrCaWisconsin/Dataset_BUSI_with_GT/benign/benign (350).png,data/raw/BrCaWisconsin/Dataset_BUSI_with_GT/benign/benign (350)_mask.png,512,512,benign,val
be5ad33899a44c67ad4030d0e681095a.png,5595346925773866765,benign (313),images/be5ad33899a44c67ad4030d0e681095a.png,masks/be5ad33899a44c67ad4030d0e681095a.png,data/raw/BrCaWisconsin/Dataset_BUSI_with_GT/benign/benign (313).png,data/raw/BrCaWisconsin/Dataset_BUSI_with_GT/benign/benign (313)_mask.png,512,512,benign,val
49476c0a2eb0406d8ef2b616e0b3b1df.png,9090117367606972951,benign (64),images/49476c0a2eb0406d8ef2b616e0b3b1df.png,masks/49476c0a2eb0406d8ef2b616e0b3b1df.png,data/raw/BrCaWisconsin/Dataset_BUSI_with_GT/benign/benign (64).png,data/raw/BrCaWisconsin/Dataset_BUSI_with_GT/benign/benign (64)_mask.png,512,512,benign,val
5ce34fdb80334af29ed55104bfa31b91.png,5969149307926683148,benign (128),images/5ce34fdb80334af29ed55104bfa31b91.png,masks/5ce34fdb80334af29ed55104bfa31b91.png,data/raw/BrCaWisconsin/Dataset_BUSI_with_GT/benign/benign (128).png,data/raw/BrCaWisconsin/Dataset_BUSI_with_GT/benign/benign (128)_mask.png,512,512,benign,val
92aa5a41a5c846f6aa65a073fed0fcb5.png,14814997977848653146,benign (201),images/92aa5a41a5c846f6aa65a073fed0fcb5.png,masks/92aa5a41a5c846f6aa65a073fed0fcb5.png,data/raw/BrCaWisconsin/Dataset_BUSI_with_GT/benign/benign (201).png,data/raw/BrCaWisconsin/Dataset_BUSI_with_GT/benign/benign (201)_mask.png,512,512,benign,val
f0fc4a59e51e4790b96267ace5551573.png,5921717069271589066,benign (436),images/f0fc4a59e51e4790b96267ace5551573.png,masks/f0fc4a59e51e4790b96267ace5551573.png,data/raw/BrCaWisconsin/Dataset_BUSI_with_GT/benign/benign (436).png,data/raw/BrCaWisconsin/Dataset_BUSI_with_GT/benign/benign (436)_mask.png,512,512,benign,val
384facdb43924d09a540156a98d9091f.png,13062350052695061972,benign (153),images/384facdb43924d09a540156a98d9091f.png,masks/384facdb43924d09a540156a98d9091f.png,data/raw/BrCaWisconsin/Dataset_BUSI_with_GT/benign/benign (153).png,data/raw/BrCaWisconsin/Dataset_BUSI_with_GT/benign/benign (153)_mask.png,512,512,benign,val
4f22496bf680470f8fcdc3088169f6b9.png,2787087831013679930,benign (295),images/4f22496bf680470f8fcdc3088169f6b9.png,masks/4f22496bf680470f8fcdc3088169f6b9.png,data/raw/BrCaWisconsin/Dataset_BUSI_with_GT/benign/benign (295).png,data/raw/BrCaWisconsin/Dataset_BUSI_with_GT/benign/benign (295)_mask.png,512,512,benign,val
74769fb4aa86400ca07c580a9d69e1f1.png,6184875717393869738,benign (371),images/74769fb4aa86400ca07c580a9d69e1f1.png,masks/74769fb4aa86400ca07c580a9d69e1f1.png,data/raw/BrCaWisconsin/Dataset_BUSI_with_GT/benign/benign (371).png,data/raw/BrCaWisconsin/Dataset_BUSI_with_GT/benign/benign (371)_mask.png,512,512,benign,val
032ffc67875943b9b62dc62720faf676.png,2927962255995236408,benign (147),images/032ffc67875943b9b62dc62720faf676.png,masks/032ffc67875943b9b62dc62720faf676.png,data/raw/BrCaWisconsin/Dataset_BUSI_with_GT/benign/benign (147).png,data/raw/BrCaWisconsin/Dataset_BUSI_with_GT/benign/benign (147)_mask.png,512,512,benign,val
8b001b0a14324b13a7e151688ddb31c2.png,10937390188251116702,benign (104),images/8b001b0a14324b13a7e151688ddb31c2.png,masks/8b001b0a14324b13a7e151688ddb31c2.png,data/raw/BrCaWisconsin/Dataset_BUSI_with_GT/benign/benign (104).png,data/raw/BrCaWisconsin/Dataset_BUSI_with_GT/benign/benign (104)_mask.png,512,512,benign,val
90a5dfb55181442c89261bc198de984e.png,1394739541997176518,benign (45),images/90a5dfb55181442c89261bc198de984e.png,masks/90a5dfb55181442c89261bc198de984e.png,data/raw/BrCaWisconsin/Dataset_BUSI_with_GT/benign/benign (45).png,data/raw/BrCaWisconsin/Dataset_BUSI_with_GT/benign/benign (45)_mask.png,512,512,benign,val
d29fc3c3113643b4a8b3859239bb925e.png,3757083651731802050,benign (284),images/d29fc3c3113643b4a8b3859239bb925e.png,masks/d29fc3c3113643b4a8b3859239bb925e.png,data/raw/BrCaWisconsin/Dataset_BUSI_with_GT/benign/benign (284).png,data/raw/BrCaWisconsin/Dataset_BUSI_with_GT/benign/benign (284)_mask.png,512,512,benign,val
f9c6aedc54004abf81c0d95f06294f93.png,8416053749178659379,benign (387),images/f9c6aedc54004abf81c0d95f06294f93.png,masks/f9c6aedc54004abf81c0d95f06294f93.png,data/raw/BrCaWisconsin/Dataset_BUSI_with_GT/benign/benign (387).png,data/raw/BrCaWisconsin/Dataset_BUSI_with_GT/benign/benign (387)_mask.png,512,512,benign,val
9ee6f00b740f404198d40b28da1b5c08.png,5867148684635936960,benign (417),images/9ee6f00b740f404198d40b28da1b5c08.png,masks/9ee6f00b740f404198d40b28da1b5c08.png,data/raw/BrCaWisconsin/Dataset_BUSI_with_GT/benign/benign (417).png,data/raw/BrCaWisconsin/Dataset_BUSI_with_GT/benign/benign (417)_mask.png,512,512,benign,val
9d68ba7f5d314edca1152ae57b2c8238.png,8271272842807070961,benign (403),images/9d68ba7f5d314edca1152ae57b2c8238.png,masks/9d68ba7f5d314edca1152ae57b2c8238.png,data/raw/BrCaWisconsin/Dataset_BUSI_with_GT/benign/benign (403).png,data/raw/BrCaWisconsin/Dataset_BUSI_with_GT/benign/benign (403)_mask.png,512,512,benign,val
87f6e2e5fcac499391f047d4ae71b438.png,12223262868141299928,benign (112),images/87f6e2e5fcac499391f047d4ae71b438.png,masks/87f6e2e5fcac499391f047d4ae71b438.png,data/raw/BrCaWisconsin/Dataset_BUSI_with_GT/benign/benign (112).png,data/raw/BrCaWisconsin/Dataset_BUSI_with_GT/benign/benign (112)_mask.png,512,512,benign,val
65dc1f35dae4411494e8f3e0cd88589e.png,11343009205427996396,benign (407),images/65dc1f35dae4411494e8f3e0cd88589e.png,masks/65dc1f35dae4411494e8f3e0cd88589e.png,data/raw/BrCaWisconsin/Dataset_BUSI_with_GT/benign/benign (407).png,data/raw/BrCaWisconsin/Dataset_BUSI_with_GT/benign/benign (407)_mask.png,512,512,benign,val
9720ae3d86954bc49acbbf1237eadcb8.png,12389920267604571322,benign (259),images/9720ae3d86954bc49acbbf1237eadcb8.png,masks/9720ae3d86954bc49acbbf1237eadcb8.png,data/raw/BrCaWisconsin/Dataset_BUSI_with_GT/benign/benign (259).png,data/raw/BrCaWisconsin/Dataset_BUSI_with_GT/benign/benign (259)_mask.png,512,512,benign,val
2ea786b9e05845bab63f7e8645fe70a2.png,17426140480310195320,benign (290),images/2ea786b9e05845bab63f7e8645fe70a2.png,masks/2ea786b9e05845bab63f7e8645fe70a2.png,data/raw/BrCaWisconsin/Dataset_BUSI_with_GT/benign/benign (290).png,data/raw/BrCaWisconsin/Dataset_BUSI_with_GT/benign/benign (290)_mask.png,512,512,benign,val
a7b0d86e7dea468997bea35d3cfcc692.png,3281554939850232370,benign (51),images/a7b0d86e7dea468997bea35d3cfcc692.png,masks/a7b0d86e7dea468997bea35d3cfcc692.png,data/raw/BrCaWisconsin/Dataset_BUSI_with_GT/benign/benign (51).png,data/raw/BrCaWisconsin/Dataset_BUSI_with_GT/benign/benign (51)_mask.png,512,512,benign,val
5b41a1bbfb404f0f98815554713ffef0.png,3072495872353002338,benign (391),images/5b41a1bbfb404f0f98815554713ffef0.png,masks/5b41a1bbfb404f0f98815554713ffef0.png,data/raw/BrCaWisconsin/Dataset_BUSI_with_GT/benign/benign (391).png,data/raw/BrCaWisconsin/Dataset_BUSI_with_GT/benign/benign (391)_mask.png,512,512,benign,val
98af8f64d95d400daa45f7e498af36f2.png,7738910760678041721,benign (145),images/98af8f64d95d400daa45f7e498af36f2.png,masks/98af8f64d95d400daa45f7e498af36f2.png,data/raw/BrCaWisconsin/Dataset_BUSI_with_GT/benign/benign (145).png,data/raw/BrCaWisconsin/Dataset_BUSI_with_GT/benign/benign (145)_mask.png,512,512,benign,val
836e4ba433424711b72141be35a86f85.png,3410145915085020523,benign (83),images/836e4ba433424711b72141be35a86f85.png,masks/836e4ba433424711b72141be35a86f85.png,data/raw/BrCaWisconsin/Dataset_BUSI_with_GT/benign/benign (83).png,data/raw/BrCaWisconsin/Dataset_BUSI_with_GT/benign/benign (83)_mask.png,512,512,benign,val
47e18a14f2d44e0faae5a6d65284456f.png,12274680133708047925,benign (329),images/47e18a14f2d44e0faae5a6d65284456f.png,masks/47e18a14f2d44e0faae5a6d65284456f.png,data/raw/BrCaWisconsin/Dataset_BUSI_with_GT/benign/benign (329).png,data/raw/BrCaWisconsin/Dataset_BUSI_with_GT/benign/benign (329)_mask.png,512,512,benign,val
bf0fae46ad3a450b9c2ccb0a7d728a74.png,7686390761671639136,benign (283),images/bf0fae46ad3a450b9c2ccb0a7d728a74.png,masks/bf0fae46ad3a450b9c2ccb0a7d728a74.png,data/raw/BrCaWisconsin/Dataset_BUSI_with_GT/benign/benign (283).png,data/raw/BrCaWisconsin/Dataset_BUSI_with_GT/benign/benign (283)_mask.png,512,512,benign,val
01bc186dee534d4da92be8d31faaa791.png,6207134451389140184,benign (67),images/01bc186dee534d4da92be8d31faaa791.png,masks/01bc186dee534d4da92be8d31faaa791.png,data/raw/BrCaWisconsin/Dataset_BUSI_with_GT/benign/benign (67).png,data/raw/BrCaWisconsin/Dataset_BUSI_with_GT/benign/benign (67)_mask.png,512,512,benign,val
24eff87628bd4d5da572bc224d478d34.png,7272931471252686663,benign (88),images/24eff87628bd4d5da572bc224d478d34.png,masks/24eff87628bd4d5da572bc224d478d34.png,data/raw/BrCaWisconsin/Dataset_BUSI_with_GT/benign/benign (88).png,data/raw/BrCaWisconsin/Dataset_BUSI_with_GT/benign/benign (88)_mask.png,512,512,benign,val
f3c56b11823c46588afae7296971ee5c.png,7761291728109595624,benign (288),images/f3c56b11823c46588afae7296971ee5c.png,masks/f3c56b11823c46588afae7296971ee5c.png,data/raw/BrCaWisconsin/Dataset_BUSI_with_GT/benign/benign (288).png,data/raw/BrCaWisconsin/Dataset_BUSI_with_GT/benign/benign (288)_mask.png,512,512,benign,val
5b35376d11124180bd6a05c3aa72fbb1.png,10067299655181654966,benign (159),images/5b35376d11124180bd6a05c3aa72fbb1.png,masks/5b35376d11124180bd6a05c3aa72fbb1.png,data/raw/BrCaWisconsin/Dataset_BUSI_with_GT/benign/benign (159).png,data/raw/BrCaWisconsin/Dataset_BUSI_with_GT/benign/benign (159)_mask.png,512,512,benign,val
d675bba51b034b9c99135d3303f3687e.png,12345974805310498988,benign (322),images/d675bba51b034b9c99135d3303f3687e.png,masks/d675bba51b034b9c99135d3303f3687e.png,data/raw/BrCaWisconsin/Dataset_BUSI_with_GT/benign/benign (322).png,data/raw/BrCaWisconsin/Dataset_BUSI_with_GT/benign/benign (322)_mask.png,512,512,benign,val
a344013ee4504c94b5aad1102774c548.png,12389929064762946746,benign (229),images/a344013ee4504c94b5aad1102774c548.png,masks/a344013ee4504c94b5aad1102774c548.png,data/raw/BrCaWisconsin/Dataset_BUSI_with_GT/benign/benign (229).png,data/raw/BrCaWisconsin/Dataset_BUSI_with_GT/benign/benign (229)_mask.png,512,512,benign,val
d306c15aa59c4ae3bd658a9744d72971.png,5968025598385004044,benign (30),images/d306c15aa59c4ae3bd658a9744d72971.png,masks/d306c15aa59c4ae3bd658a9744d72971.png,data/raw/BrCaWisconsin/Dataset_BUSI_with_GT/benign/benign (30).png,data/raw/BrCaWisconsin/Dataset_BUSI_with_GT/benign/benign (30)_mask.png,512,512,benign,val
117fd4ce7ab142fa882e9c59728a8382.png,12296993801028940018,benign (119),images/117fd4ce7ab142fa882e9c59728a8382.png,masks/117fd4ce7ab142fa882e9c59728a8382.png,data/raw/BrCaWisconsin/Dataset_BUSI_with_GT/benign/benign (119).png,data/raw/BrCaWisconsin/Dataset_BUSI_with_GT/benign/benign (119)_mask.png,512,512,benign,val
9f1e43d7da6345388eacd3a841ea65c8.png,6181344096941352373,benign (92),images/9f1e43d7da6345388eacd3a841ea65c8.png,masks/9f1e43d7da6345388eacd3a841ea65c8.png,data/raw/BrCaWisconsin/Dataset_BUSI_with_GT/benign/benign (92).png,data/raw/BrCaWisconsin/Dataset_BUSI_with_GT/benign/benign (92)_mask.png,512,512,benign,val
636a4f9844ef4a7687665872360030b6.png,11914728640544420145,benign (375),images/636a4f9844ef4a7687665872360030b6.png,masks/636a4f9844ef4a7687665872360030b6.png,data/raw/BrCaWisconsin/Dataset_BUSI_with_GT/benign/benign (375).png,data/raw/BrCaWisconsin/Dataset_BUSI_with_GT/benign/benign (375)_mask.png,512,512,benign,val
1b08970bd4dc45e1b11df8bb09728631.png,12392160402033088536,benign (253),images/1b08970bd4dc45e1b11df8bb09728631.png,masks/1b08970bd4dc45e1b11df8bb09728631.png,data/raw/BrCaWisconsin/Dataset_BUSI_with_GT/benign/benign (253).png,data/raw/BrCaWisconsin/Dataset_BUSI_with_GT/benign/benign (253)_mask.png,512,512,benign,val
f4874e81584c4a5e8cdf20a429cdbc8a.png,13332435394236796429,benign (315),images/f4874e81584c4a5e8cdf20a429cdbc8a.png,masks/f4874e81584c4a5e8cdf20a429cdbc8a.png,data/raw/BrCaWisconsin/Dataset_BUSI_with_GT/benign/benign (315).png,data/raw/BrCaWisconsin/Dataset_BUSI_with_GT/benign/benign (315)_mask.png,512,512,benign,val
0bb9979c8d324997ad91e3fa9741ecfa.png,15361324805188282588,benign (409),images/0bb9979c8d324997ad91e3fa9741ecfa.png,masks/0bb9979c8d324997ad91e3fa9741ecfa.png,data/raw/BrCaWisconsin/Dataset_BUSI_with_GT/benign/benign (409).png,data/raw/BrCaWisconsin/Dataset_BUSI_with_GT/benign/benign (409)_mask.png,512,512,benign,val
b065a7c2993641bf85f12ba4912605ed.png,4853988245724500386,benign (230),images/b065a7c2993641bf85f12ba4912605ed.png,masks/b065a7c2993641bf85f12ba4912605ed.png,data/raw/BrCaWisconsin/Dataset_BUSI_with_GT/benign/benign (230).png,data/raw/BrCaWisconsin/Dataset_BUSI_with_GT/benign/benign (230)_mask.png,512,512,benign,val
2d18cea821f444f38e0bc41e05fac398.png,10688526539023723716,benign (123),images/2d18cea821f444f38e0bc41e05fac398.png,masks/2d18cea821f444f38e0bc41e05fac398.png,data/raw/BrCaWisconsin/Dataset_BUSI_with_GT/benign/benign (123).png,data/raw/BrCaWisconsin/Dataset_BUSI_with_GT/benign/benign (123)_mask.png,512,512,benign,val
1748f8b962fe459e89f5d2c16347e26b.png,3286633034036317855,benign (137),images/1748f8b962fe459e89f5d2c16347e26b.png,masks/1748f8b962fe459e89f5d2c16347e26b.png,data/raw/BrCaWisconsin/Dataset_BUSI_with_GT/benign/benign (137).png,data/raw/BrCaWisconsin/Dataset_BUSI_with_GT/benign/benign (137)_mask.png,512,512,benign,val
5f4636e679ff4b179c8b6d889822988d.png,12334565163382098953,benign (301),images/5f4636e679ff4b179c8b6d889822988d.png,masks/5f4636e679ff4b179c8b6d889822988d.png,data/raw/BrCaWisconsin/Dataset_BUSI_with_GT/benign/benign (301).png,data/raw/BrCaWisconsin/Dataset_BUSI_with_GT/benign/benign (301)_mask.png,512,512,benign,val
2077f7291f244f5d971154c935daaab7.png,10703286593681808217,benign (247),images/2077f7291f244f5d971154c935daaab7.png,masks/2077f7291f244f5d971154c935daaab7.png,data/raw/BrCaWisconsin/Dataset_BUSI_with_GT/benign/benign (247).png,data/raw/BrCaWisconsin/Dataset_BUSI_with_GT/benign/benign (247)_mask.png,512,512,benign,val
4ef2bcaa7f8e49dd9e2ff72e2eae8405.png,10900218895123708411,benign (86),images/4ef2bcaa7f8e49dd9e2ff72e2eae8405.png,masks/4ef2bcaa7f8e49dd9e2ff72e2eae8405.png,data/raw/BrCaWisconsin/Dataset_BUSI_with_GT/benign/benign (86).png,data/raw/BrCaWisconsin/Dataset_BUSI_with_GT/benign/benign (86)_mask.png,512,512,benign,val
de45f5e3eb334530b1d2edd2bc22cab9.png,2895570802108312744,benign (226),images/de45f5e3eb334530b1d2edd2bc22cab9.png,masks/de45f5e3eb334530b1d2edd2bc22cab9.png,data/raw/BrCaWisconsin/Dataset_BUSI_with_GT/benign/benign (226).png,data/raw/BrCaWisconsin/Dataset_BUSI_with_GT/benign/benign (226)_mask.png,512,512,benign,val
106d785cdeac43f8b2e2468f7364ac5a.png,15982018684062342457,benign (71),images/106d785cdeac43f8b2e2468f7364ac5a.png,masks/106d785cdeac43f8b2e2468f7364ac5a.png,data/raw/BrCaWisconsin/Dataset_BUSI_with_GT/benign/benign (71).png,data/raw/BrCaWisconsin/Dataset_BUSI_with_GT/benign/benign (71)_mask.png,512,512,benign,val
d850acf8070a4cde8eb0cfc62423bf46.png,3074722037101378823,benign (184),images/d850acf8070a4cde8eb0cfc62423bf46.png,masks/d850acf8070a4cde8eb0cfc62423bf46.png,data/raw/BrCaWisconsin/Dataset_BUSI_with_GT/benign/benign (184).png,data/raw/BrCaWisconsin/Dataset_BUSI_with_GT/benign/benign (184)_mask.png,512,512,benign,val
0f2819339ad74086a9f43d345e463673.png,3943368674612300908,benign (334),images/0f2819339ad74086a9f43d345e463673.png,masks/0f2819339ad74086a9f43d345e463673.png,data/raw/BrCaWisconsin/Dataset_BUSI_with_GT/benign/benign (334).png,data/raw/BrCaWisconsin/Dataset_BUSI_with_GT/benign/benign (334)_mask.png,512,512,benign,val
4cbf303885ee489c85b6d16b62fdac84.png,12203262474838913465,benign (35),images/4cbf303885ee489c85b6d16b62fdac84.png,masks/4cbf303885ee489c85b6d16b62fdac84.png,data/raw/BrCaWisconsin/Dataset_BUSI_with_GT/benign/benign (35).png,data/raw/BrCaWisconsin/Dataset_BUSI_with_GT/benign/benign (35)_mask.png,512,512,benign,val
2e5b38ead096451ab8b570ccec90983d.png,3860805721265533491,benign (271),images/2e5b38ead096451ab8b570ccec90983d.png,masks/2e5b38ead096451ab8b570ccec90983d.png,data/raw/BrCaWisconsin/Dataset_BUSI_with_GT/benign/benign (271).png,data/raw/BrCaWisconsin/Dataset_BUSI_with_GT/benign/benign (271)_mask.png,512,512,benign,val
652d01393bac47ef9a02884cf1e28e7b.png,12345652275945206898,benign (320),images/652d01393bac47ef9a02884cf1e28e7b.png,masks/652d01393bac47ef9a02884cf1e28e7b.png,data/raw/BrCaWisconsin/Dataset_BUSI_with_GT/benign/benign (320).png,data/raw/BrCaWisconsin/Dataset_BUSI_with_GT/benign/benign (320)_mask.png,512,512,benign,val
fa254bc70ff241a680580f184bb30a31.png,3142645758387791237,benign (4),images/fa254bc70ff241a680580f184bb30a31.png,masks/fa254bc70ff241a680580f184bb30a31.png,data/raw/BrCaWisconsin/Dataset_BUSI_with_GT/benign/benign (4).png,data/raw/BrCaWisconsin/Dataset_BUSI_with_GT/benign/benign (4)_mask.png,512,512,benign,val
56fd641ec3b640ee8d9de60c58260061.png,12387056859508420850,benign (116),images/56fd641ec3b640ee8d9de60c58260061.png,masks/56fd641ec3b640ee8d9de60c58260061.png,data/raw/BrCaWisconsin/Dataset_BUSI_with_GT/benign/benign (116).png,data/raw/BrCaWisconsin/Dataset_BUSI_with_GT/benign/benign (116)_mask.png,512,512,benign,val
08857feb77a7465684f814e486851d43.png,12946258408155548743,benign (266),images/08857feb77a7465684f814e486851d43.png,masks/08857feb77a7465684f814e486851d43.png,data/raw/BrCaWisconsin/Dataset_BUSI_with_GT/benign/benign (266).png,data/raw/BrCaWisconsin/Dataset_BUSI_with_GT/benign/benign (266)_mask.png,512,512,benign,val
82a9229348c44411aa3f78a23a381b51.png,2780205635753913506,benign (393),images/82a9229348c44411aa3f78a23a381b51.png,masks/82a9229348c44411aa3f78a23a381b51.png,data/raw/BrCaWisconsin/Dataset_BUSI_with_GT/benign/benign (393).png,data/raw/BrCaWisconsin/Dataset_BUSI_with_GT/benign/benign (393)_mask.png,512,512,benign,val
63e80d71b1fb4cbf833a2b49df0bdeec.png,6208796144607832683,benign (14),images/63e80d71b1fb4cbf833a2b49df0bdeec.png,masks/63e80d71b1fb4cbf833a2b49df0bdeec.png,data/raw/BrCaWisconsin/Dataset_BUSI_with_GT/benign/benign (14).png,data/raw/BrCaWisconsin/Dataset_BUSI_with_GT/benign/benign (14)_mask.png,512,512,benign,val
172cd535cf794e6e995ed7a3e0ea5d1b.png,6139719755493598458,benign (318),images/172cd535cf794e6e995ed7a3e0ea5d1b.png,masks/172cd535cf794e6e995ed7a3e0ea5d1b.png,data/raw/BrCaWisconsin/Dataset_BUSI_with_GT/benign/benign (318).png,data/raw/BrCaWisconsin/Dataset_BUSI_with_GT/benign/benign (318)_mask.png,512,512,benign,val
cca5b2275937494cb95fa6cfb3fdbc8f.png,3138381748678726296,benign (162),images/cca5b2275937494cb95fa6cfb3fdbc8f.png,masks/cca5b2275937494cb95fa6cfb3fdbc8f.png,data/raw/BrCaWisconsin/Dataset_BUSI_with_GT/benign/benign (162).png,data/raw/BrCaWisconsin/Dataset_BUSI_with_GT/benign/benign (162)_mask.png,512,512,benign,val
1bb89081c7de437ab8cb7552e34e60b5.png,12922151948327236265,benign (178),images/1bb89081c7de437ab8cb7552e34e60b5.png,masks/1bb89081c7de437ab8cb7552e34e60b5.png,data/raw/BrCaWisconsin/Dataset_BUSI_with_GT/benign/benign (178).png,data/raw/BrCaWisconsin/Dataset_BUSI_with_GT/benign/benign (178)_mask.png,512,512,benign,val
dca047f79cc445d08707575a63453617.png,12333211400869683874,benign (208),images/dca047f79cc445d08707575a63453617.png,masks/dca047f79cc445d08707575a63453617.png,data/raw/BrCaWisconsin/Dataset_BUSI_with_GT/benign/benign (208).png,data/raw/BrCaWisconsin/Dataset_BUSI_with_GT/benign/benign (208)_mask.png,512,512,benign,val
9a5a823cd60e444188a88cae10025df3.png,1583252001889701199,benign (420),images/9a5a823cd60e444188a88cae10025df3.png,masks/9a5a823cd60e444188a88cae10025df3.png,data/raw/BrCaWisconsin/Dataset_BUSI_with_GT/benign/benign (420).png,data/raw/BrCaWisconsin/Dataset_BUSI_with_GT/benign/benign (420)_mask.png,512,512,benign,val
440114e1a684421ab0a76b1298299de8.png,17119771452167013315,benign (135),images/440114e1a684421ab0a76b1298299de8.png,masks/440114e1a684421ab0a76b1298299de8.png,data/raw/BrCaWisconsin/Dataset_BUSI_with_GT/benign/benign (135).png,data/raw/BrCaWisconsin/Dataset_BUSI_with_GT/benign/benign (135)_mask.png,512,512,benign,val
3ee8e6ec448b46328c907706a5c2ec0c.png,6181632890231876684,benign (272),images/3ee8e6ec448b46328c907706a5c2ec0c.png,masks/3ee8e6ec448b46328c907706a5c2ec0c.png,data/raw/BrCaWisconsin/Dataset_BUSI_with_GT/benign/benign (272).png,data/raw/BrCaWisconsin/Dataset_BUSI_with_GT/benign/benign (272)_mask.png,512,512,benign,val
96e460d40d7c41a0b131cd62ca117ec5.png,12801062837276361525,benign (102),images/96e460d40d7c41a0b131cd62ca117ec5.png,masks/96e460d40d7c41a0b131cd62ca117ec5.png,data/raw/BrCaWisconsin/Dataset_BUSI_with_GT/benign/benign (102).png,data/raw/BrCaWisconsin/Dataset_BUSI_with_GT/benign/benign (102)_mask.png,512,512,benign,val
c7ffd3e5f7a1437a824a7706247a379a.png,12921304045751222353,benign (428),images/c7ffd3e5f7a1437a824a7706247a379a.png,masks/c7ffd3e5f7a1437a824a7706247a379a.png,data/raw/BrCaWisconsin/Dataset_BUSI_with_GT/benign/benign (428).png,data/raw/BrCaWisconsin/Dataset_BUSI_with_GT/benign/benign (428)_mask.png,512,512,benign,val
a3ee5ce8cd684c27a4e14b7ad8b412e4.png,3905937601307790540,benign (359),images/a3ee5ce8cd684c27a4e14b7ad8b412e4.png,masks/a3ee5ce8cd684c27a4e14b7ad8b412e4.png,data/raw/BrCaWisconsin/Dataset_BUSI_with_GT/benign/benign (359).png,data/raw/BrCaWisconsin/Dataset_BUSI_with_GT/benign/benign (359)_mask.png,512,512,benign,val
37c97bbc4a8f4275870f6dd432f6beea.png,1555389013737825904,benign (224),images/37c97bbc4a8f4275870f6dd432f6beea.png,masks/37c97bbc4a8f4275870f6dd432f6beea.png,data/raw/BrCaWisconsin/Dataset_BUSI_with_GT/benign/benign (224).png,data/raw/BrCaWisconsin/Dataset_BUSI_with_GT/benign/benign (224)_mask.png,512,512,benign,val
af64629ad57e488a864ed71b3b1571f5.png,15718809830833818352,benign (154),images/af64629ad57e488a864ed71b3b1571f5.png,masks/af64629ad57e488a864ed71b3b1571f5.png,data/raw/BrCaWisconsin/Dataset_BUSI_with_GT/benign/benign (154).png,data/raw/BrCaWisconsin/Dataset_BUSI_with_GT/benign/benign (154)_mask.png,512,512,benign,val
e4c2043cdba84ae69c344737e8246880.png,8396146585736432719,benign (362),images/e4c2043cdba84ae69c344737e8246880.png,masks/e4c2043cdba84ae69c344737e8246880.png,data/raw/BrCaWisconsin/Dataset_BUSI_with_GT/benign/benign (362).png,data/raw/BrCaWisconsin/Dataset_BUSI_with_GT/benign/benign (362)_mask.png,512,512,benign,val
f7d098cf755244908c410fa2d6e4f016.png,16444216354248368806,benign (142),images/f7d098cf755244908c410fa2d6e4f016.png,masks/f7d098cf755244908c410fa2d6e4f016.png,data/raw/BrCaWisconsin/Dataset_BUSI_with_GT/benign/benign (142).png,data/raw/BrCaWisconsin/Dataset_BUSI_with_GT/benign/benign (142)_mask.png,512,512,benign,val
08aca16fcc894e5681e9926d2c6bb1d7.png,15337169758582921264,benign (84),images/08aca16fcc894e5681e9926d2c6bb1d7.png,masks/08aca16fcc894e5681e9926d2c6bb1d7.png,data/raw/BrCaWisconsin/Dataset_BUSI_with_GT/benign/benign (84).png,data/raw/BrCaWisconsin/Dataset_BUSI_with_GT/benign/benign (84)_mask.png,512,512,benign,val
32d6bd54ac104808b16a95166566ee62.png,7679520758728129144,benign (404),images/32d6bd54ac104808b16a95166566ee62.png,masks/32d6bd54ac104808b16a95166566ee62.png,data/raw/BrCaWisconsin/Dataset_BUSI_with_GT/benign/benign (404).png,data/raw/BrCaWisconsin/Dataset_BUSI_with_GT/benign/benign (404)_mask.png,512,512,benign,val
6666f90d61494538ba686c06b46c16a8.png,8747806227119569273,benign (379),images/6666f90d61494538ba686c06b46c16a8.png,masks/6666f90d61494538ba686c06b46c16a8.png,data/raw/BrCaWisconsin/Dataset_BUSI_with_GT/benign/benign (379).png,data/raw/BrCaWisconsin/Dataset_BUSI_with_GT/benign/benign (379)_mask.png,512,512,benign,val
6efd6245d4ad4a8e8be1a756a9b12105.png,6222438512564312902,benign (396),images/6efd6245d4ad4a8e8be1a756a9b12105.png,masks/6efd6245d4ad4a8e8be1a756a9b12105.png,data/raw/BrCaWisconsin/Dataset_BUSI_with_GT/benign/benign (396).png,data/raw/BrCaWisconsin/Dataset_BUSI_with_GT/benign/benign (396)_mask.png,512,512,benign,val
73cc8a03ff9e4e688d4727b6cc5ba46e.png,13522826049924656952,benign (115),images/73cc8a03ff9e4e688d4727b6cc5ba46e.png,masks/73cc8a03ff9e4e688d4727b6cc5ba46e.png,data/raw/BrCaWisconsin/Dataset_BUSI_with_GT/benign/benign (115).png,data/raw/BrCaWisconsin/Dataset_BUSI_with_GT/benign/benign (115)_mask.png,512,512,benign,val
ab36fa07e9a24c6db6e1df31a18fd834.png,13373407636378416344,benign (400),images/ab36fa07e9a24c6db6e1df31a18fd834.png,masks/ab36fa07e9a24c6db6e1df31a18fd834.png,data/raw/BrCaWisconsin/Dataset_BUSI_with_GT/benign/benign (400).png,data/raw/BrCaWisconsin/Dataset_BUSI_with_GT/benign/benign (400)_mask.png,512,512,benign,val
14c81907536b4a4a8a67b791dbf101e5.png,5347420705699588231,benign (42),images/14c81907536b4a4a8a67b791dbf101e5.png,masks/14c81907536b4a4a8a67b791dbf101e5.png,data/raw/BrCaWisconsin/Dataset_BUSI_with_GT/benign/benign (42).png,data/raw/BrCaWisconsin/Dataset_BUSI_with_GT/benign/benign (42)_mask.png,512,512,benign,val
96725e2703604bf7ab59953f5af8b9ec.png,3587831342786987397,benign (416),images/96725e2703604bf7ab59953f5af8b9ec.png,masks/96725e2703604bf7ab59953f5af8b9ec.png,data/raw/BrCaWisconsin/Dataset_BUSI_with_GT/benign/benign (416).png,data/raw/BrCaWisconsin/Dataset_BUSI_with_GT/benign/benign (416)_mask.png,512,512,benign,val
973c9cb618384694919120e270ea2ebb.png,10859764903139856112,benign (292),images/973c9cb618384694919120e270ea2ebb.png,masks/973c9cb618384694919120e270ea2ebb.png,data/raw/BrCaWisconsin/Dataset_BUSI_with_GT/benign/benign (292).png,data/raw/BrCaWisconsin/Dataset_BUSI_with_GT/benign/benign (292)_mask.png,512,512,benign,val
9e7fdac1a7c145e9b07560bdd7bb109e.png,6527908126674423849,benign (38),images/9e7fdac1a7c145e9b07560bdd7bb109e.png,masks/9e7fdac1a7c145e9b07560bdd7bb109e.png,data/raw/BrCaWisconsin/Dataset_BUSI_with_GT/benign/benign (38).png,data/raw/BrCaWisconsin/Dataset_BUSI_with_GT/benign/benign (38)_mask.png,512,512,benign,val
402f0f5a7d014dfdbd5d470c588c3d4b.png,8383118183851283511,benign (376),images/402f0f5a7d014dfdbd5d470c588c3d4b.png,masks/402f0f5a7d014dfdbd5d470c588c3d4b.png,data/raw/BrCaWisconsin/Dataset_BUSI_with_GT/benign/benign (376).png,data/raw/BrCaWisconsin/Dataset_BUSI_with_GT/benign/benign (376)_mask.png,512,512,benign,val
8dc7b255afff4ea8a44649f2662d0879.png,10868404250432035040,benign (140),images/8dc7b255afff4ea8a44649f2662d0879.png,masks/8dc7b255afff4ea8a44649f2662d0879.png,data/raw/BrCaWisconsin/Dataset_BUSI_with_GT/benign/benign (140).png,data/raw/BrCaWisconsin/Dataset_BUSI_with_GT/benign/benign (140)_mask.png,512,512,benign,val
95388671683e443f8a10138a7a890f8f.png,5941789641297539750,benign (189),images/95388671683e443f8a10138a7a890f8f.png,masks/95388671683e443f8a10138a7a890f8f.png,data/raw/BrCaWisconsin/Dataset_BUSI_with_GT/benign/benign (189).png,data/raw/BrCaWisconsin/Dataset_BUSI_with_GT/benign/benign (189)_mask.png,512,512,benign,val
cdb1e2234d02418bb9b780197bac23f4.png,11712073333191226131,benign (206),images/cdb1e2234d02418bb9b780197bac23f4.png,masks/cdb1e2234d02418bb9b780197bac23f4.png,data/raw/BrCaWisconsin/Dataset_BUSI_with_GT/benign/benign (206).png,data/raw/BrCaWisconsin/Dataset_BUSI_with_GT/benign/benign (206)_mask.png,512,512,benign,val
5599225c08c14c7baed26b5f6ea01d54.png,13386161373156971472,benign (63),images/5599225c08c14c7baed26b5f6ea01d54.png,masks/5599225c08c14c7baed26b5f6ea01d54.png,data/raw/BrCaWisconsin/Dataset_BUSI_with_GT/benign/benign (63).png,data/raw/BrCaWisconsin/Dataset_BUSI_with_GT/benign/benign (63)_mask.png,512,512,benign,val
b32cdd026df34656a1c1e45a2dc92695.png,16385263214513206791,benign (343),images/b32cdd026df34656a1c1e45a2dc92695.png,masks/b32cdd026df34656a1c1e45a2dc92695.png,data/raw/BrCaWisconsin/Dataset_BUSI_with_GT/benign/benign (343).png,data/raw/BrCaWisconsin/Dataset_BUSI_with_GT/benign/benign (343)_mask.png,512,512,benign,val
5f2350f2d5404ecbaf2877d8db1eadfd.png,13101645396417426353,benign (8),images/5f2350f2d5404ecbaf2877d8db1eadfd.png,masks/5f2350f2d5404ecbaf2877d8db1eadfd.png,data/raw/BrCaWisconsin/Dataset_BUSI_with_GT/benign/benign (8).png,data/raw/BrCaWisconsin/Dataset_BUSI_with_GT/benign/benign (8)_mask.png,512,512,benign,val
2cb8486efecf45539d5da91a94ae3c7e.png,11830569359580587129,benign (19),images/2cb8486efecf45539d5da91a94ae3c7e.png,masks/2cb8486efecf45539d5da91a94ae3c7e.png,data/raw/BrCaWisconsin/Dataset_BUSI_with_GT/benign/benign (19).png,data/raw/BrCaWisconsin/Dataset_BUSI_with_GT/benign/benign (19)_mask.png,512,512,benign,val
7481e7d772524456ab047a4cbfcdc5df.png,12859648455986029926,benign (251),images/7481e7d772524456ab047a4cbfcdc5df.png,masks/7481e7d772524456ab047a4cbfcdc5df.png,data/raw/BrCaWisconsin/Dataset_BUSI_with_GT/benign/benign (251).png,data/raw/BrCaWisconsin/Dataset_BUSI_with_GT/benign/benign (251)_mask.png,512,512,benign,val
4cf4a9b8f07f4738a307172fc36a9508.png,15265663106216781478,benign (161),images/4cf4a9b8f07f4738a307172fc36a9508.png,masks/4cf4a9b8f07f4738a307172fc36a9508.png,data/raw/BrCaWisconsin/Dataset_BUSI_with_GT/benign/benign (161).png,data/raw/BrCaWisconsin/Dataset_BUSI_with_GT/benign/benign (161)_mask.png,512,512,benign,val
6007c274f51645c7b179006dec36b5a1.png,15306216343429670180,benign (357),images/6007c274f51645c7b179006dec36b5a1.png,masks/6007c274f51645c7b179006dec36b5a1.png,data/raw/BrCaWisconsin/Dataset_BUSI_with_GT/benign/benign (357).png,data/raw/BrCaWisconsin/Dataset_BUSI_with_GT/benign/benign (357)_mask.png,512,512,benign,val
28346a118313403cab4feca84b682ac6.png,6239934275832278252,benign (7),images/28346a118313403cab4feca84b682ac6.png,masks/28346a118313403cab4feca84b682ac6.png,data/raw/BrCaWisconsin/Dataset_BUSI_with_GT/benign/benign (7).png,data/raw/BrCaWisconsin/Dataset_BUSI_with_GT/benign/benign (7)_mask.png,512,512,benign,val
37bfaf99535347409984c550d2849007.png,6020937508796373563,benign (211),images/37bfaf99535347409984c550d2849007.png,masks/37bfaf99535347409984c550d2849007.png,data/raw/BrCaWisconsin/Dataset_BUSI_with_GT/benign/benign (211).png,data/raw/BrCaWisconsin/Dataset_BUSI_with_GT/benign/benign (211)_mask.png,512,512,benign,val
866246cbde1f4c52a307b63bce7920b5.png,2480826280428724448,benign (205),images/866246cbde1f4c52a307b63bce7920b5.png,masks/866246cbde1f4c52a307b63bce7920b5.png,data/raw/BrCaWisconsin/Dataset_BUSI_with_GT/benign/benign (205).png,data/raw/BrCaWisconsin/Dataset_BUSI_with_GT/benign/benign (205)_mask.png,512,512,benign,val
568a72121c9e4f00aeb4a06eabe1b296.png,6135760422213347816,benign (175),images/568a72121c9e4f00aeb4a06eabe1b296.png,masks/568a72121c9e4f00aeb4a06eabe1b296.png,data/raw/BrCaWisconsin/Dataset_BUSI_with_GT/benign/benign (175).png,data/raw/BrCaWisconsin/Dataset_BUSI_with_GT/benign/benign (175)_mask.png,512,512,benign,val
0433882a01144ed39313fea448408d77.png,14814998251652818778,benign (302),images/0433882a01144ed39313fea448408d77.png,masks/0433882a01144ed39313fea448408d77.png,data/raw/BrCaWisconsin/Dataset_BUSI_with_GT/benign/benign (302).png,data/raw/BrCaWisconsin/Dataset_BUSI_with_GT/benign/benign (302)_mask.png,512,512,benign,val
3aabbb4649b644c8a9a94a37e1084d24.png,14509374133142958644,benign (181),images/3aabbb4649b644c8a9a94a37e1084d24.png,masks/3aabbb4649b644c8a9a94a37e1084d24.png,data/raw/BrCaWisconsin/Dataset_BUSI_with_GT/benign/benign (181).png,data/raw/BrCaWisconsin/Dataset_BUSI_with_GT/benign/benign (181)_mask.png,512,512,benign,val
10b6d4728cb24a059832bcff1adb26a2.png,12261585116534818311,benign (47),images/10b6d4728cb24a059832bcff1adb26a2.png,masks/10b6d4728cb24a059832bcff1adb26a2.png,data/raw/BrCaWisconsin/Dataset_BUSI_with_GT/benign/benign (47).png,data/raw/BrCaWisconsin/Dataset_BUSI_with_GT/benign/benign (47)_mask.png,512,512,benign,val
b8b0d04e230d43c684a4f1de2d5561e5.png,3646048307462551869,benign (339),images/b8b0d04e230d43c684a4f1de2d5561e5.png,masks/b8b0d04e230d43c684a4f1de2d5561e5.png,data/raw/BrCaWisconsin/Dataset_BUSI_with_GT/benign/benign (339).png,data/raw/BrCaWisconsin/Dataset_BUSI_with_GT/benign/benign (339)_mask.png,512,512,benign,val
9472cc776c99431a926ba30c7a5828d3.png,7896998899333360232,benign (425),images/9472cc776c99431a926ba30c7a5828d3.png,masks/9472cc776c99431a926ba30c7a5828d3.png,data/raw/BrCaWisconsin/Dataset_BUSI_with_GT/benign/benign (425).png,data/raw/BrCaWisconsin/Dataset_BUSI_with_GT/benign/benign (425)_mask.png,512,512,benign,val
b4cc3fc9641b46729e929854ee94b099.png,16795540076303151826,benign (355),images/b4cc3fc9641b46729e929854ee94b099.png,masks/b4cc3fc9641b46729e929854ee94b099.png,data/raw/BrCaWisconsin/Dataset_BUSI_with_GT/benign/benign (355).png,data/raw/BrCaWisconsin/Dataset_BUSI_with_GT/benign/benign (355)_mask.png,512,512,benign,val
9d78623b172c48fd8fffffef865c4065.png,5144635996982981514,benign (10),images/9d78623b172c48fd8fffffef865c4065.png,masks/9d78623b172c48fd8fffffef865c4065.png,data/raw/BrCaWisconsin/Dataset_BUSI_with_GT/benign/benign (10).png,data/raw/BrCaWisconsin/Dataset_BUSI_with_GT/benign/benign (10)_mask.png,512,512,benign,val
19730484e70648ee8860cb7b535371e7.png,12188617100136835304,benign (139),images/19730484e70648ee8860cb7b535371e7.png,masks/19730484e70648ee8860cb7b535371e7.png,data/raw/BrCaWisconsin/Dataset_BUSI_with_GT/benign/benign (139).png,data/raw/BrCaWisconsin/Dataset_BUSI_with_GT/benign/benign (139)_mask.png,512,512,benign,val
8c06964f41464e7fbe3379c4f2e0eec0.png,5963440610112790883,benign (395),images/8c06964f41464e7fbe3379c4f2e0eec0.png,masks/8c06964f41464e7fbe3379c4f2e0eec0.png,data/raw/BrCaWisconsin/Dataset_BUSI_with_GT/benign/benign (395).png,data/raw/BrCaWisconsin/Dataset_BUSI_with_GT/benign/benign (395)_mask.png,512,512,benign,val
5417d6d6dfe34e82ba31b68ade00a965.png,3724172097427123186,benign (11),images/5417d6d6dfe34e82ba31b68ade00a965.png,masks/5417d6d6dfe34e82ba31b68ade00a965.png,data/raw/BrCaWisconsin/Dataset_BUSI_with_GT/benign/benign (11).png,data/raw/BrCaWisconsin/Dataset_BUSI_with_GT/benign/benign (11)_mask.png,512,512,benign,val
c92ee46b6234487394f087c463b010bd.png,6824319766497048991,benign (138),images/c92ee46b6234487394f087c463b010bd.png,masks/c92ee46b6234487394f087c463b010bd.png,data/raw/BrCaWisconsin/Dataset_BUSI_with_GT/benign/benign (138).png,data/raw/BrCaWisconsin/Dataset_BUSI_with_GT/benign/benign (138)_mask.png,512,512,benign,val
7d516db09f4047dd8422e2fa77a6d80f.png,12274681233219675701,benign (12),images/7d516db09f4047dd8422e2fa77a6d80f.png,masks/7d516db09f4047dd8422e2fa77a6d80f.png,data/raw/BrCaWisconsin/Dataset_BUSI_with_GT/benign/benign (12).png,data/raw/BrCaWisconsin/Dataset_BUSI_with_GT/benign/benign (12)_mask.png,512,512,benign,val
558af5cf13f44ca5b3562fb536cbe829.png,8481850106489053993,benign (354),images/558af5cf13f44ca5b3562fb536cbe829.png,masks/558af5cf13f44ca5b3562fb536cbe829.png,data/raw/BrCaWisconsin/Dataset_BUSI_with_GT/benign/benign (354).png,data/raw/BrCaWisconsin/Dataset_BUSI_with_GT/benign/benign (354)_mask.png,512,512,benign,val
9fd0f13ded3b4b258af6bfabda29e06d.png,7731082242489544425,benign (180),images/9fd0f13ded3b4b258af6bfabda29e06d.png,masks/9fd0f13ded3b4b258af6bfabda29e06d.png,data/raw/BrCaWisconsin/Dataset_BUSI_with_GT/benign/benign (180).png,data/raw/BrCaWisconsin/Dataset_BUSI_with_GT/benign/benign (180)_mask.png,512,512,benign,val
010b538ea8204ed192a80e89bab2cb60.png,5230992651123220672,benign (326),images/010b538ea8204ed192a80e89bab2cb60.png,masks/010b538ea8204ed192a80e89bab2cb60.png,data/raw/BrCaWisconsin/Dataset_BUSI_with_GT/benign/benign (326).png,data/raw/BrCaWisconsin/Dataset_BUSI_with_GT/benign/benign (326)_mask.png,512,512,benign,val
88635fbd554947b397b9dd802890ac2b.png,5879076109571777193,benign (46),images/88635fbd554947b397b9dd802890ac2b.png,masks/88635fbd554947b397b9dd802890ac2b.png,data/raw/BrCaWisconsin/Dataset_BUSI_with_GT/benign/benign (46).png,data/raw/BrCaWisconsin/Dataset_BUSI_with_GT/benign/benign (46)_mask.png,512,512,benign,val
b5b4a22ea2c6483f8a650ac5fb8493e6.png,12908182345549556009,benign (110),images/b5b4a22ea2c6483f8a650ac5fb8493e6.png,masks/b5b4a22ea2c6483f8a650ac5fb8493e6.png,data/raw/BrCaWisconsin/Dataset_BUSI_with_GT/benign/benign (110).png,data/raw/BrCaWisconsin/Dataset_BUSI_with_GT/benign/benign (110)_mask.png,512,512,benign,val
914c5f8957f24e958679f8294dcf1911.png,6453253145961969840,benign (68),images/914c5f8957f24e958679f8294dcf1911.png,masks/914c5f8957f24e958679f8294dcf1911.png,data/raw/BrCaWisconsin/Dataset_BUSI_with_GT/benign/benign (68).png,data/raw/BrCaWisconsin/Dataset_BUSI_with_GT/benign/benign (68)_mask.png,512,512,benign,val
a838b09b03234725a075d4d777d82ce2.png,11712073333258334725,benign (303),images/a838b09b03234725a075d4d777d82ce2.png,masks/a838b09b03234725a075d4d777d82ce2.png,data/raw/BrCaWisconsin/Dataset_BUSI_with_GT/benign/benign (303).png,data/raw/BrCaWisconsin/Dataset_BUSI_with_GT/benign/benign (303)_mask.png,512,512,benign,val
0a2a370854ef4709aebdf06de2f4a65d.png,3158629392329390249,benign (196),images/0a2a370854ef4709aebdf06de2f4a65d.png,masks/0a2a370854ef4709aebdf06de2f4a65d.png,data/raw/BrCaWisconsin/Dataset_BUSI_with_GT/benign/benign (196).png,data/raw/BrCaWisconsin/Dataset_BUSI_with_GT/benign/benign (196)_mask.png,512,512,benign,val
b4942ea052df45e3ab024bf7051ee9fe.png,11044284497676390094,benign (50),images/b4942ea052df45e3ab024bf7051ee9fe.png,masks/b4942ea052df45e3ab024bf7051ee9fe.png,data/raw/BrCaWisconsin/Dataset_BUSI_with_GT/benign/benign (50).png,data/raw/BrCaWisconsin/Dataset_BUSI_with_GT/benign/benign (50)_mask.png,512,512,benign,val
ee844e61a3d54269be366f8057272775.png,12838027050003780024,benign (250),images/ee844e61a3d54269be366f8057272775.png,masks/ee844e61a3d54269be366f8057272775.png,data/raw/BrCaWisconsin/Dataset_BUSI_with_GT/benign/benign (250).png,data/raw/BrCaWisconsin/Dataset_BUSI_with_GT/benign/benign (250)_mask.png,512,512,benign,val
e3d902feef044d64a804925abea2fce3.png,17426149147554198649,benign (274),images/e3d902feef044d64a804925abea2fce3.png,masks/e3d902feef044d64a804925abea2fce3.png,data/raw/BrCaWisconsin/Dataset_BUSI_with_GT/benign/benign (274).png,data/raw/BrCaWisconsin/Dataset_BUSI_with_GT/benign/benign (274)_mask.png,512,512,benign,val
a5a4439010e4439c9c5e525e2f937dfb.png,5230992646308159680,benign (9),images/a5a4439010e4439c9c5e525e2f937dfb.png,masks/a5a4439010e4439c9c5e525e2f937dfb.png,data/raw/BrCaWisconsin/Dataset_BUSI_with_GT/benign/benign (9).png,data/raw/BrCaWisconsin/Dataset_BUSI_with_GT/benign/benign (9)_mask.png,512,512,benign,val
167a0ff32cf9454e94934554abd67a19.png,7286389505431840740,benign (207),images/167a0ff32cf9454e94934554abd67a19.png,masks/167a0ff32cf9454e94934554abd67a19.png,data/raw/BrCaWisconsin/Dataset_BUSI_with_GT/benign/benign (207).png,data/raw/BrCaWisconsin/Dataset_BUSI_with_GT/benign/benign (207)_mask.png,512,512,benign,val
0347e5a6097943dfb3df9578d54b46dd.png,7123474583891637622,benign (381),images/0347e5a6097943dfb3df9578d54b46dd.png,masks/0347e5a6097943dfb3df9578d54b46dd.png,data/raw/BrCaWisconsin/Dataset_BUSI_with_GT/benign/benign (381).png,data/raw/BrCaWisconsin/Dataset_BUSI_with_GT/benign/benign (381)_mask.png,512,512,benign,val
553e60c1ddfb4dbbade3b80c2b8e02dd.png,1636392866285080304,benign (293),images/553e60c1ddfb4dbbade3b80c2b8e02dd.png,masks/553e60c1ddfb4dbbade3b80c2b8e02dd.png,data/raw/BrCaWisconsin/Dataset_BUSI_with_GT/benign/benign (293).png,data/raw/BrCaWisconsin/Dataset_BUSI_with_GT/benign/benign (293)_mask.png,512,512,benign,val
530a9253b30d45888d207dd26372466a.png,10911142422770328520,benign (255),images/530a9253b30d45888d207dd26372466a.png,masks/530a9253b30d45888d207dd26372466a.png,data/raw/BrCaWisconsin/Dataset_BUSI_with_GT/benign/benign (255).png,data/raw/BrCaWisconsin/Dataset_BUSI_with_GT/benign/benign (255)_mask.png,512,512,benign,val
066c8579d2e24f08812400c51ad0f497.png,4302879984146964645,benign (27),images/066c8579d2e24f08812400c51ad0f497.png,masks/066c8579d2e24f08812400c51ad0f497.png,data/raw/BrCaWisconsin/Dataset_BUSI_with_GT/benign/benign (27).png,data/raw/BrCaWisconsin/Dataset_BUSI_with_GT/benign/benign (27)_mask.png,512,512,benign,val
f58eaf7262394586ac2931c763634d4f.png,11803277774956835064,benign (114),images/f58eaf7262394586ac2931c763634d4f.png,masks/f58eaf7262394586ac2931c763634d4f.png,data/raw/BrCaWisconsin/Dataset_BUSI_with_GT/benign/benign (114).png,data/raw/BrCaWisconsin/Dataset_BUSI_with_GT/benign/benign (114)_mask.png,512,512,benign,val
a96ca9c6dce24201b9c1a35e8e13c87f.png,7842897622548916384,benign (182),images/a96ca9c6dce24201b9c1a35e8e13c87f.png,masks/a96ca9c6dce24201b9c1a35e8e13c87f.png,data/raw/BrCaWisconsin/Dataset_BUSI_with_GT/benign/benign (182).png,data/raw/BrCaWisconsin/Dataset_BUSI_with_GT/benign/benign (182)_mask.png,512,512,benign,val
e8c02e51ebcc4b2c83860f0a98da9fe1.png,8253653603932933017,benign (401),images/e8c02e51ebcc4b2c83860f0a98da9fe1.png,masks/e8c02e51ebcc4b2c83860f0a98da9fe1.png,data/raw/BrCaWisconsin/Dataset_BUSI_with_GT/benign/benign (401).png,data/raw/BrCaWisconsin/Dataset_BUSI_with_GT/benign/benign (401)_mask.png,512,512,benign,val
e9997a2041a3478a962938078826b8c9.png,6213054930640277388,benign (33),images/e9997a2041a3478a962938078826b8c9.png,masks/e9997a2041a3478a962938078826b8c9.png,data/raw/BrCaWisconsin/Dataset_BUSI_with_GT/benign/benign (33).png,data/raw/BrCaWisconsin/Dataset_BUSI_with_GT/benign/benign (33)_mask.png,512,512,benign,val
2233f6795dce4e03879695fe2e40efa0.png,10690097575258305297,benign (378),images/2233f6795dce4e03879695fe2e40efa0.png,masks/2233f6795dce4e03879695fe2e40efa0.png,data/raw/BrCaWisconsin/Dataset_BUSI_with_GT/benign/benign (378).png,data/raw/BrCaWisconsin/Dataset_BUSI_with_GT/benign/benign (378)_mask.png,512,512,benign,val
370e682e153142fba254d41497295ac9.png,1036026473132801258,benign (397),images/370e682e153142fba254d41497295ac9.png,masks/370e682e153142fba254d41497295ac9.png,data/raw/BrCaWisconsin/Dataset_BUSI_with_GT/benign/benign (397).png,data/raw/BrCaWisconsin/Dataset_BUSI_with_GT/benign/benign (397)_mask.png,512,512,benign,val
cf8d7959d49043b8a8da10faa392b838.png,2457077206964949979,benign (143),images/cf8d7959d49043b8a8da10faa392b838.png,masks/cf8d7959d49043b8a8da10faa392b838.png,data/raw/BrCaWisconsin/Dataset_BUSI_with_GT/benign/benign (143).png,data/raw/BrCaWisconsin/Dataset_BUSI_with_GT/benign/benign (143)_mask.png,512,512,benign,val
ddadd9630afd40bda27483853c2fdfaa.png,5347420705968027719,benign (131),images/ddadd9630afd40bda27483853c2fdfaa.png,masks/ddadd9630afd40bda27483853c2fdfaa.png,data/raw/BrCaWisconsin/Dataset_BUSI_with_GT/benign/benign (131).png,data/raw/BrCaWisconsin/Dataset_BUSI_with_GT/benign/benign (131)_mask.png,512,512,benign,val
c1c9bb3be1284533b6247dc237699bb2.png,6220978472805234712,benign (85),images/c1c9bb3be1284533b6247dc237699bb2.png,masks/c1c9bb3be1284533b6247dc237699bb2.png,data/raw/BrCaWisconsin/Dataset_BUSI_with_GT/benign/benign (85).png,data/raw/BrCaWisconsin/Dataset_BUSI_with_GT/benign/benign (85)_mask.png,512,512,benign,val
a355a22ecd854bc7bf86481b9a589c26.png,14787260235538925255,benign (307),images/a355a22ecd854bc7bf86481b9a589c26.png,masks/a355a22ecd854bc7bf86481b9a589c26.png,data/raw/BrCaWisconsin/Dataset_BUSI_with_GT/benign/benign (307).png,data/raw/BrCaWisconsin/Dataset_BUSI_with_GT/benign/benign (307)_mask.png,512,512,benign,val
cf0c387edd984c749075011216877349.png,12980455688586577859,benign (285),images/cf0c387edd984c749075011216877349.png,masks/cf0c387edd984c749075011216877349.png,data/raw/BrCaWisconsin/Dataset_BUSI_with_GT/benign/benign (285).png,data/raw/BrCaWisconsin/Dataset_BUSI_with_GT/benign/benign (285)_mask.png,512,512,benign,val
fe467db2262b41518746d8a85d283be5.png,12765179947603257448,benign (49),images/fe467db2262b41518746d8a85d283be5.png,masks/fe467db2262b41518746d8a85d283be5.png,data/raw/BrCaWisconsin/Dataset_BUSI_with_GT/benign/benign (49).png,data/raw/BrCaWisconsin/Dataset_BUSI_with_GT/benign/benign (49)_mask.png,512,512,benign,val
2bc8caf0ea2b4f7eb6c06b87809b6e4b.png,11696361249453138024,benign (80),images/2bc8caf0ea2b4f7eb6c06b87809b6e4b.png,masks/2bc8caf0ea2b4f7eb6c06b87809b6e4b.png,data/raw/BrCaWisconsin/Dataset_BUSI_with_GT/benign/benign (80).png,data/raw/BrCaWisconsin/Dataset_BUSI_with_GT/benign/benign (80)_mask.png,512,512,benign,val
938223146bd542a9ac3a7aea367b4563.png,1402385083352723243,benign (358),images/938223146bd542a9ac3a7aea367b4563.png,masks/938223146bd542a9ac3a7aea367b4563.png,data/raw/BrCaWisconsin/Dataset_BUSI_with_GT/benign/benign (358).png,data/raw/BrCaWisconsin/Dataset_BUSI_with_GT/benign/benign (358)_mask.png,512,512,benign,val
006f650feb4c42d7bd9043a3b8d42436.png,15363091782152013050,benign (1),images/006f650feb4c42d7bd9043a3b8d42436.png,masks/006f650feb4c42d7bd9043a3b8d42436.png,data/raw/BrCaWisconsin/Dataset_BUSI_with_GT/benign/benign (1).png,data/raw/BrCaWisconsin/Dataset_BUSI_with_GT/benign/benign (1)_mask.png,512,512,benign,val
095177fb299d4881bf74b5d0b55c0a77.png,12189144728407420046,benign (421),images/095177fb299d4881bf74b5d0b55c0a77.png,masks/095177fb299d4881bf74b5d0b55c0a77.png,data/raw/BrCaWisconsin/Dataset_BUSI_with_GT/benign/benign (421).png,data/raw/BrCaWisconsin/Dataset_BUSI_with_GT/benign/benign (421)_mask.png,512,512,benign,val
0da1e90df38b4a3e87f3b2bba707785a.png,17655980160180064716,benign (134),images/0da1e90df38b4a3e87f3b2bba707785a.png,masks/0da1e90df38b4a3e87f3b2bba707785a.png,data/raw/BrCaWisconsin/Dataset_BUSI_with_GT/benign/benign (134).png,data/raw/BrCaWisconsin/Dataset_BUSI_with_GT/benign/benign (134)_mask.png,512,512,benign,val
e2edc8cb17f54d4cb0a63ec01cfc7c4e.png,3067137534478144711,benign (167),images/e2edc8cb17f54d4cb0a63ec01cfc7c4e.png,masks/e2edc8cb17f54d4cb0a63ec01cfc7c4e.png,data/raw/BrCaWisconsin/Dataset_BUSI_with_GT/benign/benign (167).png,data/raw/BrCaWisconsin/Dataset_BUSI_with_GT/benign/benign (167)_mask.png,512,512,benign,val
6c6fd57b97df457691a61c8415fd5f77.png,11920436023231018574,benign (398),images/6c6fd57b97df457691a61c8415fd5f77.png,masks/6c6fd57b97df457691a61c8415fd5f77.png,data/raw/BrCaWisconsin/Dataset_BUSI_with_GT/benign/benign (398).png,data/raw/BrCaWisconsin/Dataset_BUSI_with_GT/benign/benign (398)_mask.png,512,512,benign,val
950db34699164357b5f66d8917bcbcff.png,2613937792295740551,benign (351),images/950db34699164357b5f66d8917bcbcff.png,masks/950db34699164357b5f66d8917bcbcff.png,data/raw/BrCaWisconsin/Dataset_BUSI_with_GT/benign/benign (351).png,data/raw/BrCaWisconsin/Dataset_BUSI_with_GT/benign/benign (351)_mask.png,512,512,benign,val
32edbd10bd504c41869349539679d1f9.png,12188617100136835240,benign (65),images/32edbd10bd504c41869349539679d1f9.png,masks/32edbd10bd504c41869349539679d1f9.png,data/raw/BrCaWisconsin/Dataset_BUSI_with_GT/benign/benign (65).png,data/raw/BrCaWisconsin/Dataset_BUSI_with_GT/benign/benign (65)_mask.png,512,512,benign,val
7b614d690e224f7f90e6acef856a4224.png,658223105879697897,benign (437),images/7b614d690e224f7f90e6acef856a4224.png,masks/7b614d690e224f7f90e6acef856a4224.png,data/raw/BrCaWisconsin/Dataset_BUSI_with_GT/benign/benign (437).png,data/raw/BrCaWisconsin/Dataset_BUSI_with_GT/benign/benign (437)_mask.png,512,512,benign,val
2f612ae0532e4a4e90c3e5a67ffbb5e7.png,10900254079562906107,benign (163),images/2f612ae0532e4a4e90c3e5a67ffbb5e7.png,masks/2f612ae0532e4a4e90c3e5a67ffbb5e7.png,data/raw/BrCaWisconsin/Dataset_BUSI_with_GT/benign/benign (163).png,data/raw/BrCaWisconsin/Dataset_BUSI_with_GT/benign/benign (163)_mask.png,512,512,benign,val
e12f32718a9140fa9dea1d17270a4662.png,3936759211299592011,benign (423),images/e12f32718a9140fa9dea1d17270a4662.png,masks/e12f32718a9140fa9dea1d17270a4662.png,data/raw/BrCaWisconsin/Dataset_BUSI_with_GT/benign/benign (423).png,data/raw/BrCaWisconsin/Dataset_BUSI_with_GT/benign/benign (423)_mask.png,512,512,benign,val
0bf93bd2240d48419f9d9db4953826b4.png,8118763883582600754,benign (203),images/0bf93bd2240d48419f9d9db4953826b4.png,masks/0bf93bd2240d48419f9d9db4953826b4.png,data/raw/BrCaWisconsin/Dataset_BUSI_with_GT/benign/benign (203).png,data/raw/BrCaWisconsin/Dataset_BUSI_with_GT/benign/benign (203)_mask.png,512,512,benign,val
5915ad1535bf49c9918a831d50dd2af9.png,13421969250439275170,benign (258),images/5915ad1535bf49c9918a831d50dd2af9.png,masks/5915ad1535bf49c9918a831d50dd2af9.png,data/raw/BrCaWisconsin/Dataset_BUSI_with_GT/benign/benign (258).png,data/raw/BrCaWisconsin/Dataset_BUSI_with_GT/benign/benign (258)_mask.png,512,512,benign,val
9df7256bc5d44181bedc969745368bbd.png,3109834948016775842,benign (291),images/9df7256bc5d44181bedc969745368bbd.png,masks/9df7256bc5d44181bedc969745368bbd.png,data/raw/BrCaWisconsin/Dataset_BUSI_with_GT/benign/benign (291).png,data/raw/BrCaWisconsin/Dataset_BUSI_with_GT/benign/benign (291)_mask.png,512,512,benign,val
ef756584e8a742fcab1c268b5311a57a.png,11183609723660561445,benign (402),images/ef756584e8a742fcab1c268b5311a57a.png,masks/ef756584e8a742fcab1c268b5311a57a.png,data/raw/BrCaWisconsin/Dataset_BUSI_with_GT/benign/benign (402).png,data/raw/BrCaWisconsin/Dataset_BUSI_with_GT/benign/benign (402)_mask.png,512,512,benign,val
d3b7880ac27146b4ba1dd8ebee1e7836.png,7609654652910658258,benign (270),images/d3b7880ac27146b4ba1dd8ebee1e7836.png,masks/d3b7880ac27146b4ba1dd8ebee1e7836.png,data/raw/BrCaWisconsin/Dataset_BUSI_with_GT/benign/benign (270).png,data/raw/BrCaWisconsin/Dataset_BUSI_with_GT/benign/benign (270)_mask.png,512,512,benign,val
51d7c852bd7e4db0b6465bc8cd13d6f3.png,12874055847022875032,benign (227),images/51d7c852bd7e4db0b6465bc8cd13d6f3.png,masks/51d7c852bd7e4db0b6465bc8cd13d6f3.png,data/raw/BrCaWisconsin/Dataset_BUSI_with_GT/benign/benign (227).png,data/raw/BrCaWisconsin/Dataset_BUSI_with_GT/benign/benign (227)_mask.png,512,512,benign,val
81904f14d0f14572a8081f84bf46baa5.png,3050189130751910993,benign (222),images/81904f14d0f14572a8081f84bf46baa5.png,masks/81904f14d0f14572a8081f84bf46baa5.png,data/raw/BrCaWisconsin/Dataset_BUSI_with_GT/benign/benign (222).png,data/raw/BrCaWisconsin/Dataset_BUSI_with_GT/benign/benign (222)_mask.png,512,512,benign,val
60893a61a90645af94a7500ebded052a.png,15687324582366821243,benign (374),images/60893a61a90645af94a7500ebded052a.png,masks/60893a61a90645af94a7500ebded052a.png,data/raw/BrCaWisconsin/Dataset_BUSI_with_GT/benign/benign (374).png,data/raw/BrCaWisconsin/Dataset_BUSI_with_GT/benign/benign (374)_mask.png,512,512,benign,val
56467e3a69b54379ade1bbbed27bdc53.png,16769033817967708993,benign (31),images/56467e3a69b54379ade1bbbed27bdc53.png,masks/56467e3a69b54379ade1bbbed27bdc53.png,data/raw/BrCaWisconsin/Dataset_BUSI_with_GT/benign/benign (31).png,data/raw/BrCaWisconsin/Dataset_BUSI_with_GT/benign/benign (31)_mask.png,512,512,benign,val
4de830eb45c945b0bafd55c40fdc0a38.png,11554629594253604905,benign (118),images/4de830eb45c945b0bafd55c40fdc0a38.png,masks/4de830eb45c945b0bafd55c40fdc0a38.png,data/raw/BrCaWisconsin/Dataset_BUSI_with_GT/benign/benign (118).png,data/raw/BrCaWisconsin/Dataset_BUSI_with_GT/benign/benign (118)_mask.png,512,512,benign,val
f5876aec413c48db91dd599ac936a5c3.png,7591541439611640121,benign (370),images/f5876aec413c48db91dd599ac936a5c3.png,masks/f5876aec413c48db91dd599ac936a5c3.png,data/raw/BrCaWisconsin/Dataset_BUSI_with_GT/benign/benign (370).png,data/raw/BrCaWisconsin/Dataset_BUSI_with_GT/benign/benign (370)_mask.png,512,512,benign,val
6d1d5f7f7f884b769b6114193646b0b9.png,4707619110782240540,benign (146),images/6d1d5f7f7f884b769b6114193646b0b9.png,masks/6d1d5f7f7f884b769b6114193646b0b9.png,data/raw/BrCaWisconsin/Dataset_BUSI_with_GT/benign/benign (146).png,data/raw/BrCaWisconsin/Dataset_BUSI_with_GT/benign/benign (146)_mask.png,512,512,benign,val
a288877d38c14a48b3e7070d561b81fb.png,10867637066982049362,benign (44),images/a288877d38c14a48b3e7070d561b81fb.png,masks/a288877d38c14a48b3e7070d561b81fb.png,data/raw/BrCaWisconsin/Dataset_BUSI_with_GT/benign/benign (44).png,data/raw/BrCaWisconsin/Dataset_BUSI_with_GT/benign/benign (44)_mask.png,512,512,benign,val
bffce77851b14ea4a96cd86701ced7d5.png,6374377007227886613,benign (323),images/bffce77851b14ea4a96cd86701ced7d5.png,masks/bffce77851b14ea4a96cd86701ced7d5.png,data/raw/BrCaWisconsin/Dataset_BUSI_with_GT/benign/benign (323).png,data/raw/BrCaWisconsin/Dataset_BUSI_with_GT/benign/benign (323)_mask.png,512,512,benign,val
9cf39434b1514614a439d9d39a49be00.png,5433957208156855388,benign (66),images/9cf39434b1514614a439d9d39a49be00.png,masks/9cf39434b1514614a439d9d39a49be00.png,data/raw/BrCaWisconsin/Dataset_BUSI_with_GT/benign/benign (66).png,data/raw/BrCaWisconsin/Dataset_BUSI_with_GT/benign/benign (66)_mask.png,512,512,benign,val
380f47cb9b2746f6a4ca11b2bad1ba21.png,11118157872238286905,benign (89),images/380f47cb9b2746f6a4ca11b2bad1ba21.png,masks/380f47cb9b2746f6a4ca11b2bad1ba21.png,data/raw/BrCaWisconsin/Dataset_BUSI_with_GT/benign/benign (89).png,data/raw/BrCaWisconsin/Dataset_BUSI_with_GT/benign/benign (89)_mask.png,512,512,benign,val
6bdead373a1042f5a89f55f2e5f5cc57.png,12234778954373950050,benign (384),images/6bdead373a1042f5a89f55f2e5f5cc57.png,masks/6bdead373a1042f5a89f55f2e5f5cc57.png,data/raw/BrCaWisconsin/Dataset_BUSI_with_GT/benign/benign (384).png,data/raw/BrCaWisconsin/Dataset_BUSI_with_GT/benign/benign (384)_mask.png,512,512,benign,val
f5c0c447290c494e9f2cf3ead63bf214.png,10778755847832418103,benign (101),images/f5c0c447290c494e9f2cf3ead63bf214.png,masks/f5c0c447290c494e9f2cf3ead63bf214.png,data/raw/BrCaWisconsin/Dataset_BUSI_with_GT/benign/benign (101).png,data/raw/BrCaWisconsin/Dataset_BUSI_with_GT/benign/benign (101)_mask.png,512,512,benign,val
7fa95315ff404ebd899aaf4cecd3b9fd.png,13083897361606116385,benign (337),images/7fa95315ff404ebd899aaf4cecd3b9fd.png,masks/7fa95315ff404ebd899aaf4cecd3b9fd.png,data/raw/BrCaWisconsin/Dataset_BUSI_with_GT/benign/benign (337).png,data/raw/BrCaWisconsin/Dataset_BUSI_with_GT/benign/benign (337)_mask.png,512,512,benign,val
c134ea5861c7483b8d790d919f8d66ee.png,16973096875546502840,benign (79),images/c134ea5861c7483b8d790d919f8d66ee.png,masks/c134ea5861c7483b8d790d919f8d66ee.png,data/raw/BrCaWisconsin/Dataset_BUSI_with_GT/benign/benign (79).png,data/raw/BrCaWisconsin/Dataset_BUSI_with_GT/benign/benign (79)_mask.png,512,512,benign,val
3e23374b273f4ad3b464a2539f44c9e2.png,10842867498901289140,benign (265),images/3e23374b273f4ad3b464a2539f44c9e2.png,masks/3e23374b273f4ad3b464a2539f44c9e2.png,data/raw/BrCaWisconsin/Dataset_BUSI_with_GT/benign/benign (265).png,data/raw/BrCaWisconsin/Dataset_BUSI_with_GT/benign/benign (265)_mask.png,512,512,benign,val
da8145a81d2549509315ea2f1a550341.png,7614281485222326952,benign (176),images/da8145a81d2549509315ea2f1a550341.png,masks/da8145a81d2549509315ea2f1a550341.png,data/raw/BrCaWisconsin/Dataset_BUSI_with_GT/benign/benign (176).png,data/raw/BrCaWisconsin/Dataset_BUSI_with_GT/benign/benign (176)_mask.png,512,512,benign,val
9472ea9fc06444e1b45b78a047eda379.png,7688301909384597137,benign (199),images/9472ea9fc06444e1b45b78a047eda379.png,masks/9472ea9fc06444e1b45b78a047eda379.png,data/raw/BrCaWisconsin/Dataset_BUSI_with_GT/benign/benign (199).png,data/raw/BrCaWisconsin/Dataset_BUSI_with_GT/benign/benign (199)_mask.png,512,512,benign,val
4e025bba3e414c3dbe0aaf7907280bff.png,12740289902570852115,benign (121),images/4e025bba3e414c3dbe0aaf7907280bff.png,masks/4e025bba3e414c3dbe0aaf7907280bff.png,data/raw/BrCaWisconsin/Dataset_BUSI_with_GT/benign/benign (121).png,data/raw/BrCaWisconsin/Dataset_BUSI_with_GT/benign/benign (121)_mask.png,512,512,benign,val
e004833eb8e5499b9da4b99434cdb2d2.png,16847642737928632058,benign (434),images/e004833eb8e5499b9da4b99434cdb2d2.png,masks/e004833eb8e5499b9da4b99434cdb2d2.png,data/raw/BrCaWisconsin/Dataset_BUSI_with_GT/benign/benign (434).png,data/raw/BrCaWisconsin/Dataset_BUSI_with_GT/benign/benign (434)_mask.png,512,512,benign,val
0645579b57e84211a680f20bbe054e7e.png,12256171090733115707,benign (336),images/0645579b57e84211a680f20bbe054e7e.png,masks/0645579b57e84211a680f20bbe054e7e.png,data/raw/BrCaWisconsin/Dataset_BUSI_with_GT/benign/benign (336).png,data/raw/BrCaWisconsin/Dataset_BUSI_with_GT/benign/benign (336)_mask.png,512,512,benign,val
ddf06b03538e430eaa20bc69e43c9ea6.png,13435546258201830754,benign (244),images/ddf06b03538e430eaa20bc69e43c9ea6.png,masks/ddf06b03538e430eaa20bc69e43c9ea6.png,data/raw/BrCaWisconsin/Dataset_BUSI_with_GT/benign/benign (244).png,data/raw/BrCaWisconsin/Dataset_BUSI_with_GT/benign/benign (244)_mask.png,512,512,benign,val
cc0f4f1ec9c440d9ac63950ddb183198.png,1262001371639756840,benign (73),images/cc0f4f1ec9c440d9ac63950ddb183198.png,masks/cc0f4f1ec9c440d9ac63950ddb183198.png,data/raw/BrCaWisconsin/Dataset_BUSI_with_GT/benign/benign (73).png,data/raw/BrCaWisconsin/Dataset_BUSI_with_GT/benign/benign (73)_mask.png,512,512,benign,val
aacc59f7c10548cc90b1ae7afbdea581.png,3941941205616773971,benign (361),images/aacc59f7c10548cc90b1ae7afbdea581.png,masks/aacc59f7c10548cc90b1ae7afbdea581.png,data/raw/BrCaWisconsin/Dataset_BUSI_with_GT/benign/benign (361).png,data/raw/BrCaWisconsin/Dataset_BUSI_with_GT/benign/benign (361)_mask.png,512,512,benign,val
d4d6ed711c964b8fafb4035c77d4c6d5.png,15453079454928991731,benign (418),images/d4d6ed711c964b8fafb4035c77d4c6d5.png,masks/d4d6ed711c964b8fafb4035c77d4c6d5.png,data/raw/BrCaWisconsin/Dataset_BUSI_with_GT/benign/benign (418).png,data/raw/BrCaWisconsin/Dataset_BUSI_with_GT/benign/benign (418)_mask.png,512,512,benign,val
55010110c6754c39b403bc1a485fc11b.png,16217833852921178466,benign (24),images/55010110c6754c39b403bc1a485fc11b.png,masks/55010110c6754c39b403bc1a485fc11b.png,data/raw/BrCaWisconsin/Dataset_BUSI_with_GT/benign/benign (24).png,data/raw/BrCaWisconsin/Dataset_BUSI_with_GT/benign/benign (24)_mask.png,512,512,benign,val
97d9824b9615451dad0ec4d0aba029c9.png,6215963964468529287,benign (193),images/97d9824b9615451dad0ec4d0aba029c9.png,masks/97d9824b9615451dad0ec4d0aba029c9.png,data/raw/BrCaWisconsin/Dataset_BUSI_with_GT/benign/benign (193).png,data/raw/BrCaWisconsin/Dataset_BUSI_with_GT/benign/benign (193)_mask.png,512,512,benign,val
6ac6747137df4188b232bc6a032ea9bd.png,1706200763890869091,benign (22),images/6ac6747137df4188b232bc6a032ea9bd.png,masks/6ac6747137df4188b232bc6a032ea9bd.png,data/raw/BrCaWisconsin/Dataset_BUSI_with_GT/benign/benign (22).png,data/raw/BrCaWisconsin/Dataset_BUSI_with_GT/benign/benign (22)_mask.png,512,512,benign,val
916aba1a59294a71ab751dcd208739e4.png,1613105074464415244,benign (316),images/916aba1a59294a71ab751dcd208739e4.png,masks/916aba1a59294a71ab751dcd208739e4.png,data/raw/BrCaWisconsin/Dataset_BUSI_with_GT/benign/benign (316).png,data/raw/BrCaWisconsin/Dataset_BUSI_with_GT/benign/benign (316)_mask.png,512,512,benign,val
0bbc47bd39da4e46871071c999c5cb4d.png,11036963233029638025,benign (120),images/0bbc47bd39da4e46871071c999c5cb4d.png,masks/0bbc47bd39da4e46871071c999c5cb4d.png,data/raw/BrCaWisconsin/Dataset_BUSI_with_GT/benign/benign (120).png,data/raw/BrCaWisconsin/Dataset_BUSI_with_GT/benign/benign (120)_mask.png,512,512,benign,val
18436073a41a4f399ee4226c0a3ac1ce.png,15692111916502547603,benign (91),images/18436073a41a4f399ee4226c0a3ac1ce.png,masks/18436073a41a4f399ee4226c0a3ac1ce.png,data/raw/BrCaWisconsin/Dataset_BUSI_with_GT/benign/benign (91).png,data/raw/BrCaWisconsin/Dataset_BUSI_with_GT/benign/benign (91)_mask.png,512,512,benign,val
1112196b2e274e5b8e98a8539ae51a9c.png,6065061011501160881,benign (389),images/1112196b2e274e5b8e98a8539ae51a9c.png,masks/1112196b2e274e5b8e98a8539ae51a9c.png,data/raw/BrCaWisconsin/Dataset_BUSI_with_GT/benign/benign (389).png,data/raw/BrCaWisconsin/Dataset_BUSI_with_GT/benign/benign (389)_mask.png,512,512,benign,val
b26a9c211e65464fb5b8c9f1f7585a8d.png,5826709747451356772,benign (340),images/b26a9c211e65464fb5b8c9f1f7585a8d.png,masks/b26a9c211e65464fb5b8c9f1f7585a8d.png,data/raw/BrCaWisconsin/Dataset_BUSI_with_GT/benign/benign (340).png,data/raw/BrCaWisconsin/Dataset_BUSI_with_GT/benign/benign (340)_mask.png,512,512,benign,val
9ba02839bbfb4a798c484feeda17e94f.png,3721842564329912376,benign (212),images/9ba02839bbfb4a798c484feeda17e94f.png,masks/9ba02839bbfb4a798c484feeda17e94f.png,data/raw/BrCaWisconsin/Dataset_BUSI_with_GT/benign/benign (212).png,data/raw/BrCaWisconsin/Dataset_BUSI_with_GT/benign/benign (212)_mask.png,512,512,benign,val
2b2df0cdb5bc423cbf13016b9f6d2d86.png,12796645885911660891,benign (74),images/2b2df0cdb5bc423cbf13016b9f6d2d86.png,masks/2b2df0cdb5bc423cbf13016b9f6d2d86.png,data/raw/BrCaWisconsin/Dataset_BUSI_with_GT/benign/benign (74).png,data/raw/BrCaWisconsin/Dataset_BUSI_with_GT/benign/benign (74)_mask.png,512,512,benign,val
1c792f4cc91b44e585151ad29b7e0727.png,13179120226851431571,benign (245),images/1c792f4cc91b44e585151ad29b7e0727.png,masks/1c792f4cc91b44e585151ad29b7e0727.png,data/raw/BrCaWisconsin/Dataset_BUSI_with_GT/benign/benign (245).png,data/raw/BrCaWisconsin/Dataset_BUSI_with_GT/benign/benign (245)_mask.png,512,512,benign,val
0754cc881ac44cb8b2e2a880adcc03de.png,13342562853318051952,benign (432),images/0754cc881ac44cb8b2e2a880adcc03de.png,masks/0754cc881ac44cb8b2e2a880adcc03de.png,data/raw/BrCaWisconsin/Dataset_BUSI_with_GT/benign/benign (432).png,data/raw/BrCaWisconsin/Dataset_BUSI_with_GT/benign/benign (432)_mask.png,512,512,benign,val
dc9292e96beb4f98899c9cd7402e6ca7.png,14494468241538751263,benign (53),images/dc9292e96beb4f98899c9cd7402e6ca7.png,masks/dc9292e96beb4f98899c9cd7402e6ca7.png,data/raw/BrCaWisconsin/Dataset_BUSI_with_GT/benign/benign (53).png,data/raw/BrCaWisconsin/Dataset_BUSI_with_GT/benign/benign (53)_mask.png,512,512,benign,val
fe3757ef07c14b5893b432608a3de874.png,15328808808012540039,benign (195),images/fe3757ef07c14b5893b432608a3de874.png,masks/fe3757ef07c14b5893b432608a3de874.png,data/raw/BrCaWisconsin/Dataset_BUSI_with_GT/benign/benign (195).png,data/raw/BrCaWisconsin/Dataset_BUSI_with_GT/benign/benign (195)_mask.png,512,512,benign,val
460b48d34d754ceebde53f86a5b97e76.png,7736009699048559764,benign (268),images/460b48d34d754ceebde53f86a5b97e76.png,masks/460b48d34d754ceebde53f86a5b97e76.png,data/raw/BrCaWisconsin/Dataset_BUSI_with_GT/benign/benign (268).png,data/raw/BrCaWisconsin/Dataset_BUSI_with_GT/benign/benign (268)_mask.png,512,512,benign,val
7aa91637399d41f289acf5c502252f38.png,14520844841962819792,benign (341),images/7aa91637399d41f289acf5c502252f38.png,masks/7aa91637399d41f289acf5c502252f38.png,data/raw/BrCaWisconsin/Dataset_BUSI_with_GT/benign/benign (341).png,data/raw/BrCaWisconsin/Dataset_BUSI_with_GT/benign/benign (341)_mask.png,512,512,benign,val
e0904648eb134cbfb48ad1e2ec44e940.png,6222438237686406926,benign (413),images/e0904648eb134cbfb48ad1e2ec44e940.png,masks/e0904648eb134cbfb48ad1e2ec44e940.png,data/raw/BrCaWisconsin/Dataset_BUSI_with_GT/benign/benign (413).png,data/raw/BrCaWisconsin/Dataset_BUSI_with_GT/benign/benign (413)_mask.png,512,512,benign,val
9c9760c4624f48c39b15df837aa19266.png,6154542916093782666,benign (90),images/9c9760c4624f48c39b15df837aa19266.png,masks/9c9760c4624f48c39b15df837aa19266.png,data/raw/BrCaWisconsin/Dataset_BUSI_with_GT/benign/benign (90).png,data/raw/BrCaWisconsin/Dataset_BUSI_with_GT/benign/benign (90)_mask.png,512,512,benign,val
1267de20632b4ddf91c2bd4e12387b5c.png,7683574560987348026,benign (156),images/1267de20632b4ddf91c2bd4e12387b5c.png,masks/1267de20632b4ddf91c2bd4e12387b5c.png,data/raw/BrCaWisconsin/Dataset_BUSI_with_GT/benign/benign (156).png,data/raw/BrCaWisconsin/Dataset_BUSI_with_GT/benign/benign (156)_mask.png,512,512,benign,val
f09bc8a6f200400f8f39b968118f6466.png,5280810124360144335,benign (233),images/f09bc8a6f200400f8f39b968118f6466.png,masks/f09bc8a6f200400f8f39b968118f6466.png,data/raw/BrCaWisconsin/Dataset_BUSI_with_GT/benign/benign (233).png,data/raw/BrCaWisconsin/Dataset_BUSI_with_GT/benign/benign (233)_mask.png,512,512,benign,val
cae5a694cd03447c915312b6bb3650a7.png,5317317216205138922,benign (414),images/cae5a694cd03447c915312b6bb3650a7.png,masks/cae5a694cd03447c915312b6bb3650a7.png,data/raw/BrCaWisconsin/Dataset_BUSI_with_GT/benign/benign (414).png,data/raw/BrCaWisconsin/Dataset_BUSI_with_GT/benign/benign (414)_mask.png,512,512,benign,val
90b4292f9af849eeb8ef223c2d7a5275.png,3851820995552315464,benign (28),images/90b4292f9af849eeb8ef223c2d7a5275.png,masks/90b4292f9af849eeb8ef223c2d7a5275.png,data/raw/BrCaWisconsin/Dataset_BUSI_with_GT/benign/benign (28).png,data/raw/BrCaWisconsin/Dataset_BUSI_with_GT/benign/benign (28)_mask.png,512,512,benign,val
84d1f12463b041219d3dfb4201132d01.png,16478168515559744166,benign (382),images/84d1f12463b041219d3dfb4201132d01.png,masks/84d1f12463b041219d3dfb4201132d01.png,data/raw/BrCaWisconsin/Dataset_BUSI_with_GT/benign/benign (382).png,data/raw/BrCaWisconsin/Dataset_BUSI_with_GT/benign/benign (382)_mask.png,512,512,benign,val
1cdd7914c16e4ac8b7d886edf69b5b0c.png,7722729511189668582,benign (55),images/1cdd7914c16e4ac8b7d886edf69b5b0c.png,masks/1cdd7914c16e4ac8b7d886edf69b5b0c.png,data/raw/BrCaWisconsin/Dataset_BUSI_with_GT/benign/benign (55).png,data/raw/BrCaWisconsin/Dataset_BUSI_with_GT/benign/benign (55)_mask.png,512,512,benign,val
4b2685f2ddaa46dbac7398210da76f9e.png,12011000927573794913,benign (269),images/4b2685f2ddaa46dbac7398210da76f9e.png,masks/4b2685f2ddaa46dbac7398210da76f9e.png,data/raw/BrCaWisconsin/Dataset_BUSI_with_GT/benign/benign (269).png,data/raw/BrCaWisconsin/Dataset_BUSI_with_GT/benign/benign (269)_mask.png,512,512,benign,val
e01bfc767aac433098aefaeeb6864294.png,12334564246244401760,benign (286),images/e01bfc767aac433098aefaeeb6864294.png,masks/e01bfc767aac433098aefaeeb6864294.png,data/raw/BrCaWisconsin/Dataset_BUSI_with_GT/benign/benign (286).png,data/raw/BrCaWisconsin/Dataset_BUSI_with_GT/benign/benign (286)_mask.png,512,512,benign,val
db1bc07a2c7e443f9d0eb474f69e411b.png,1677605214286686180,benign (238),images/db1bc07a2c7e443f9d0eb474f69e411b.png,masks/db1bc07a2c7e443f9d0eb474f69e411b.png,data/raw/BrCaWisconsin/Dataset_BUSI_with_GT/benign/benign (238).png,data/raw/BrCaWisconsin/Dataset_BUSI_with_GT/benign/benign (238)_mask.png,512,512,benign,val
6e0d8e7a5ad94fe39d042384cf0d1a02.png,7905266178965531624,benign (242),images/6e0d8e7a5ad94fe39d042384cf0d1a02.png,masks/6e0d8e7a5ad94fe39d042384cf0d1a02.png,data/raw/BrCaWisconsin/Dataset_BUSI_with_GT/benign/benign (242).png,data/raw/BrCaWisconsin/Dataset_BUSI_with_GT/benign/benign (242)_mask.png,512,512,benign,val
e6cfc2f423a74b9ea28171b605714c89.png,11614124991199403589,benign (383),images/e6cfc2f423a74b9ea28171b605714c89.png,masks/e6cfc2f423a74b9ea28171b605714c89.png,data/raw/BrCaWisconsin/Dataset_BUSI_with_GT/benign/benign (383).png,data/raw/BrCaWisconsin/Dataset_BUSI_with_GT/benign/benign (383)_mask.png,512,512,benign,val
4efcf7ab37f54197b8283402a0929c8c.png,3720586431064920911,benign (310),images/4efcf7ab37f54197b8283402a0929c8c.png,masks/4efcf7ab37f54197b8283402a0929c8c.png,data/raw/BrCaWisconsin/Dataset_BUSI_with_GT/benign/benign (310).png,data/raw/BrCaWisconsin/Dataset_BUSI_with_GT/benign/benign (310)_mask.png,512,512,benign,val
d879c1454cf444ffa66c21269a153868.png,6569230309974927916,benign (126),images/d879c1454cf444ffa66c21269a153868.png,masks/d879c1454cf444ffa66c21269a153868.png,data/raw/BrCaWisconsin/Dataset_BUSI_with_GT/benign/benign (126).png,data/raw/BrCaWisconsin/Dataset_BUSI_with_GT/benign/benign (126)_mask.png,512,512,benign,val
ef13aed4900b4d248cde186de1eac7ec.png,7679538076036266612,benign (415),images/ef13aed4900b4d248cde186de1eac7ec.png,masks/ef13aed4900b4d248cde186de1eac7ec.png,data/raw/BrCaWisconsin/Dataset_BUSI_with_GT/benign/benign (415).png,data/raw/BrCaWisconsin/Dataset_BUSI_with_GT/benign/benign (415)_mask.png,512,512,benign,val
f4c45f6d5eb147c6b56e0445d2dc7884.png,10839647101746351622,benign (100),images/f4c45f6d5eb147c6b56e0445d2dc7884.png,masks/f4c45f6d5eb147c6b56e0445d2dc7884.png,data/raw/BrCaWisconsin/Dataset_BUSI_with_GT/benign/benign (100).png,data/raw/BrCaWisconsin/Dataset_BUSI_with_GT/benign/benign (100)_mask.png,512,512,benign,val
93df71f7668c42638f4e587e03c1fead.png,8690721946816491895,benign (29),images/93df71f7668c42638f4e587e03c1fead.png,masks/93df71f7668c42638f4e587e03c1fead.png,data/raw/BrCaWisconsin/Dataset_BUSI_with_GT/benign/benign (29).png,data/raw/BrCaWisconsin/Dataset_BUSI_with_GT/benign/benign (29)_mask.png,512,512,benign,val
c92c078561414b5099bf55989ba81d41.png,11836159804465637480,benign (97),images/c92c078561414b5099bf55989ba81d41.png,masks/c92c078561414b5099bf55989ba81d41.png,data/raw/BrCaWisconsin/Dataset_BUSI_with_GT/benign/benign (97).png,data/raw/BrCaWisconsin/Dataset_BUSI_with_GT/benign/benign (97)_mask.png,512,512,benign,val
6554a156aa9a452e8e5937fdfa0a9e4e.png,15191702317732978928,benign (107),images/6554a156aa9a452e8e5937fdfa0a9e4e.png,masks/6554a156aa9a452e8e5937fdfa0a9e4e.png,data/raw/BrCaWisconsin/Dataset_BUSI_with_GT/benign/benign (107).png,data/raw/BrCaWisconsin/Dataset_BUSI_with_GT/benign/benign (107)_mask.png,512,512,benign,val
9c163f887b524ab6bb944fbf65d49a4b.png,6208934683072932523,benign (331),images/9c163f887b524ab6bb944fbf65d49a4b.png,masks/9c163f887b524ab6bb944fbf65d49a4b.png,data/raw/BrCaWisconsin/Dataset_BUSI_with_GT/benign/benign (331).png,data/raw/BrCaWisconsin/Dataset_BUSI_with_GT/benign/benign (331)_mask.png,512,512,benign,val
996e4ce5e7d6445aa0b297c10fa92b89.png,10870146497864054881,benign (317),images/996e4ce5e7d6445aa0b297c10fa92b89.png,masks/996e4ce5e7d6445aa0b297c10fa92b89.png,data/raw/BrCaWisconsin/Dataset_BUSI_with_GT/benign/benign (317).png,data/raw/BrCaWisconsin/Dataset_BUSI_with_GT/benign/benign (317)_mask.png,512,512,benign,val
6f3f59a3d6f14624981cab5a87bd772d.png,17582796666302665164,benign (52),images/6f3f59a3d6f14624981cab5a87bd772d.png,masks/6f3f59a3d6f14624981cab5a87bd772d.png,data/raw/BrCaWisconsin/Dataset_BUSI_with_GT/benign/benign (52).png,data/raw/BrCaWisconsin/Dataset_BUSI_with_GT/benign/benign (52)_mask.png,512,512,benign,val
0a94dd70c5de426cb234efd21ff6c283.png,15830798469907690548,benign (194),images/0a94dd70c5de426cb234efd21ff6c283.png,masks/0a94dd70c5de426cb234efd21ff6c283.png,data/raw/BrCaWisconsin/Dataset_BUSI_with_GT/benign/benign (194).png,data/raw/BrCaWisconsin/Dataset_BUSI_with_GT/benign/benign (194)_mask.png,512,512,benign,val
f781d348bc114407a44f8a890cdf5944.png,6181632860167629900,benign (219),images/f781d348bc114407a44f8a890cdf5944.png,masks/f781d348bc114407a44f8a890cdf5944.png,data/raw/BrCaWisconsin/Dataset_BUSI_with_GT/benign/benign (219).png,data/raw/BrCaWisconsin/Dataset_BUSI_with_GT/benign/benign (219)_mask.png,512,512,benign,val
c5cf7047167b4f448a911f1f3db05bc2.png,12383153683810490396,benign (213),images/c5cf7047167b4f448a911f1f3db05bc2.png,masks/c5cf7047167b4f448a911f1f3db05bc2.png,data/raw/BrCaWisconsin/Dataset_BUSI_with_GT/benign/benign (213).png,data/raw/BrCaWisconsin/Dataset_BUSI_with_GT/benign/benign (213)_mask.png,512,512,benign,val
07084785400f427c9220dad9881b415c.png,6004905457276863304,benign (235),images/07084785400f427c9220dad9881b415c.png,masks/07084785400f427c9220dad9881b415c.png,data/raw/BrCaWisconsin/Dataset_BUSI_with_GT/benign/benign (235).png,data/raw/BrCaWisconsin/Dataset_BUSI_with_GT/benign/benign (235)_mask.png,512,512,benign,val
8515a428502841d6a766a81d0273db31.png,8132874285222369700,benign (264),images/8515a428502841d6a766a81d0273db31.png,masks/8515a428502841d6a766a81d0273db31.png,data/raw/BrCaWisconsin/Dataset_BUSI_with_GT/benign/benign (264).png,data/raw/BrCaWisconsin/Dataset_BUSI_with_GT/benign/benign (264)_mask.png,512,512,benign,val
d3583c01557640c087902d68e0ccf193.png,5563888129964674503,benign (419),images/d3583c01557640c087902d68e0ccf193.png,masks/d3583c01557640c087902d68e0ccf193.png,data/raw/BrCaWisconsin/Dataset_BUSI_with_GT/benign/benign (419).png,data/raw/BrCaWisconsin/Dataset_BUSI_with_GT/benign/benign (419)_mask.png,512,512,benign,val
95b3b1bfde4e4d3baf2616982ef4a94e.png,13062350052141380820,benign (25),images/95b3b1bfde4e4d3baf2616982ef4a94e.png,masks/95b3b1bfde4e4d3baf2616982ef4a94e.png,data/raw/BrCaWisconsin/Dataset_BUSI_with_GT/benign/benign (25).png,data/raw/BrCaWisconsin/Dataset_BUSI_with_GT/benign/benign (25)_mask.png,512,512,benign,val
000f99b32cb2417f804d6a67d6fa003f.png,9859191723503378917,benign (360),images/000f99b32cb2417f804d6a67d6fa003f.png,masks/000f99b32cb2417f804d6a67d6fa003f.png,data/raw/BrCaWisconsin/Dataset_BUSI_with_GT/benign/benign (360).png,data/raw/BrCaWisconsin/Dataset_BUSI_with_GT/benign/benign (360)_mask.png,512,512,benign,val
da8aefad203747db86e94d626e4634fc.png,3948941338305726147,benign (72),images/da8aefad203747db86e94d626e4634fc.png,masks/da8aefad203747db86e94d626e4634fc.png,data/raw/BrCaWisconsin/Dataset_BUSI_with_GT/benign/benign (72).png,data/raw/BrCaWisconsin/Dataset_BUSI_with_GT/benign/benign (72)_mask.png,512,512,benign,val
84af6db2aef14a208c698afc55712a60.png,10712927678020060711,benign (151),images/84af6db2aef14a208c698afc55712a60.png,masks/84af6db2aef14a208c698afc55712a60.png,data/raw/BrCaWisconsin/Dataset_BUSI_with_GT/benign/benign (151).png,data/raw/BrCaWisconsin/Dataset_BUSI_with_GT/benign/benign (151)_mask.png,512,512,benign,val
783176b6d7e749a7b3e09ab7afa362cd.png,7882747982701032049,benign (198),images/783176b6d7e749a7b3e09ab7afa362cd.png,masks/783176b6d7e749a7b3e09ab7afa362cd.png,data/raw/BrCaWisconsin/Dataset_BUSI_with_GT/benign/benign (198).png,data/raw/BrCaWisconsin/Dataset_BUSI_with_GT/benign/benign (198)_mask.png,512,512,benign,val
1b80701ec8d84c6e8af6f36ba0f179bd.png,3978413973470929009,benign (367),images/1b80701ec8d84c6e8af6f36ba0f179bd.png,masks/1b80701ec8d84c6e8af6f36ba0f179bd.png,data/raw/BrCaWisconsin/Dataset_BUSI_with_GT/benign/benign (367).png,data/raw/BrCaWisconsin/Dataset_BUSI_with_GT/benign/benign (367)_mask.png,512,512,benign,val
4f554d4bcbaa4d699bd4b5a01e925fb3.png,11806267687032068367,benign (435),images/4f554d4bcbaa4d699bd4b5a01e925fb3.png,masks/4f554d4bcbaa4d699bd4b5a01e925fb3.png,data/raw/BrCaWisconsin/Dataset_BUSI_with_GT/benign/benign (435).png,data/raw/BrCaWisconsin/Dataset_BUSI_with_GT/benign/benign (435)_mask.png,512,512,benign,val
c1ed3cdf1cba46fd81898deae5e127ef.png,12203262474302042521,benign (177),images/c1ed3cdf1cba46fd81898deae5e127ef.png,masks/c1ed3cdf1cba46fd81898deae5e127ef.png,data/raw/BrCaWisconsin/Dataset_BUSI_with_GT/benign/benign (177).png,data/raw/BrCaWisconsin/Dataset_BUSI_with_GT/benign/benign (177)_mask.png,512,512,benign,val
e26adf020dfe4344a6bc37e633e941ef.png,4914713804957603093,benign (346),images/e26adf020dfe4344a6bc37e633e941ef.png,masks/e26adf020dfe4344a6bc37e633e941ef.png,data/raw/BrCaWisconsin/Dataset_BUSI_with_GT/benign/benign (346).png,data/raw/BrCaWisconsin/Dataset_BUSI_with_GT/benign/benign (346)_mask.png,512,512,benign,val
e5c0021a79494a0c906314598ec9bed8.png,12477828219195434044,benign (170),images/e5c0021a79494a0c906314598ec9bed8.png,masks/e5c0021a79494a0c906314598ec9bed8.png,data/raw/BrCaWisconsin/Dataset_BUSI_with_GT/benign/benign (170).png,data/raw/BrCaWisconsin/Dataset_BUSI_with_GT/benign/benign (170)_mask.png,512,512,benign,val
8008aa9fe96c4d7ea11ae6f24a9dd910.png,10694838424708470420,benign (214),images/8008aa9fe96c4d7ea11ae6f24a9dd910.png,masks/8008aa9fe96c4d7ea11ae6f24a9dd910.png,data/raw/BrCaWisconsin/Dataset_BUSI_with_GT/benign/benign (214).png,data/raw/BrCaWisconsin/Dataset_BUSI_with_GT/benign/benign (214)_mask.png,512,512,benign,val
86f5e18c93a44d24aa83aba43cf9b183.png,7688301909378567185,benign (248),images/86f5e18c93a44d24aa83aba43cf9b183.png,masks/86f5e18c93a44d24aa83aba43cf9b183.png,data/raw/BrCaWisconsin/Dataset_BUSI_with_GT/benign/benign (248).png,data/raw/BrCaWisconsin/Dataset_BUSI_with_GT/benign/benign (248)_mask.png,512,512,benign,val
215cf441d3b5420d85a2082ea962ce28.png,3551840815285914732,benign (243),images/215cf441d3b5420d85a2082ea962ce28.png,masks/215cf441d3b5420d85a2082ea962ce28.png,data/raw/BrCaWisconsin/Dataset_BUSI_with_GT/benign/benign (243).png,data/raw/BrCaWisconsin/Dataset_BUSI_with_GT/benign/benign (243)_mask.png,512,512,benign,val
58b20fb11e944b51b88ca5accbfc0775.png,6595114314712154112,benign (385),images/58b20fb11e944b51b88ca5accbfc0775.png,masks/58b20fb11e944b51b88ca5accbfc0775.png,data/raw/BrCaWisconsin/Dataset_BUSI_with_GT/benign/benign (385).png,data/raw/BrCaWisconsin/Dataset_BUSI_with_GT/benign/benign (385)_mask.png,512,512,benign,val
59e3c22af61a4a8aa56fbe0ba48dc08f.png,12218877566862102124,benign (347),images/59e3c22af61a4a8aa56fbe0ba48dc08f.png,masks/59e3c22af61a4a8aa56fbe0ba48dc08f.png,data/raw/BrCaWisconsin/Dataset_BUSI_with_GT/benign/benign (347).png,data/raw/BrCaWisconsin/Dataset_BUSI_with_GT/benign/benign (347)_mask.png,512,512,benign,val
e4f3c30e88e44dc5a3b55b1bc1dc0ec7.png,11947448554289277036,benign (78),images/e4f3c30e88e44dc5a3b55b1bc1dc0ec7.png,masks/e4f3c30e88e44dc5a3b55b1bc1dc0ec7.png,data/raw/BrCaWisconsin/Dataset_BUSI_with_GT/benign/benign (78).png,data/raw/BrCaWisconsin/Dataset_BUSI_with_GT/benign/benign (78)_mask.png,512,512,benign,val
d5ac210940fa4a60a211c283cdb47adc.png,12369319916257228828,benign (192),images/d5ac210940fa4a60a211c283cdb47adc.png,masks/d5ac210940fa4a60a211c283cdb47adc.png,data/raw/BrCaWisconsin/Dataset_BUSI_with_GT/benign/benign (192).png,data/raw/BrCaWisconsin/Dataset_BUSI_with_GT/benign/benign (192)_mask.png,512,512,benign,val
b7f08d63335f4b74b08fd9f191d26c02.png,11865483268989121657,benign (150),images/b7f08d63335f4b74b08fd9f191d26c02.png,masks/b7f08d63335f4b74b08fd9f191d26c02.png,data/raw/BrCaWisconsin/Dataset_BUSI_with_GT/benign/benign (150).png,data/raw/BrCaWisconsin/Dataset_BUSI_with_GT/benign/benign (150)_mask.png,512,512,benign,val
1bf9581bcfb7438496959f816aa743d9.png,2861390424993616754,benign (23),images/1bf9581bcfb7438496959f816aa743d9.png,masks/1bf9581bcfb7438496959f816aa743d9.png,data/raw/BrCaWisconsin/Dataset_BUSI_with_GT/benign/benign (23).png,data/raw/BrCaWisconsin/Dataset_BUSI_with_GT/benign/benign (23)_mask.png,512,512,benign,val
30418031467442d086ee6d5378f10df4.png,13373407636915287256,benign (412),images/30418031467442d086ee6d5378f10df4.png,masks/30418031467442d086ee6d5378f10df4.png,data/raw/BrCaWisconsin/Dataset_BUSI_with_GT/benign/benign (412).png,data/raw/BrCaWisconsin/Dataset_BUSI_with_GT/benign/benign (412)_mask.png,512,512,benign,val
021ad6e43bb046f7a861c8a19adc8889.png,3013966210737654860,benign (59),images/021ad6e43bb046f7a861c8a19adc8889.png,masks/021ad6e43bb046f7a861c8a19adc8889.png,data/raw/BrCaWisconsin/Dataset_BUSI_with_GT/benign/benign (59).png,data/raw/BrCaWisconsin/Dataset_BUSI_with_GT/benign/benign (59)_mask.png,512,512,benign,val
186ca6550c1741a382b3070c181fa316.png,6220405999678935638,benign (388),images/186ca6550c1741a382b3070c181fa316.png,masks/186ca6550c1741a382b3070c181fa316.png,data/raw/BrCaWisconsin/Dataset_BUSI_with_GT/benign/benign (388).png,data/raw/BrCaWisconsin/Dataset_BUSI_with_GT/benign/benign (388)_mask.png,512,512,benign,val
d90353cc001e45d7ba9606d7cead1c54.png,12954274856436029109,benign (75),images/d90353cc001e45d7ba9606d7cead1c54.png,masks/d90353cc001e45d7ba9606d7cead1c54.png,data/raw/BrCaWisconsin/Dataset_BUSI_with_GT/benign/benign (75).png,data/raw/BrCaWisconsin/Dataset_BUSI_with_GT/benign/benign (75)_mask.png,512,512,benign,val
df747ed8532b422384ecae8377effb7b.png,6850858092048353039,benign (127),images/df747ed8532b422384ecae8377effb7b.png,masks/df747ed8532b422384ecae8377effb7b.png,data/raw/BrCaWisconsin/Dataset_BUSI_with_GT/benign/benign (127).png,data/raw/BrCaWisconsin/Dataset_BUSI_with_GT/benign/benign (127)_mask.png,512,512,benign,val
a80c48b57574448191fdee286c64e543.png,16765386347642450272,benign (330),images/a80c48b57574448191fdee286c64e543.png,masks/a80c48b57574448191fdee286c64e543.png,data/raw/BrCaWisconsin/Dataset_BUSI_with_GT/benign/benign (330).png,data/raw/BrCaWisconsin/Dataset_BUSI_with_GT/benign/benign (330)_mask.png,512,512,benign,val
8de2b656cd6c44338dc430faf0734053.png,1919737796671311406,benign (54),images/8de2b656cd6c44338dc430faf0734053.png,masks/8de2b656cd6c44338dc430faf0734053.png,data/raw/BrCaWisconsin/Dataset_BUSI_with_GT/benign/benign (54).png,data/raw/BrCaWisconsin/Dataset_BUSI_with_GT/benign/benign (54)_mask.png,512,512,benign,val
e94ee31dcb6f41438fa008a470805f17.png,10766333068783538838,benign (281),images/e94ee31dcb6f41438fa008a470805f17.png,masks/e94ee31dcb6f41438fa008a470805f17.png,data/raw/BrCaWisconsin/Dataset_BUSI_with_GT/benign/benign (281).png,data/raw/BrCaWisconsin/Dataset_BUSI_with_GT/benign/benign (281)_mask.png,512,512,benign,val
d174bd63e09a4dddbeb4651f5df4db35.png,10686149958029225733,benign (234),images/d174bd63e09a4dddbeb4651f5df4db35.png,masks/d174bd63e09a4dddbeb4651f5df4db35.png,data/raw/BrCaWisconsin/Dataset_BUSI_with_GT/benign/benign (234).png,data/raw/BrCaWisconsin/Dataset_BUSI_with_GT/benign/benign (234)_mask.png,512,512,benign,val
d29f9e9fb8264b1d8ad23c9bdf40549a.png,7082581572783861583,benign (311),images/d29f9e9fb8264b1d8ad23c9bdf40549a.png,masks/d29f9e9fb8264b1d8ad23c9bdf40549a.png,data/raw/BrCaWisconsin/Dataset_BUSI_with_GT/benign/benign (311).png,data/raw/BrCaWisconsin/Dataset_BUSI_with_GT/benign/benign (311)_mask.png,512,512,benign,val
7ca7e2e04454424b963f0aa466702b5c.png,2476322607786909920,benign (262),images/7ca7e2e04454424b963f0aa466702b5c.png,masks/7ca7e2e04454424b963f0aa466702b5c.png,data/raw/BrCaWisconsin/Dataset_BUSI_with_GT/benign/benign (262).png,data/raw/BrCaWisconsin/Dataset_BUSI_with_GT/benign/benign (262)_mask.png,512,512,benign,val
8459655df3f14ce692bcfdeffd7c7896.png,13530059762508964483,benign (239),images/8459655df3f14ce692bcfdeffd7c7896.png,masks/8459655df3f14ce692bcfdeffd7c7896.png,data/raw/BrCaWisconsin/Dataset_BUSI_with_GT/benign/benign (239).png,data/raw/BrCaWisconsin/Dataset_BUSI_with_GT/benign/benign (239)_mask.png,512,512,benign,val
5972d7e2bf4046b6917db68173733868.png,11121514804559952205,benign (366),images/5972d7e2bf4046b6917db68173733868.png,masks/5972d7e2bf4046b6917db68173733868.png,data/raw/BrCaWisconsin/Dataset_BUSI_with_GT/benign/benign (366).png,data/raw/BrCaWisconsin/Dataset_BUSI_with_GT/benign/benign (366)_mask.png,512,512,benign,val
b052c455543a4f98a43b681011c8dfbf.png,9990439566540970041,benign (171),images/b052c455543a4f98a43b681011c8dfbf.png,masks/b052c455543a4f98a43b681011c8dfbf.png,data/raw/BrCaWisconsin/Dataset_BUSI_with_GT/benign/benign (171).png,data/raw/BrCaWisconsin/Dataset_BUSI_with_GT/benign/benign (171)_mask.png,512,512,benign,val
0eb496fff140438fb8672d0c1edc0f78.png,7614204489245165253,benign (106),images/0eb496fff140438fb8672d0c1edc0f78.png,masks/0eb496fff140438fb8672d0c1edc0f78.png,data/raw/BrCaWisconsin/Dataset_BUSI_with_GT/benign/benign (106).png,data/raw/BrCaWisconsin/Dataset_BUSI_with_GT/benign/benign (106)_mask.png,512,512,benign,val
586d31eb453d474cb002c70b15422853.png,7602899253469602514,benign (215),images/586d31eb453d474cb002c70b15422853.png,masks/586d31eb453d474cb002c70b15422853.png,data/raw/BrCaWisconsin/Dataset_BUSI_with_GT/benign/benign (215).png,data/raw/BrCaWisconsin/Dataset_BUSI_with_GT/benign/benign (215)_mask.png,512,512,benign,val
330c8ea1608343cf84eb99453edf041d.png,14327518104109551110,normal (54),images/330c8ea1608343cf84eb99453edf041d.png,masks/330c8ea1608343cf84eb99453edf041d.png,data/raw/BrCaWisconsin/Dataset_BUSI_with_GT/normal/normal (54).png,data/raw/BrCaWisconsin/Dataset_BUSI_with_GT/normal/normal (54)_mask.png,512,512,normal,val
1f9aff4080f644f0bf7545ebcdf9a000.png,14309574075417921046,normal (52),images/1f9aff4080f644f0bf7545ebcdf9a000.png,masks/1f9aff4080f644f0bf7545ebcdf9a000.png,data/raw/BrCaWisconsin/Dataset_BUSI_with_GT/normal/normal (52).png,data/raw/BrCaWisconsin/Dataset_BUSI_with_GT/normal/normal (52)_mask.png,512,512,normal,val
0786f26503e344d4b6626928dfb7cd78.png,13099025542370345698,normal (44),images/0786f26503e344d4b6626928dfb7cd78.png,masks/0786f26503e344d4b6626928dfb7cd78.png,data/raw/BrCaWisconsin/Dataset_BUSI_with_GT/normal/normal (44).png,data/raw/BrCaWisconsin/Dataset_BUSI_with_GT/normal/normal (44)_mask.png,512,512,normal,val
ca76072ba1c14559b21de60705ab89c1.png,14238638360828201566,normal (108),images/ca76072ba1c14559b21de60705ab89c1.png,masks/ca76072ba1c14559b21de60705ab89c1.png,data/raw/BrCaWisconsin/Dataset_BUSI_with_GT/normal/normal (108).png,data/raw/BrCaWisconsin/Dataset_BUSI_with_GT/normal/normal (108)_mask.png,512,512,normal,val
6664812a531b430f9313a9de21ee92e6.png,12226054917976056690,normal (13),images/6664812a531b430f9313a9de21ee92e6.png,masks/6664812a531b430f9313a9de21ee92e6.png,data/raw/BrCaWisconsin/Dataset_BUSI_with_GT/normal/normal (13).png,data/raw/BrCaWisconsin/Dataset_BUSI_with_GT/normal/normal (13)_mask.png,512,512,normal,val
16aa2866ccc54dba9a00eda2eb1d22db.png,11255524761559949793,normal (89),images/16aa2866ccc54dba9a00eda2eb1d22db.png,masks/16aa2866ccc54dba9a00eda2eb1d22db.png,data/raw/BrCaWisconsin/Dataset_BUSI_with_GT/normal/normal (89).png,data/raw/BrCaWisconsin/Dataset_BUSI_with_GT/normal/normal (89)_mask.png,512,512,normal,val
fcfc6ed00336473bb46d2f92913606ed.png,8632707296969679040,normal (40),images/fcfc6ed00336473bb46d2f92913606ed.png,masks/fcfc6ed00336473bb46d2f92913606ed.png,data/raw/BrCaWisconsin/Dataset_BUSI_with_GT/normal/normal (40).png,data/raw/BrCaWisconsin/Dataset_BUSI_with_GT/normal/normal (40)_mask.png,512,512,normal,val
dc4033c8d35b412d96c96685a104c466.png,15082764651790498236,normal (87),images/dc4033c8d35b412d96c96685a104c466.png,masks/dc4033c8d35b412d96c96685a104c466.png,data/raw/BrCaWisconsin/Dataset_BUSI_with_GT/normal/normal (87).png,data/raw/BrCaWisconsin/Dataset_BUSI_with_GT/normal/normal (87)_mask.png,512,512,normal,val
16a8c2a176e9405397479957d44b0697.png,14603654654248335157,normal (68),images/16a8c2a176e9405397479957d44b0697.png,masks/16a8c2a176e9405397479957d44b0697.png,data/raw/BrCaWisconsin/Dataset_BUSI_with_GT/normal/normal (68).png,data/raw/BrCaWisconsin/Dataset_BUSI_with_GT/normal/normal (68)_mask.png,512,512,normal,val
a4ad9c1cfe774251a1a52e5313f4b1f6.png,4011487530272375557,normal (124),images/a4ad9c1cfe774251a1a52e5313f4b1f6.png,masks/a4ad9c1cfe774251a1a52e5313f4b1f6.png,data/raw/BrCaWisconsin/Dataset_BUSI_with_GT/normal/normal (124).png,data/raw/BrCaWisconsin/Dataset_BUSI_with_GT/normal/normal (124)_mask.png,512,512,normal,val
aee0b96b5af746f5b00b2204cf081384.png,10068828486788189621,normal (4),images/aee0b96b5af746f5b00b2204cf081384.png,masks/aee0b96b5af746f5b00b2204cf081384.png,data/raw/BrCaWisconsin/Dataset_BUSI_with_GT/normal/normal (4).png,data/raw/BrCaWisconsin/Dataset_BUSI_with_GT/normal/normal (4)_mask.png,512,512,normal,val
b8de7a4f9b7d4217a76b2fe4e13f0364.png,6040639684482091208,normal (75),images/b8de7a4f9b7d4217a76b2fe4e13f0364.png,masks/b8de7a4f9b7d4217a76b2fe4e13f0364.png,data/raw/BrCaWisconsin/Dataset_BUSI_with_GT/normal/normal (75).png,data/raw/BrCaWisconsin/Dataset_BUSI_with_GT/normal/normal (75)_mask.png,512,512,normal,val
e83da81390bf442ab9dc76b37f082c33.png,2137428087156689632,normal (132),images/e83da81390bf442ab9dc76b37f082c33.png,masks/e83da81390bf442ab9dc76b37f082c33.png,data/raw/BrCaWisconsin/Dataset_BUSI_with_GT/normal/normal (132).png,data/raw/BrCaWisconsin/Dataset_BUSI_with_GT/normal/normal (132)_mask.png,512,512,normal,val
d8c56932cc6a49d7b3f35c65cd18c8c9.png,15372079424572381914,normal (29),images/d8c56932cc6a49d7b3f35c65cd18c8c9.png,masks/d8c56932cc6a49d7b3f35c65cd18c8c9.png,data/raw/BrCaWisconsin/Dataset_BUSI_with_GT/normal/normal (29).png,data/raw/BrCaWisconsin/Dataset_BUSI_with_GT/normal/normal (29)_mask.png,512,512,normal,val
c0ba92e0c0c84a63970dac71ee9aae6f.png,11866375831080452741,normal (91),images/c0ba92e0c0c84a63970dac71ee9aae6f.png,masks/c0ba92e0c0c84a63970dac71ee9aae6f.png,data/raw/BrCaWisconsin/Dataset_BUSI_with_GT/normal/normal (91).png,data/raw/BrCaWisconsin/Dataset_BUSI_with_GT/normal/normal (91)_mask.png,512,512,normal,val
f4854200c4d44fb996177dea319b4e29.png,15759972419569871688,normal (112),images/f4854200c4d44fb996177dea319b4e29.png,masks/f4854200c4d44fb996177dea319b4e29.png,data/raw/BrCaWisconsin/Dataset_BUSI_with_GT/normal/normal (112).png,data/raw/BrCaWisconsin/Dataset_BUSI_with_GT/normal/normal (112)_mask.png,512,512,normal,val
672f3458794d44aea4208965ab48a3f0.png,8632707296416022720,normal (59),images/672f3458794d44aea4208965ab48a3f0.png,masks/672f3458794d44aea4208965ab48a3f0.png,data/raw/BrCaWisconsin/Dataset_BUSI_with_GT/normal/normal (59).png,data/raw/BrCaWisconsin/Dataset_BUSI_with_GT/normal/normal (59)_mask.png,512,512,normal,val
05105156241c47f58d918c6a99bbcd84.png,3650918098025722686,normal (90),images/05105156241c47f58d918c6a99bbcd84.png,masks/05105156241c47f58d918c6a99bbcd84.png,data/raw/BrCaWisconsin/Dataset_BUSI_with_GT/normal/normal (90).png,data/raw/BrCaWisconsin/Dataset_BUSI_with_GT/normal/normal (90)_mask.png,512,512,normal,val
836b76d6404b4b8f83636b1357e56569.png,7652523213311290600,normal (23),images/836b76d6404b4b8f83636b1357e56569.png,masks/836b76d6404b4b8f83636b1357e56569.png,data/raw/BrCaWisconsin/Dataset_BUSI_with_GT/normal/normal (23).png,data/raw/BrCaWisconsin/Dataset_BUSI_with_GT/normal/normal (23)_mask.png,512,512,normal,val
61dec6bece3e48579e10244bbe940c00.png,6130056131356308980,normal (48),images/61dec6bece3e48579e10244bbe940c00.png,masks/61dec6bece3e48579e10244bbe940c00.png,data/raw/BrCaWisconsin/Dataset_BUSI_with_GT/normal/normal (48).png,data/raw/BrCaWisconsin/Dataset_BUSI_with_GT/normal/normal (48)_mask.png,512,512,normal,val
620b889aa72f4e7eb339ac3d573875ae.png,14819987745963099364,normal (37),images/620b889aa72f4e7eb339ac3d573875ae.png,masks/620b889aa72f4e7eb339ac3d573875ae.png,data/raw/BrCaWisconsin/Dataset_BUSI_with_GT/normal/normal (37).png,data/raw/BrCaWisconsin/Dataset_BUSI_with_GT/normal/normal (37)_mask.png,512,512,normal,val
15d29bbf59bc4104967bdca26f507c1c.png,3266716002613035619,normal (84),images/15d29bbf59bc4104967bdca26f507c1c.png,masks/15d29bbf59bc4104967bdca26f507c1c.png,data/raw/BrCaWisconsin/Dataset_BUSI_with_GT/normal/normal (84).png,data/raw/BrCaWisconsin/Dataset_BUSI_with_GT/normal/normal (84)_mask.png,512,512,normal,val
cc48363ede7b45ab913f9b56e265808f.png,8491299496689854439,normal (126),images/cc48363ede7b45ab913f9b56e265808f.png,masks/cc48363ede7b45ab913f9b56e265808f.png,data/raw/BrCaWisconsin/Dataset_BUSI_with_GT/normal/normal (126).png,data/raw/BrCaWisconsin/Dataset_BUSI_with_GT/normal/normal (126)_mask.png,512,512,normal,val
f71025fbb78f4d0ca1d2b6c51347894e.png,5304490331084308517,normal (104),images/f71025fbb78f4d0ca1d2b6c51347894e.png,masks/f71025fbb78f4d0ca1d2b6c51347894e.png,data/raw/BrCaWisconsin/Dataset_BUSI_with_GT/normal/normal (104).png,data/raw/BrCaWisconsin/Dataset_BUSI_with_GT/normal/normal (104)_mask.png,512,512,normal,val
3e89abd14c784d3997579324e52652c0.png,8529199539004048143,normal (64),images/3e89abd14c784d3997579324e52652c0.png,masks/3e89abd14c784d3997579324e52652c0.png,data/raw/BrCaWisconsin/Dataset_BUSI_with_GT/normal/normal (64).png,data/raw/BrCaWisconsin/Dataset_BUSI_with_GT/normal/normal (64)_mask.png,512,512,normal,val
5551dc1346af41edaa8aa9cc6d0c9ee7.png,6562537278640924339,normal (16),images/5551dc1346af41edaa8aa9cc6d0c9ee7.png,masks/5551dc1346af41edaa8aa9cc6d0c9ee7.png,data/raw/BrCaWisconsin/Dataset_BUSI_with_GT/normal/normal (16).png,data/raw/BrCaWisconsin/Dataset_BUSI_with_GT/normal/normal (16)_mask.png,512,512,normal,val
5b838e0e9bf64225bcfaeb3e19e4cfdf.png,7303171829688347947,normal (33),images/5b838e0e9bf64225bcfaeb3e19e4cfdf.png,masks/5b838e0e9bf64225bcfaeb3e19e4cfdf.png,data/raw/BrCaWisconsin/Dataset_BUSI_with_GT/normal/normal (33).png,data/raw/BrCaWisconsin/Dataset_BUSI_with_GT/normal/normal (33)_mask.png,512,512,normal,val
515bd161db7d43aeb18079098e43e045.png,13091588799002083973,normal (9),images/515bd161db7d43aeb18079098e43e045.png,masks/515bd161db7d43aeb18079098e43e045.png,data/raw/BrCaWisconsin/Dataset_BUSI_with_GT/normal/normal (9).png,data/raw/BrCaWisconsin/Dataset_BUSI_with_GT/normal/normal (9)_mask.png,512,512,normal,val
0eb7b73b69244fbe95a83afc5e957db5.png,5446353719346348069,normal (107),images/0eb7b73b69244fbe95a83afc5e957db5.png,masks/0eb7b73b69244fbe95a83afc5e957db5.png,data/raw/BrCaWisconsin/Dataset_BUSI_with_GT/normal/normal (107).png,data/raw/BrCaWisconsin/Dataset_BUSI_with_GT/normal/normal (107)_mask.png,512,512,normal,val
d4fb998f2d2d43d2bd28820177173a4c.png,7105156679059914380,normal (128),images/d4fb998f2d2d43d2bd28820177173a4c.png,masks/d4fb998f2d2d43d2bd28820177173a4c.png,data/raw/BrCaWisconsin/Dataset_BUSI_with_GT/normal/normal (128).png,data/raw/BrCaWisconsin/Dataset_BUSI_with_GT/normal/normal (128)_mask.png,512,512,normal,val
43bb8afdada7473b90c1cffeee69218a.png,12118739802960986816,normal (25),images/43bb8afdada7473b90c1cffeee69218a.png,masks/43bb8afdada7473b90c1cffeee69218a.png,data/raw/BrCaWisconsin/Dataset_BUSI_with_GT/normal/normal (25).png,data/raw/BrCaWisconsin/Dataset_BUSI_with_GT/normal/normal (25)_mask.png,512,512,normal,val
180bfdd4d0b745948fabffd97ca9c6cd.png,2975318000295720116,normal (113),images/180bfdd4d0b745948fabffd97ca9c6cd.png,masks/180bfdd4d0b745948fabffd97ca9c6cd.png,data/raw/BrCaWisconsin/Dataset_BUSI_with_GT/normal/normal (113).png,data/raw/BrCaWisconsin/Dataset_BUSI_with_GT/normal/normal (113)_mask.png,512,512,normal,val
56931ce81a02421ea561b29603b69870.png,16740361755254389104,normal (78),images/56931ce81a02421ea561b29603b69870.png,masks/56931ce81a02421ea561b29603b69870.png,data/raw/BrCaWisconsin/Dataset_BUSI_with_GT/normal/normal (78).png,data/raw/BrCaWisconsin/Dataset_BUSI_with_GT/normal/normal (78)_mask.png,512,512,normal,val
826646ee39c447f4b928f97a2d7a78ed.png,5589976027960691075,normal (72),images/826646ee39c447f4b928f97a2d7a78ed.png,masks/826646ee39c447f4b928f97a2d7a78ed.png,data/raw/BrCaWisconsin/Dataset_BUSI_with_GT/normal/normal (72).png,data/raw/BrCaWisconsin/Dataset_BUSI_with_GT/normal/normal (72)_mask.png,512,512,normal,val
3e317ae2f35b4b169dbc6080bdc6a52e.png,14675692457102063381,normal (67),images/3e317ae2f35b4b169dbc6080bdc6a52e.png,masks/3e317ae2f35b4b169dbc6080bdc6a52e.png,data/raw/BrCaWisconsin/Dataset_BUSI_with_GT/normal/normal (67).png,data/raw/BrCaWisconsin/Dataset_BUSI_with_GT/normal/normal (67)_mask.png,512,512,normal,val
cbfd9f30f8094c358583e3fa32aad970.png,12846962843758545868,normal (2),images/cbfd9f30f8094c358583e3fa32aad970.png,masks/cbfd9f30f8094c358583e3fa32aad970.png,data/raw/BrCaWisconsin/Dataset_BUSI_with_GT/normal/normal (2).png,data/raw/BrCaWisconsin/Dataset_BUSI_with_GT/normal/normal (2)_mask.png,512,512,normal,val
4e84fea25ce04d81a7e6f99a387fc3ef.png,11206770335115633507,normal (73),images/4e84fea25ce04d81a7e6f99a387fc3ef.png,masks/4e84fea25ce04d81a7e6f99a387fc3ef.png,data/raw/BrCaWisconsin/Dataset_BUSI_with_GT/normal/normal (73).png,data/raw/BrCaWisconsin/Dataset_BUSI_with_GT/normal/normal (73)_mask.png,512,512,normal,val
1235db7ca3aa4c6f84e4a7e35b0ccfd0.png,8330133578748542092,normal (24),images/1235db7ca3aa4c6f84e4a7e35b0ccfd0.png,masks/1235db7ca3aa4c6f84e4a7e35b0ccfd0.png,data/raw/BrCaWisconsin/Dataset_BUSI_with_GT/normal/normal (24).png,data/raw/BrCaWisconsin/Dataset_BUSI_with_GT/normal/normal (24)_mask.png,512,512,normal,val
921b2c019214467fb1712b0b216b9f89.png,12440866755516598784,normal (129),images/921b2c019214467fb1712b0b216b9f89.png,masks/921b2c019214467fb1712b0b216b9f89.png,data/raw/BrCaWisconsin/Dataset_BUSI_with_GT/normal/normal (129).png,data/raw/BrCaWisconsin/Dataset_BUSI_with_GT/normal/normal (129)_mask.png,512,512,normal,val
6428f345db4141999aef66b4b24b90a0.png,1697475299715371363,normal (32),images/6428f345db4141999aef66b4b24b90a0.png,masks/6428f345db4141999aef66b4b24b90a0.png,data/raw/BrCaWisconsin/Dataset_BUSI_with_GT/normal/normal (32).png,data/raw/BrCaWisconsin/Dataset_BUSI_with_GT/normal/normal (32)_mask.png,512,512,normal,val
4fbd21b5c67f44299507148dd2f7c8d3.png,5249687219586167119,normal (65),images/4fbd21b5c67f44299507148dd2f7c8d3.png,masks/4fbd21b5c67f44299507148dd2f7c8d3.png,data/raw/BrCaWisconsin/Dataset_BUSI_with_GT/normal/normal (65).png,data/raw/BrCaWisconsin/Dataset_BUSI_with_GT/normal/normal (65)_mask.png,512,512,normal,val
53bed48b41514a3382a7e24893ba6081.png,5301671052859569911,normal (118),images/53bed48b41514a3382a7e24893ba6081.png,masks/53bed48b41514a3382a7e24893ba6081.png,data/raw/BrCaWisconsin/Dataset_BUSI_with_GT/normal/normal (118).png,data/raw/BrCaWisconsin/Dataset_BUSI_with_GT/normal/normal (118)_mask.png,512,512,normal,val
90168929e16d469cae6ef28a17194233.png,8419241902651926503,normal (28),images/90168929e16d469cae6ef28a17194233.png,masks/90168929e16d469cae6ef28a17194233.png,data/raw/BrCaWisconsin/Dataset_BUSI_with_GT/normal/normal (28).png,data/raw/BrCaWisconsin/Dataset_BUSI_with_GT/normal/normal (28)_mask.png,512,512,normal,val
bd9a844a7f4f4239b3676b525596635d.png,7578690556911361034,normal (105),images/bd9a844a7f4f4239b3676b525596635d.png,masks/bd9a844a7f4f4239b3676b525596635d.png,data/raw/BrCaWisconsin/Dataset_BUSI_with_GT/normal/normal (105).png,data/raw/BrCaWisconsin/Dataset_BUSI_with_GT/normal/normal (105)_mask.png,512,512,normal,val
9e081d55677d4e609e3fa1e80403137d.png,7216076845410071500,normal (49),images/9e081d55677d4e609e3fa1e80403137d.png,masks/9e081d55677d4e609e3fa1e80403137d.png,data/raw/BrCaWisconsin/Dataset_BUSI_with_GT/normal/normal (49).png,data/raw/BrCaWisconsin/Dataset_BUSI_with_GT/normal/normal (49)_mask.png,512,512,normal,val
65b93a8c6cdd43559c6c7a6327552d94.png,6326865386730741952,normal (46),images/65b93a8c6cdd43559c6c7a6327552d94.png,masks/65b93a8c6cdd43559c6c7a6327552d94.png,data/raw/BrCaWisconsin/Dataset_BUSI_with_GT/normal/normal (46).png,data/raw/BrCaWisconsin/Dataset_BUSI_with_GT/normal/normal (46)_mask.png,512,512,normal,val
8a1096b82799498b9f288d7c4d37c1bd.png,3074522421104556861,normal (101),images/8a1096b82799498b9f288d7c4d37c1bd.png,masks/8a1096b82799498b9f288d7c4d37c1bd.png,data/raw/BrCaWisconsin/Dataset_BUSI_with_GT/normal/normal (101).png,data/raw/BrCaWisconsin/Dataset_BUSI_with_GT/normal/normal (101)_mask.png,512,512,normal,val
93ab8bfb442743bc9e9f825bd28e14b5.png,2870685402703595528,normal (10),images/93ab8bfb442743bc9e9f825bd28e14b5.png,masks/93ab8bfb442743bc9e9f825bd28e14b5.png,data/raw/BrCaWisconsin/Dataset_BUSI_with_GT/normal/normal (10).png,data/raw/BrCaWisconsin/Dataset_BUSI_with_GT/normal/normal (10)_mask.png,512,512,normal,val
3152dd00bcc34682b373a1e5988baac0.png,10028936630651873306,normal (133),images/3152dd00bcc34682b373a1e5988baac0.png,masks/3152dd00bcc34682b373a1e5988baac0.png,data/raw/BrCaWisconsin/Dataset_BUSI_with_GT/normal/normal (133).png,data/raw/BrCaWisconsin/Dataset_BUSI_with_GT/normal/normal (133)_mask.png,512,512,normal,val
d76910c1735d4337b108d881875f349e.png,12011000927573270561,normal (1),images/d76910c1735d4337b108d881875f349e.png,masks/d76910c1735d4337b108d881875f349e.png,data/raw/BrCaWisconsin/Dataset_BUSI_with_GT/normal/normal (1).png,data/raw/BrCaWisconsin/Dataset_BUSI_with_GT/normal/normal (1)_mask.png,512,512,normal,val
94db2fca89334fb587dd11228d069a15.png,12556823960334392405,normal (125),images/94db2fca89334fb587dd11228d069a15.png,masks/94db2fca89334fb587dd11228d069a15.png,data/raw/BrCaWisconsin/Dataset_BUSI_with_GT/normal/normal (125).png,data/raw/BrCaWisconsin/Dataset_BUSI_with_GT/normal/normal (125)_mask.png,512,512,normal,val
ac17d9e2fc094e419d5c98651d0d80b8.png,10906215927667280042,normal (86),images/ac17d9e2fc094e419d5c98651d0d80b8.png,masks/ac17d9e2fc094e419d5c98651d0d80b8.png,data/raw/BrCaWisconsin/Dataset_BUSI_with_GT/normal/normal (86).png,data/raw/BrCaWisconsin/Dataset_BUSI_with_GT/normal/normal (86)_mask.png,512,512,normal,val
544a156df23e412ea807a38f721678be.png,12892620364289306407,normal (115),images/544a156df23e412ea807a38f721678be.png,masks/544a156df23e412ea807a38f721678be.png,data/raw/BrCaWisconsin/Dataset_BUSI_with_GT/normal/normal (115).png,data/raw/BrCaWisconsin/Dataset_BUSI_with_GT/normal/normal (115)_mask.png,512,512,normal,val
d8f3a581421b40539f6ac2385708a12a.png,3932397600441557473,normal (69),images/d8f3a581421b40539f6ac2385708a12a.png,masks/d8f3a581421b40539f6ac2385708a12a.png,data/raw/BrCaWisconsin/Dataset_BUSI_with_GT/normal/normal (69).png,data/raw/BrCaWisconsin/Dataset_BUSI_with_GT/normal/normal (69)_mask.png,512,512,normal,val
8e35a160a19a473f8ef7fb1662a71e9a.png,6147176210889987762,normal (12),images/8e35a160a19a473f8ef7fb1662a71e9a.png,masks/8e35a160a19a473f8ef7fb1662a71e9a.png,data/raw/BrCaWisconsin/Dataset_BUSI_with_GT/normal/normal (12).png,data/raw/BrCaWisconsin/Dataset_BUSI_with_GT/normal/normal (12)_mask.png,512,512,normal,val
eb1d4ca9a2d04d1bb845e371ab9ea4cd.png,2545198108664164623,normal (109),images/eb1d4ca9a2d04d1bb845e371ab9ea4cd.png,masks/eb1d4ca9a2d04d1bb845e371ab9ea4cd.png,data/raw/BrCaWisconsin/Dataset_BUSI_with_GT/normal/normal (109).png,data/raw/BrCaWisconsin/Dataset_BUSI_with_GT/normal/normal (109)_mask.png,512,512,normal,val
025b497a014e403eba97ede7081ebe81.png,2604386429473043148,normal (45),images/025b497a014e403eba97ede7081ebe81.png,masks/025b497a014e403eba97ede7081ebe81.png,data/raw/BrCaWisconsin/Dataset_BUSI_with_GT/normal/normal (45).png,data/raw/BrCaWisconsin/Dataset_BUSI_with_GT/normal/normal (45)_mask.png,512,512,normal,val
a8f501608ade47d8a6da3dc7fbbe3872.png,7320135639646672084,normal (96),images/a8f501608ade47d8a6da3dc7fbbe3872.png,masks/a8f501608ade47d8a6da3dc7fbbe3872.png,data/raw/BrCaWisconsin/Dataset_BUSI_with_GT/normal/normal (96).png,data/raw/BrCaWisconsin/Dataset_BUSI_with_GT/normal/normal (96)_mask.png,512,512,normal,val
b0f9e6deec09409b96aab642a763df69.png,4083263645073978100,normal (53),images/b0f9e6deec09409b96aab642a763df69.png,masks/b0f9e6deec09409b96aab642a763df69.png,data/raw/BrCaWisconsin/Dataset_BUSI_with_GT/normal/normal (53).png,data/raw/BrCaWisconsin/Dataset_BUSI_with_GT/normal/normal (53)_mask.png,512,512,normal,val
371b731ff5c64d8a9a7c6a86814134ac.png,15355854592871147962,normal (82),images/371b731ff5c64d8a9a7c6a86814134ac.png,masks/371b731ff5c64d8a9a7c6a86814134ac.png,data/raw/BrCaWisconsin/Dataset_BUSI_with_GT/normal/normal (82).png,data/raw/BrCaWisconsin/Dataset_BUSI_with_GT/normal/normal (82)_mask.png,512,512,normal,val
7a8f3c73dcf74e92b5363da28fd5ec7f.png,7859446081081748651,normal (120),images/7a8f3c73dcf74e92b5363da28fd5ec7f.png,masks/7a8f3c73dcf74e92b5363da28fd5ec7f.png,data/raw/BrCaWisconsin/Dataset_BUSI_with_GT/normal/normal (120).png,data/raw/BrCaWisconsin/Dataset_BUSI_with_GT/normal/normal (120)_mask.png,512,512,normal,val
52c347f265e145bea74a1e64f68b3bda.png,2733283458239617731,normal (31),images/52c347f265e145bea74a1e64f68b3bda.png,masks/52c347f265e145bea74a1e64f68b3bda.png,data/raw/BrCaWisconsin/Dataset_BUSI_with_GT/normal/normal (31).png,data/raw/BrCaWisconsin/Dataset_BUSI_with_GT/normal/normal (31)_mask.png,512,512,normal,val
773f3cd7c1e54840a122a7f01c702fbc.png,13429089451375166735,normal (114),images/773f3cd7c1e54840a122a7f01c702fbc.png,masks/773f3cd7c1e54840a122a7f01c702fbc.png,data/raw/BrCaWisconsin/Dataset_BUSI_with_GT/normal/normal (114).png,data/raw/BrCaWisconsin/Dataset_BUSI_with_GT/normal/normal (114)_mask.png,512,512,normal,val
e177ace62ab74e18a8b37d6c319f4bfc.png,12019203863345181491,normal (88),images/e177ace62ab74e18a8b37d6c319f4bfc.png,masks/e177ace62ab74e18a8b37d6c319f4bfc.png,data/raw/BrCaWisconsin/Dataset_BUSI_with_GT/normal/normal (88).png,data/raw/BrCaWisconsin/Dataset_BUSI_with_GT/normal/normal (88)_mask.png,512,512,normal,val
6de4b68bead34eb3a86c984cebc50404.png,13099007950184301282,normal (41),images/6de4b68bead34eb3a86c984cebc50404.png,masks/6de4b68bead34eb3a86c984cebc50404.png,data/raw/BrCaWisconsin/Dataset_BUSI_with_GT/normal/normal (41).png,data/raw/BrCaWisconsin/Dataset_BUSI_with_GT/normal/normal (41)_mask.png,512,512,normal,val
5a9810a319a84f68a50f408719a63f02.png,14603654654248335125,normal (55),images/5a9810a319a84f68a50f408719a63f02.png,masks/5a9810a319a84f68a50f408719a63f02.png,data/raw/BrCaWisconsin/Dataset_BUSI_with_GT/normal/normal (55).png,data/raw/BrCaWisconsin/Dataset_BUSI_with_GT/normal/normal (55)_mask.png,512,512,normal,val
6c94bae5d47c499b9f51e7e1a66fde9d.png,17621015670619956324,normal (19),images/6c94bae5d47c499b9f51e7e1a66fde9d.png,masks/6c94bae5d47c499b9f51e7e1a66fde9d.png,data/raw/BrCaWisconsin/Dataset_BUSI_with_GT/normal/normal (19).png,data/raw/BrCaWisconsin/Dataset_BUSI_with_GT/normal/normal (19)_mask.png,512,512,normal,val
a7451e857ce542f7a3b25fa7a5bd56c6.png,12075397682161971782,normal (102),images/a7451e857ce542f7a3b25fa7a5bd56c6.png,masks/a7451e857ce542f7a3b25fa7a5bd56c6.png,data/raw/BrCaWisconsin/Dataset_BUSI_with_GT/normal/normal (102).png,data/raw/BrCaWisconsin/Dataset_BUSI_with_GT/normal/normal (102)_mask.png,512,512,normal,val
9d6ff1cbd2444dd68bd51cab9be4e9b0.png,2604953776936104644,normal (62),images/9d6ff1cbd2444dd68bd51cab9be4e9b0.png,masks/9d6ff1cbd2444dd68bd51cab9be4e9b0.png,data/raw/BrCaWisconsin/Dataset_BUSI_with_GT/normal/normal (62).png,data/raw/BrCaWisconsin/Dataset_BUSI_with_GT/normal/normal (62)_mask.png,512,512,normal,val
2036ef3e26844f1abd23b30e0a0ff9ba.png,3145945378736973426,normal (74),images/2036ef3e26844f1abd23b30e0a0ff9ba.png,masks/2036ef3e26844f1abd23b30e0a0ff9ba.png,data/raw/BrCaWisconsin/Dataset_BUSI_with_GT/normal/normal (74).png,data/raw/BrCaWisconsin/Dataset_BUSI_with_GT/normal/normal (74)_mask.png,512,512,normal,val
2765c6c4db344234a0fb7e4283d3a84b.png,12440726018028341250,normal (35),images/2765c6c4db344234a0fb7e4283d3a84b.png,masks/2765c6c4db344234a0fb7e4283d3a84b.png,data/raw/BrCaWisconsin/Dataset_BUSI_with_GT/normal/normal (35).png,data/raw/BrCaWisconsin/Dataset_BUSI_with_GT/normal/normal (35)_mask.png,512,512,normal,val
ff3716b403c047e9b9f047de513066d4.png,3941400401649787361,normal (60),images/ff3716b403c047e9b9f047de513066d4.png,masks/ff3716b403c047e9b9f047de513066d4.png,data/raw/BrCaWisconsin/Dataset_BUSI_with_GT/normal/normal (60).png,data/raw/BrCaWisconsin/Dataset_BUSI_with_GT/normal/normal (60)_mask.png,512,512,normal,val
87a5acd9c2f94eb9b1e7e84c2d8e9174.png,12370170106051912690,normal (5),images/87a5acd9c2f94eb9b1e7e84c2d8e9174.png,masks/87a5acd9c2f94eb9b1e7e84c2d8e9174.png,data/raw/BrCaWisconsin/Dataset_BUSI_with_GT/normal/normal (5).png,data/raw/BrCaWisconsin/Dataset_BUSI_with_GT/normal/normal (5)_mask.png,512,512,normal,val
92e616a1d5d44ca59972aa7d0b786ec7.png,16900715702219850216,normal (36),images/92e616a1d5d44ca59972aa7d0b786ec7.png,masks/92e616a1d5d44ca59972aa7d0b786ec7.png,data/raw/BrCaWisconsin/Dataset_BUSI_with_GT/normal/normal (36).png,data/raw/BrCaWisconsin/Dataset_BUSI_with_GT/normal/normal (36)_mask.png,512,512,normal,val
186f908ef00947f29d3d1da00429dd73.png,12940633202359916905,normal (85),images/186f908ef00947f29d3d1da00429dd73.png,masks/186f908ef00947f29d3d1da00429dd73.png,data/raw/BrCaWisconsin/Dataset_BUSI_with_GT/normal/normal (85).png,data/raw/BrCaWisconsin/Dataset_BUSI_with_GT/normal/normal (85)_mask.png,512,512,normal,val
ac3a2c46d82d42288c467b61f5bdc6bf.png,1346194537307493747,normal (127),images/ac3a2c46d82d42288c467b61f5bdc6bf.png,masks/ac3a2c46d82d42288c467b61f5bdc6bf.png,data/raw/BrCaWisconsin/Dataset_BUSI_with_GT/normal/normal (127).png,data/raw/BrCaWisconsin/Dataset_BUSI_with_GT/normal/normal (127)_mask.png,512,512,normal,val
09005caab7294ef3b4a6d3c69dbfba69.png,7216072447900431052,normal (42),images/09005caab7294ef3b4a6d3c69dbfba69.png,masks/09005caab7294ef3b4a6d3c69dbfba69.png,data/raw/BrCaWisconsin/Dataset_BUSI_with_GT/normal/normal (42).png,data/raw/BrCaWisconsin/Dataset_BUSI_with_GT/normal/normal (42)_mask.png,512,512,normal,val
4d708a757a4c453ca3fdb2d3e77cc9f2.png,5375514978449496909,normal (15),images/4d708a757a4c453ca3fdb2d3e77cc9f2.png,masks/4d708a757a4c453ca3fdb2d3e77cc9f2.png,data/raw/BrCaWisconsin/Dataset_BUSI_with_GT/normal/normal (15).png,data/raw/BrCaWisconsin/Dataset_BUSI_with_GT/normal/normal (15)_mask.png,512,512,normal,val
a5105e3524474834a5e4e563db3f2cb7.png,3054230928426032469,normal (22),images/a5105e3524474834a5e4e563db3f2cb7.png,masks/a5105e3524474834a5e4e563db3f2cb7.png,data/raw/BrCaWisconsin/Dataset_BUSI_with_GT/normal/normal (22).png,data/raw/BrCaWisconsin/Dataset_BUSI_with_GT/normal/normal (22)_mask.png,512,512,normal,val
dbcbc9acefe84e81bf5df910e378f5af.png,7541599366090017615,normal (79),images/dbcbc9acefe84e81bf5df910e378f5af.png,masks/dbcbc9acefe84e81bf5df910e378f5af.png,data/raw/BrCaWisconsin/Dataset_BUSI_with_GT/normal/normal (79).png,data/raw/BrCaWisconsin/Dataset_BUSI_with_GT/normal/normal (79)_mask.png,512,512,normal,val
586ae2f4ac4646898f12fe79f934be6d.png,5337655412673588970,normal (81),images/586ae2f4ac4646898f12fe79f934be6d.png,masks/586ae2f4ac4646898f12fe79f934be6d.png,data/raw/BrCaWisconsin/Dataset_BUSI_with_GT/normal/normal (81).png,data/raw/BrCaWisconsin/Dataset_BUSI_with_GT/normal/normal (81)_mask.png,512,512,normal,val
0e637814ded84fcfbd2797560c8ab4c4.png,9812333706352841410,normal (122),images/0e637814ded84fcfbd2797560c8ab4c4.png,masks/0e637814ded84fcfbd2797560c8ab4c4.png,data/raw/BrCaWisconsin/Dataset_BUSI_with_GT/normal/normal (122).png,data/raw/BrCaWisconsin/Dataset_BUSI_with_GT/normal/normal (122)_mask.png,512,512,normal,val
d0a502b39bec437eb42597127ef4478d.png,6581366172919917959,normal (6),images/d0a502b39bec437eb42597127ef4478d.png,masks/d0a502b39bec437eb42597127ef4478d.png,data/raw/BrCaWisconsin/Dataset_BUSI_with_GT/normal/normal (6).png,data/raw/BrCaWisconsin/Dataset_BUSI_with_GT/normal/normal (6)_mask.png,512,512,normal,val
dc1ec510854d43e98f7644903c246359.png,15353428172522829300,normal (39),images/dc1ec510854d43e98f7644903c246359.png,masks/dc1ec510854d43e98f7644903c246359.png,data/raw/BrCaWisconsin/Dataset_BUSI_with_GT/normal/normal (39).png,data/raw/BrCaWisconsin/Dataset_BUSI_with_GT/normal/normal (39)_mask.png,512,512,normal,val
a51dc36abd4d41e3bb3a8244616b6af7.png,2002642309349404785,normal (17),images/a51dc36abd4d41e3bb3a8244616b6af7.png,masks/a51dc36abd4d41e3bb3a8244616b6af7.png,data/raw/BrCaWisconsin/Dataset_BUSI_with_GT/normal/normal (17).png,data/raw/BrCaWisconsin/Dataset_BUSI_with_GT/normal/normal (17)_mask.png,512,512,normal,val
224ba2e612374e4b882706c814ecf990.png,3924700524444092303,normal (8),images/224ba2e612374e4b882706c814ecf990.png,masks/224ba2e612374e4b882706c814ecf990.png,data/raw/BrCaWisconsin/Dataset_BUSI_with_GT/normal/normal (8).png,data/raw/BrCaWisconsin/Dataset_BUSI_with_GT/normal/normal (8)_mask.png,512,512,normal,val
86843ca15ba44aa18f82a6e5650058c5.png,6243314766690486539,normal (97),images/86843ca15ba44aa18f82a6e5650058c5.png,masks/86843ca15ba44aa18f82a6e5650058c5.png,data/raw/BrCaWisconsin/Dataset_BUSI_with_GT/normal/normal (97).png,data/raw/BrCaWisconsin/Dataset_BUSI_with_GT/normal/normal (97)_mask.png,512,512,normal,val
84e172b84cc44e30a2a96e98e1cace00.png,15935625494392720872,normal (106),images/84e172b84cc44e30a2a96e98e1cace00.png,masks/84e172b84cc44e30a2a96e98e1cace00.png,data/raw/BrCaWisconsin/Dataset_BUSI_with_GT/normal/normal (106).png,data/raw/BrCaWisconsin/Dataset_BUSI_with_GT/normal/normal (106)_mask.png,512,512,normal,val
0e22daee160c42aba74cfb325fc87114.png,12368488299508188064,normal (119),images/0e22daee160c42aba74cfb325fc87114.png,masks/0e22daee160c42aba74cfb325fc87114.png,data/raw/BrCaWisconsin/Dataset_BUSI_with_GT/normal/normal (119).png,data/raw/BrCaWisconsin/Dataset_BUSI_with_GT/normal/normal (119)_mask.png,512,512,normal,val
8a061befe18c4d54af185aa332480f16.png,6506251974288655292,normal (7),images/8a061befe18c4d54af185aa332480f16.png,masks/8a061befe18c4d54af185aa332480f16.png,data/raw/BrCaWisconsin/Dataset_BUSI_with_GT/normal/normal (7).png,data/raw/BrCaWisconsin/Dataset_BUSI_with_GT/normal/normal (7)_mask.png,512,512,normal,val
ed1ce237e9114985a3a7faed47fe7cf7.png,3795033251239081654,normal (38),images/ed1ce237e9114985a3a7faed47fe7cf7.png,masks/ed1ce237e9114985a3a7faed47fe7cf7.png,data/raw/BrCaWisconsin/Dataset_BUSI_with_GT/normal/normal (38).png,data/raw/BrCaWisconsin/Dataset_BUSI_with_GT/normal/normal (38)_mask.png,512,512,normal,val
e869ae03b93a43889432dd02e7ca631e.png,14615005191918377369,normal (3),images/e869ae03b93a43889432dd02e7ca631e.png,masks/e869ae03b93a43889432dd02e7ca631e.png,data/raw/BrCaWisconsin/Dataset_BUSI_with_GT/normal/normal (3).png,data/raw/BrCaWisconsin/Dataset_BUSI_with_GT/normal/normal (3)_mask.png,512,512,normal,val
305b3a9d9a694141834097c6e6652024.png,15300021830534322907,normal (123),images/305b3a9d9a694141834097c6e6652024.png,masks/305b3a9d9a694141834097c6e6652024.png,data/raw/BrCaWisconsin/Dataset_BUSI_with_GT/normal/normal (123).png,data/raw/BrCaWisconsin/Dataset_BUSI_with_GT/normal/normal (123)_mask.png,512,512,normal,val
7f24e0ade19347a08e304d851e62afaf.png,6752823583682654304,normal (66),images/7f24e0ade19347a08e304d851e62afaf.png,masks/7f24e0ade19347a08e304d851e62afaf.png,data/raw/BrCaWisconsin/Dataset_BUSI_with_GT/normal/normal (66).png,data/raw/BrCaWisconsin/Dataset_BUSI_with_GT/normal/normal (66)_mask.png,512,512,normal,val
2a29e1dae4ae4f12a8f4bd48f0c0a9f1.png,6589507992308639334,normal (80),images/2a29e1dae4ae4f12a8f4bd48f0c0a9f1.png,masks/2a29e1dae4ae4f12a8f4bd48f0c0a9f1.png,data/raw/BrCaWisconsin/Dataset_BUSI_with_GT/normal/normal (80).png,data/raw/BrCaWisconsin/Dataset_BUSI_with_GT/normal/normal (80)_mask.png,512,512,normal,val
78ffca3d741541678692fe4faf3d7a1c.png,6162852197554588982,normal (14),images/78ffca3d741541678692fe4faf3d7a1c.png,masks/78ffca3d741541678692fe4faf3d7a1c.png,data/raw/BrCaWisconsin/Dataset_BUSI_with_GT/normal/normal (14).png,data/raw/BrCaWisconsin/Dataset_BUSI_with_GT/normal/normal (14)_mask.png,512,512,normal,val
4a74decfd19f4d97aa5990725a05d37f.png,13099016746277323490,normal (47),images/4a74decfd19f4d97aa5990725a05d37f.png,masks/4a74decfd19f4d97aa5990725a05d37f.png,data/raw/BrCaWisconsin/Dataset_BUSI_with_GT/normal/normal (47).png,data/raw/BrCaWisconsin/Dataset_BUSI_with_GT/normal/normal (47)_mask.png,512,512,normal,val
d252d84a84374411bee5b2de3145ef85.png,4371493994949031606,normal (43),images/d252d84a84374411bee5b2de3145ef85.png,masks/d252d84a84374411bee5b2de3145ef85.png,data/raw/BrCaWisconsin/Dataset_BUSI_with_GT/normal/normal (43).png,data/raw/BrCaWisconsin/Dataset_BUSI_with_GT/normal/normal (43)_mask.png,512,512,normal,val
f844f2b509da4b6d85f7d7e5ac4e5230.png,5309097621255910489,normal (100),images/f844f2b509da4b6d85f7d7e5ac4e5230.png,masks/f844f2b509da4b6d85f7d7e5ac4e5230.png,data/raw/BrCaWisconsin/Dataset_BUSI_with_GT/normal/normal (100).png,data/raw/BrCaWisconsin/Dataset_BUSI_with_GT/normal/normal (100)_mask.png,512,512,normal,val
4e9e1f207e1749b094829ba8a7e1545a.png,2099304617894013417,normal (34),images/4e9e1f207e1749b094829ba8a7e1545a.png,masks/4e9e1f207e1749b094829ba8a7e1545a.png,data/raw/BrCaWisconsin/Dataset_BUSI_with_GT/normal/normal (34).png,data/raw/BrCaWisconsin/Dataset_BUSI_with_GT/normal/normal (34)_mask.png,512,512,normal,val
8f18f5a7d711451ca91f6c8f7a44ca5b.png,6028960203957173269,normal (11),images/8f18f5a7d711451ca91f6c8f7a44ca5b.png,masks/8f18f5a7d711451ca91f6c8f7a44ca5b.png,data/raw/BrCaWisconsin/Dataset_BUSI_with_GT/normal/normal (11).png,data/raw/BrCaWisconsin/Dataset_BUSI_with_GT/normal/normal (11)_mask.png,512,512,normal,val
68cca84476f04fa59930da5b737fc4f3.png,6074736642575434511,normal (63),images/68cca84476f04fa59930da5b737fc4f3.png,masks/68cca84476f04fa59930da5b737fc4f3.png,data/raw/BrCaWisconsin/Dataset_BUSI_with_GT/normal/normal (63).png,data/raw/BrCaWisconsin/Dataset_BUSI_with_GT/normal/normal (63)_mask.png,512,512,normal,val
b9fb469d9a114876857125a72b8f5eaf.png,7756980517036214818,normal (83),images/b9fb469d9a114876857125a72b8f5eaf.png,masks/b9fb469d9a114876857125a72b8f5eaf.png,data/raw/BrCaWisconsin/Dataset_BUSI_with_GT/normal/normal (83).png,data/raw/BrCaWisconsin/Dataset_BUSI_with_GT/normal/normal (83)_mask.png,512,512,normal,val
dfa3f523a8be4023980e9d1406202c0c.png,6578163418155557220,normal (103),images/dfa3f523a8be4023980e9d1406202c0c.png,masks/dfa3f523a8be4023980e9d1406202c0c.png,data/raw/BrCaWisconsin/Dataset_BUSI_with_GT/normal/normal (103).png,data/raw/BrCaWisconsin/Dataset_BUSI_with_GT/normal/normal (103)_mask.png,512,512,normal,val
1eb4c7aa9b0a43a689c92068c20d5b37.png,2724280691256908482,normal (121),images/1eb4c7aa9b0a43a689c92068c20d5b37.png,masks/1eb4c7aa9b0a43a689c92068c20d5b37.png,data/raw/BrCaWisconsin/Dataset_BUSI_with_GT/normal/normal (121).png,data/raw/BrCaWisconsin/Dataset_BUSI_with_GT/normal/normal (121)_mask.png,512,512,normal,val
056f8cebf50f447b88de443eeb861353.png,10996282418192267535,normal (18),images/056f8cebf50f447b88de443eeb861353.png,masks/056f8cebf50f447b88de443eeb861353.png,data/raw/BrCaWisconsin/Dataset_BUSI_with_GT/normal/normal (18).png,data/raw/BrCaWisconsin/Dataset_BUSI_with_GT/normal/normal (18)_mask.png,512,512,normal,val
0670c5ff665b4272bfaaed8051471f77.png,12368470707190022948,normal (30),images/0670c5ff665b4272bfaaed8051471f77.png,masks/0670c5ff665b4272bfaaed8051471f77.png,data/raw/BrCaWisconsin/Dataset_BUSI_with_GT/normal/normal (30).png,data/raw/BrCaWisconsin/Dataset_BUSI_with_GT/normal/normal (30)_mask.png,512,512,normal,val
f920f8acc0254489b818d60dbe7c3cb5.png,10474124308330937400,normal (76),images/f920f8acc0254489b818d60dbe7c3cb5.png,masks/f920f8acc0254489b818d60dbe7c3cb5.png,data/raw/BrCaWisconsin/Dataset_BUSI_with_GT/normal/normal (76).png,data/raw/BrCaWisconsin/Dataset_BUSI_with_GT/normal/normal (76)_mask.png,512,512,normal,val
920537965b754a169c5c47c38d8b0d57.png,5384803947760741857,normal (99),images/920537965b754a169c5c47c38d8b0d57.png,masks/920537965b754a169c5c47c38d8b0d57.png,data/raw/BrCaWisconsin/Dataset_BUSI_with_GT/normal/normal (99).png,data/raw/BrCaWisconsin/Dataset_BUSI_with_GT/normal/normal (99)_mask.png,512,512,normal,val
66c597836a134523b159d0d2b43ed751.png,6223355430278726415,normal (21),images/66c597836a134523b159d0d2b43ed751.png,masks/66c597836a134523b159d0d2b43ed751.png,data/raw/BrCaWisconsin/Dataset_BUSI_with_GT/normal/normal (21).png,data/raw/BrCaWisconsin/Dataset_BUSI_with_GT/normal/normal (21)_mask.png,512,512,normal,val
7b22332a2d4d4f6388f6c0d8e99aab1e.png,6526685781718197106,normal (77),images/7b22332a2d4d4f6388f6c0d8e99aab1e.png,masks/7b22332a2d4d4f6388f6c0d8e99aab1e.png,data/raw/BrCaWisconsin/Dataset_BUSI_with_GT/normal/normal (77).png,data/raw/BrCaWisconsin/Dataset_BUSI_with_GT/normal/normal (77)_mask.png,512,512,normal,val
38866ffb4aef428fbeeee2be687100ff.png,15353428167690991092,normal (56),images/38866ffb4aef428fbeeee2be687100ff.png,masks/38866ffb4aef428fbeeee2be687100ff.png,data/raw/BrCaWisconsin/Dataset_BUSI_with_GT/normal/normal (56).png,data/raw/BrCaWisconsin/Dataset_BUSI_with_GT/normal/normal (56)_mask.png,512,512,normal,val
b105b40256c542869b1a2d766fe397c5.png,10858655504816379096,normal (116),images/b105b40256c542869b1a2d766fe397c5.png,masks/b105b40256c542869b1a2d766fe397c5.png,data/raw/BrCaWisconsin/Dataset_BUSI_with_GT/normal/normal (116).png,data/raw/BrCaWisconsin/Dataset_BUSI_with_GT/normal/normal (116)_mask.png,512,512,normal,val
67e49777f7e64bd58c367a0b3c3b0109.png,10545977139442149046,normal (95),images/67e49777f7e64bd58c367a0b3c3b0109.png,masks/67e49777f7e64bd58c367a0b3c3b0109.png,data/raw/BrCaWisconsin/Dataset_BUSI_with_GT/normal/normal (95).png,data/raw/BrCaWisconsin/Dataset_BUSI_with_GT/normal/normal (95)_mask.png,512,512,normal,val
8987ef997419492a9636a17fa83618b0.png,16793243043964005590,normal (111),images/8987ef997419492a9636a17fa83618b0.png,masks/8987ef997419492a9636a17fa83618b0.png,data/raw/BrCaWisconsin/Dataset_BUSI_with_GT/normal/normal (111).png,data/raw/BrCaWisconsin/Dataset_BUSI_with_GT/normal/normal (111)_mask.png,512,512,normal,val
82b49293d2fa426aa51285a62f54d9ac.png,15452881686296224711,normal (92),images/82b49293d2fa426aa51285a62f54d9ac.png,masks/82b49293d2fa426aa51285a62f54d9ac.png,data/raw/BrCaWisconsin/Dataset_BUSI_with_GT/normal/normal (92).png,data/raw/BrCaWisconsin/Dataset_BUSI_with_GT/normal/normal (92)_mask.png,512,512,normal,val
2c70dd4e00b24fff925bff59c06e33df.png,7687269258810505705,normal (130),images/2c70dd4e00b24fff925bff59c06e33df.png,masks/2c70dd4e00b24fff925bff59c06e33df.png,data/raw/BrCaWisconsin/Dataset_BUSI_with_GT/normal/normal (130).png,data/raw/BrCaWisconsin/Dataset_BUSI_with_GT/normal/normal (130)_mask.png,512,512,normal,val
86074761176a43e7b1dbab028740e06f.png,3864839036873123382,normal (50),images/86074761176a43e7b1dbab028740e06f.png,masks/86074761176a43e7b1dbab028740e06f.png,data/raw/BrCaWisconsin/Dataset_BUSI_with_GT/normal/normal (50).png,data/raw/BrCaWisconsin/Dataset_BUSI_with_GT/normal/normal (50)_mask.png,512,512,normal,val
cf1de67f7ce542c99a137dd6cd5486d2.png,9991968652992427317,normal (57),images/cf1de67f7ce542c99a137dd6cd5486d2.png,masks/cf1de67f7ce542c99a137dd6cd5486d2.png,data/raw/BrCaWisconsin/Dataset_BUSI_with_GT/normal/normal (57).png,data/raw/BrCaWisconsin/Dataset_BUSI_with_GT/normal/normal (57)_mask.png,512,512,normal,val
fdbcd25d8f7d45e3aebe2d14fcc65209.png,10760267530064455021,normal (71),images/fdbcd25d8f7d45e3aebe2d14fcc65209.png,masks/fdbcd25d8f7d45e3aebe2d14fcc65209.png,data/raw/BrCaWisconsin/Dataset_BUSI_with_GT/normal/normal (71).png,data/raw/BrCaWisconsin/Dataset_BUSI_with_GT/normal/normal (71)_mask.png,512,512,normal,val
6e0a945ea1744037a674fb87a3e68bec.png,8594298999464039572,normal (94),images/6e0a945ea1744037a674fb87a3e68bec.png,masks/6e0a945ea1744037a674fb87a3e68bec.png,data/raw/BrCaWisconsin/Dataset_BUSI_with_GT/normal/normal (94).png,data/raw/BrCaWisconsin/Dataset_BUSI_with_GT/normal/normal (94)_mask.png,512,512,normal,val
a4bea6951a0a4a9ca551711e9ddb16dd.png,3939429936226059013,normal (27),images/a4bea6951a0a4a9ca551711e9ddb16dd.png,masks/a4bea6951a0a4a9ca551711e9ddb16dd.png,data/raw/BrCaWisconsin/Dataset_BUSI_with_GT/normal/normal (27).png,data/raw/BrCaWisconsin/Dataset_BUSI_with_GT/normal/normal (27)_mask.png,512,512,normal,val
dc2ad509363246b9ae427b5296cd0714.png,2982568947195483833,normal (117),images/dc2ad509363246b9ae427b5296cd0714.png,masks/dc2ad509363246b9ae427b5296cd0714.png,data/raw/BrCaWisconsin/Dataset_BUSI_with_GT/normal/normal (117).png,data/raw/BrCaWisconsin/Dataset_BUSI_with_GT/normal/normal (117)_mask.png,512,512,normal,val
32cbb370b17e465eb09b529185a089cb.png,2146452466279566056,normal (20),images/32cbb370b17e465eb09b529185a089cb.png,masks/32cbb370b17e465eb09b529185a089cb.png,data/raw/BrCaWisconsin/Dataset_BUSI_with_GT/normal/normal (20).png,data/raw/BrCaWisconsin/Dataset_BUSI_with_GT/normal/normal (20)_mask.png,512,512,normal,val
180212013b964b279fa2b738ce0dd2e3.png,6243314766153615627,normal (98),images/180212013b964b279fa2b738ce0dd2e3.png,masks/180212013b964b279fa2b738ce0dd2e3.png,data/raw/BrCaWisconsin/Dataset_BUSI_with_GT/normal/normal (98).png,data/raw/BrCaWisconsin/Dataset_BUSI_with_GT/normal/normal (98)_mask.png,512,512,normal,val
60d0ec1551c24cd49d528a5a73990034.png,10822698933643028675,normal (93),images/60d0ec1551c24cd49d528a5a73990034.png,masks/60d0ec1551c24cd49d528a5a73990034.png,data/raw/BrCaWisconsin/Dataset_BUSI_with_GT/normal/normal (93).png,data/raw/BrCaWisconsin/Dataset_BUSI_with_GT/normal/normal (93)_mask.png,512,512,normal,val
b782937808734cc9b6f1d7196ca5f0a7.png,6092955462766351059,normal (70),images/b782937808734cc9b6f1d7196ca5f0a7.png,masks/b782937808734cc9b6f1d7196ca5f0a7.png,data/raw/BrCaWisconsin/Dataset_BUSI_with_GT/normal/normal (70).png,data/raw/BrCaWisconsin/Dataset_BUSI_with_GT/normal/normal (70)_mask.png,512,512,normal,val
5ce4694b259f425aa04e6b4266f96eca.png,6463697676962099315,normal (110),images/5ce4694b259f425aa04e6b4266f96eca.png,masks/5ce4694b259f425aa04e6b4266f96eca.png,data/raw/BrCaWisconsin/Dataset_BUSI_with_GT/normal/normal (110).png,data/raw/BrCaWisconsin/Dataset_BUSI_with_GT/normal/normal (110)_mask.png,512,512,normal,val
dd59ebce668e4d18a69e58f8210f9e14.png,17629943705037464676,normal (131),images/dd59ebce668e4d18a69e58f8210f9e14.png,masks/dd59ebce668e4d18a69e58f8210f9e14.png,data/raw/BrCaWisconsin/Dataset_BUSI_with_GT/normal/normal (131).png,data/raw/BrCaWisconsin/Dataset_BUSI_with_GT/normal/normal (131)_mask.png,512,512,normal,val
eb9473c1097b40908155505c4b000cce.png,14309503709895036486,normal (51),images/eb9473c1097b40908155505c4b000cce.png,masks/eb9473c1097b40908155505c4b000cce.png,data/raw/BrCaWisconsin/Dataset_BUSI_with_GT/normal/normal (51).png,data/raw/BrCaWisconsin/Dataset_BUSI_with_GT/normal/normal (51)_mask.png,512,512,normal,val
1e8189dd20a344e3a1270a48c7edfa22.png,7687269258542070249,normal (26),images/1e8189dd20a344e3a1270a48c7edfa22.png,masks/1e8189dd20a344e3a1270a48c7edfa22.png,data/raw/BrCaWisconsin/Dataset_BUSI_with_GT/normal/normal (26).png,data/raw/BrCaWisconsin/Dataset_BUSI_with_GT/normal/normal (26)_mask.png,512,512,normal,val
